group,idx,season_year,position,rank,gsis_id,fn_player_id,player_name,player_team,total_pts,started_weeks,owner_name,owner_logo,member_id
2013,1,2013,DEF,1,DEF-0001,19,Arizona Cardinals,ARI,154,14,LFTLR,,54850
2013,2,2013,DEF,2,DEF-0007,6,Cincinnati Bengals,CIN,132,12,Richie,,108581
2013,3,2013,K,1,00-0023853,76,Matt Prater,ARI,158,15,Ronnie,,54773
2013,4,2013,K,2,00-0024333,,Stephen Gostkowski,FA,155,14,GaTTa,,54855
2013,5,2013,QB,1,00-0010346,,Peyton Manning,FA,383.34,15,Ronnie,,54773
2013,6,2013,QB,2,00-0020531,,Drew Brees,FA,319.64,15,LFTLR,,54850
2013,7,2013,RB,1,00-0026184,,Matt Forte,FA,299.6,15,LFTLR,,54850
2013,8,2013,RB,2,00-0026213,,Jamaal Charles,FA,263.3,12,Team JoeBa,,54846
2013,9,2013,TE,1,00-0027696,,Jimmy Graham,FA,242.9,13,Chris & Dom,,108592
2013,10,2013,TE,2,00-0024221,,Vernon Davis,FA,199.5,14,LFTLR,,54850
2013,11,2013,WR,1,00-0025389,,Calvin Johnson,FA,295,14,Chris & Dom,,108592
2013,12,2013,WR,2,00-0027874,,Demaryius Thomas,FA,289.7,15,Ronnie,,54773
2014,1,2014,DEF,1,DEF-0013,32,Houston Texans,HOU,150,14,Nolan & Vinny,,108584
2014,2,2014,DEF,2,DEF-0004,1,Buffalo Bills,BUF,107,10,LFTLR,,54850
2014,3,2014,K,1,00-0024333,,Stephen Gostkowski,FA,149,14,Ronnie,,54773
2014,4,2014,K,2,00-0028660,,Dan Bailey,FA,135,15,Cambrias,,54774
2014,5,2014,QB,1,00-0010346,,Peyton Manning,FA,301.54,14,Ronnie,,54773
2014,6,2014,QB,2,00-0029668,,Andrew Luck,FA,297.74,12,Richie,,108581
2014,7,2014,RB,1,00-0026184,,Matt Forte,FA,331.2,15,GaTTa,,54855
2014,8,2014,RB,2,00-0028009,,DeMarco Murray,FA,330,15,Cambrias,,54774
2014,9,2014,TE,1,00-0027656,,Rob Gronkowski,FA,266.4,15,GaTTa,,54855
2014,10,2014,TE,2,00-0027696,,Jimmy Graham,FA,218.5,14,GaTTa,,54855
2014,11,2014,WR,1,00-0027793,,Antonio Brown,FA,293.9,12,Richie,,108581
2014,12,2014,WR,2,00-0026176,,Jordy Nelson,FA,278.7,14,Nolan & Vinny,,108584
2015,1,2015,DEF,1,DEF-0010,11,Denver Broncos,DEN,135,13,Rob & GregBo,,108590
2015,2,2015,DEF,2,DEF-0029,15,Seattle Seahawks,SEA,111,12,Antdell & Ernie,,54762
2015,3,2015,K,1,00-0024333,,Stephen Gostkowski,FA,130,13,GaTTa,,54855
2015,4,2015,K,2,00-0029822,542,Brandon McManus,GB,122,14,Rob & GregBo,,108590
2015,5,2015,QB,1,00-0019596,36,Tom Brady,FA,321.4,14,Chris & Dom,,108592
2015,6,2015,QB,2,00-0021429,,Carson Palmer,FA,234.88,12,Richie,,108581
2015,7,2015,RB,1,00-0031285,,Devonta Freeman,FA,270.2,11,Cambrias,,54774
2015,8,2015,RB,2,00-0025394,,Adrian Peterson,FA,246.9,15,Team JoeBa,,54846
2015,9,2015,TE,1,00-0027656,,Rob Gronkowski,FA,233.1,13,Chris & Dom,,108592
2015,10,2015,TE,2,00-0025418,,Greg Olsen,FA,215.6,14,Cambrias,,54774
2015,11,2015,WR,1,00-0027944,,Julio Jones,FA,345.2,15,Richie,,108581
2015,12,2015,WR,2,00-0027793,,Antonio Brown,FA,339.5,14,LFTLR,,54850
2016,1,2016,DEF,1,DEF-0010,11,Denver Broncos,DEN,122,11,Frank & Julian,,108588
2016,2,2016,DEF,2,DEF-0029,15,Seattle Seahawks,SEA,110,14,Chris & Dom,,108592
2016,3,2016,K,1,00-0029597,301,Justin Tucker,BAL,131,12,Frank & Julian,,108588
2016,4,2016,K,1,00-0020578,,Matt Bryant,FA,131,12,GaTTa,,54855
2016,5,2016,K,1,00-0028660,,Dan Bailey,FA,131,14,Chris & Dom,,108592
2016,6,2016,QB,1,00-0023459,52,Aaron Rodgers,PIT,275.42,12,GaTTa,,54855
2016,7,2016,QB,2,00-0020531,,Drew Brees,FA,262.42,12,Rob & GregBo,,108590
2016,8,2016,RB,1,00-0032187,,David Johnson,FA,383.3,14,Chris & Dom,,108592
2016,9,2016,RB,2,00-0030496,,Le'Veon Bell,FA,317.4,12,Pung & Tralie,,108587
2016,10,2016,TE,1,00-0030506,341,Travis Kelce,KC,188.2,14,Antdell & Ernie,,54762
2016,11,2016,TE,2,00-0025418,,Greg Olsen,FA,163,12,Nolan & Vinny,,108584
2016,12,2016,WR,1,00-0027793,,Antonio Brown,FA,281.7,14,Antdell & Ernie,,54762
2016,13,2016,WR,2,00-0031408,447,Mike Evans,TB,278.4,14,Cambrias,,54774
2017,1,2017,DEF,1,DEF-0026,18,Philadelphia Eagles,PHI,133,13,Richie,,108581
2017,2,2017,DEF,2,DEF-0015,9,Jacksonville Jaguars,JAX,121,10,Frank & Julian,,108588
2017,3,2017,K,1,00-0024333,,Stephen Gostkowski,FA,166,15,Chris & Dom,,108592
2017,4,2017,K,2,00-0031136,539,Chris Boswell,PIT,145,14,Phil Baldino,,108589
2017,5,2017,QB,1,00-0029263,231,Russell Wilson,PIT,279.34,13,Antdell & Ernie,,54762
2017,6,2017,QB,2,00-0019596,36,Tom Brady,FA,239.68,12,LFTLR,,54850
2017,7,2017,RB,1,00-0032241,,Todd Gurley,FA,385.3,15,Phil Baldino,,108589
2017,8,2017,RB,2,00-0030496,,Le'Veon Bell,FA,302.1,14,Cambrias,,54774
2017,9,2017,TE,1,00-0027656,,Rob Gronkowski,FA,227.4,13,Cambrias,,54774
2017,10,2017,TE,2,00-0030506,341,Travis Kelce,KC,193.8,12,Nolan & Vinny,,108584
2017,11,2017,WR,1,00-0030564,338,DeAndre Hopkins,TEN,309.8,15,Richie,,108581
2017,12,2017,WR,2,00-0027793,,Antonio Brown,FA,273.6,12,Pung & Tralie,,108587
2018,1,2018,DEF,1,DEF-0006,21,Chicago Bears,CHI,147,12,Antdell & Ernie,,54762
2018,2,2018,DEF,2,DEF-0013,32,Houston Texans,HOU,100,11,Ronnie,,54773
2018,3,2018,K,1,00-0032569,907,Wil Lutz,DEN,149,15,Cambrias,,54774
2018,4,2018,K,2,00-0029597,301,Justin Tucker,BAL,145,15,Nolan & Vinny,,108584
2018,5,2018,QB,1,00-0020531,,Drew Brees,FA,304.98,15,Cambrias,,54774
2018,6,2018,QB,2,00-0023459,52,Aaron Rodgers,PIT,291.3,14,Frank & Julian,,108588
2018,7,2018,RB,1,00-0032241,,Todd Gurley,FA,363.3,13,Frank & Julian,,108588
2018,8,2018,RB,2,00-0034844,1216,Saquon Barkley,PHI,361.6,15,Cambrias,,54774
2018,9,2018,TE,1,00-0030061,342,Zach Ertz,WAS,275.8,15,Nolan & Vinny,,108584
2018,10,2018,TE,2,00-0030506,341,Travis Kelce,KC,273,14,Rob & GregBo,,108590
2018,11,2018,WR,1,00-0027793,,Antonio Brown,FA,323.7,15,Nolan & Vinny,,108584
2018,12,2018,WR,2,00-0031381,451,Davante Adams,LV,308.5,14,Phil Baldino,,108589
2019,1,2019,DEF,1,DEF-0022,4,New England Patriots,NE,205,12,Ronnie,,54773
2019,2,2019,DEF,2,DEF-0028,30,San Francisco 49ers,SF,130,12,Richie,,108581
2019,3,2019,K,1,00-0033303,1126,Harrison Butker,KC,158,15,Ronnie,,54773
2019,4,2019,K,2,00-0032569,907,Wil Lutz,DEN,148,14,Team JoeBa,,54846
2019,5,2019,QB,1,00-0034796,1209,Lamar Jackson,BAL,333.7,12,Cambrias,,54774
2019,6,2019,QB,2,00-0033077,725,Dak Prescott,DAL,290.7,14,Richie,,108581
2019,7,2019,RB,1,00-0033280,954,Christian McCaffrey,SF,423.9,14,Richie,,108581
2019,8,2019,RB,2,00-0033893,952,Dalvin Cook,BAL,269.6,12,Rob & GregBo,,108590
2019,9,2019,TE,1,00-0030506,341,Travis Kelce,KC,227.5,14,Phil Baldino,,108589
2019,10,2019,TE,2,00-0034753,1268,Mark Andrews,BAL,207.2,15,Chris & Dom,,108592
2019,11,2019,WR,1,00-0033921,977,Chris Godwin,TB,276.1,14,Antdell & Ernie,,54762
2019,12,2019,WR,2,00-0032765,,Michael Thomas,FA,274.1,12,LFTLR,,54850
2020,1,2020,DEF,1,DEF-0027,10,Pittsburgh Steelers,PIT,127,12,Chris & Dom,,108592
2020,2,2020,DEF,2,DEF-0003,31,Baltimore Ravens,BAL,122,13,Pung & Tralie,,108587
2020,3,2020,K,1,00-0033702,1147,Younghoe Koo,ATL,153,13,Pung & Tralie,,108587
2020,4,2020,K,2,00-0035849,,Rodrigo Blankenship,FA,128,14,Ronnie,,54773
2020,5,2020,QB,1,00-0034857,1205,Josh Allen,BUF,376.8,15,Frank & Julian,,108588
2020,6,2020,QB,2,00-0035228,1517,Kyler Murray,ARI,359.58,14,Phil Baldino,,108589
2020,7,2020,RB,1,00-0033906,956,Alvin Kamara,NO,321.6,14,Nolan & Vinny,,108584
2020,8,2020,RB,2,00-0033893,952,Dalvin Cook,BAL,318.8,13,Ronnie,,54773
2020,9,2020,TE,1,00-0030506,341,Travis Kelce,KC,289.96,14,Phil Baldino,,108589
2020,10,2020,TE,2,00-0031610,637,Darren Waller,MIA,191.2,12,Chris & Dom,,108592
2020,11,2020,WR,1,00-0033040,848,Tyreek Hill,MIA,328.9,15,Frank & Julian,,108588
2020,12,2020,WR,2,00-0031381,451,Davante Adams,LV,317.3,12,Pung & Tralie,,108587
2021,1,2021,DEF,1,DEF-0004,1,Buffalo Bills,BUF,129,15,Ronnie,,54773
2021,2,2021,DEF,2,DEF-0022,4,New England Patriots,NE,117,9,Cambrias,,54774
2021,3,2021,K,1,00-0029597,301,Justin Tucker,BAL,130,13,Frank & Julian,,108588
2021,4,2021,K,2,00-0036162,2088,Tyler Bass,BUF,126,15,Ronnie,,54773
2021,5,2021,QB,1,00-0034857,1205,Josh Allen,BUF,357.92,15,Rob & GregBo,,108590
2021,6,2021,QB,2,00-0019596,36,Tom Brady,FA,349.7,16,Phil Baldino,,108589
2021,7,2021,RB,1,00-0036223,1907,Jonathan Taylor,IND,337.6,15,Ronnie,,54773
2021,8,2021,RB,2,00-0033699,1148,Austin Ekeler,WAS,294.7,14,Phil Baldino,,108589
2021,9,2021,TE,1,00-0034753,1268,Mark Andrews,BAL,207.6,13,Nolan & Vinny,,108584
2021,10,2021,TE,2,00-0030506,341,Travis Kelce,KC,194.9,13,Antdell & Ernie,,54762
2021,11,2021,WR,1,00-0033908,978,Cooper Kupp,LAR,378.2,15,Rob & GregBo,,108590
2021,12,2021,WR,2,00-0036322,1941,Justin Jefferson,MIN,296.5,15,John Juliano,,108582
2022,1,2022,DEF,1,DEF-0009,16,Dallas Cowboys,DAL,144,13,Nolan & Vinny,,108584
2022,2,2022,DEF,2,DEF-0026,18,Philadelphia Eagles,PHI,138,15,Rob & GregBo,,108590
2022,3,2022,K,1,00-0034161,1313,Daniel Carlson,LV,153,16,Mike Long,,54776
2022,4,2022,K,2,00-0036162,2088,Tyler Bass,BUF,132,15,Cambrias,,54774
2022,5,2022,QB,1,00-0033873,945,Patrick Mahomes,KC,376.9,15,Rob & GregBo,,108590
2022,6,2022,QB,2,00-0036389,1888,Jalen Hurts,PHI,334.88,13,John Juliano,,108582
2022,7,2022,RB,1,00-0033699,1148,Austin Ekeler,WAS,348.7,15,Nolan & Vinny,,108584
2022,8,2022,RB,2,00-0033280,954,Christian McCaffrey,SF,313.66,15,Cambrias,,54774
2022,9,2022,TE,1,00-0030506,341,Travis Kelce,KC,286,15,Cambrias,,54774
2022,10,2022,TE,2,00-0035229,1591,T.J. Hockenson,MIN,199.9,15,Nolan & Vinny,,108584
2022,11,2022,WR,1,00-0036322,1941,Justin Jefferson,MIN,358.36,15,Antdell & Ernie,,54762
2022,12,2022,WR,2,00-0031381,451,Davante Adams,LV,323.2,16,Mike Long,,54776
2023,1,2023,DEF,1,DEF-0009,16,Dallas Cowboys,DAL,154,11,John Juliano,,108582
2023,2,2023,DEF,2,DEF-0027,10,Pittsburgh Steelers,PIT,108,14,Antdell & Ernie,,54762
2023,3,2023,K,1,00-0037692,3409,Brandon Aubrey,DAL,139,13,Nolan & Vinny,,108584
2023,4,2023,K,2,00-0034794,1412,Jason Sanders,MIA,137,15,Cambrias,,54774
2023,5,2023,QB,1,00-0034857,1205,Josh Allen,BUF,309.28,13,John Juliano,,108582
2023,6,2023,QB,2,00-0036389,1888,Jalen Hurts,PHI,291.68,13,Rob & GregBo,,108590
2023,7,2023,RB,1,00-0033280,954,Christian McCaffrey,SF,391.3,16,Ronnie,,54773
2023,8,2023,RB,2,00-0036973,2338,Travis Etienne,JAX,268.7,16,Ronnie,,54773
2023,9,2023,TE,1,00-0030506,341,Travis Kelce,KC,214.8,14,Cambrias,,54774
2023,10,2023,TE,2,00-0035229,1591,T.J. Hockenson,MIN,196.9,13,Chris & Dom,,108592
2023,11,2023,WR,1,00-0033040,848,Tyreek Hill,MIA,355.2,15,Nolan & Vinny,,108584
2023,12,2023,WR,2,00-0036358,1937,CeeDee Lamb,DAL,351.1,15,Phil Baldino,,108589
2024,1,2024,DEF,1,DEF-0026,18,Philadelphia Eagles,PHI,103,14,Rob & GregBo,,108590
2024,2,2024,DEF,2,DEF-0018,14,Los Angeles Chargers,LAC,74,11,Mike Long,,54776
2024,3,2024,K,1,00-0037692,3409,Brandon Aubrey,DAL,107,15,Chris & Dom,,108592
2024,4,2024,K,1,00-0032726,882,Ka'imi Fairbairn,HOU,107,15,Phil Baldino,,108589
2024,5,2024,QB,1,00-0034857,1205,Josh Allen,BUF,279.54,16,John Juliano,,108582
2024,6,2024,QB,2,00-0034796,1209,Lamar Jackson,BAL,247.76,15,Rob & GregBo,,108590
2024,7,2024,RB,1,00-0034844,1216,Saquon Barkley,PHI,258.3,16,Cambrias,,54774
2024,8,2024,RB,2,00-0035700,1533,Josh Jacobs,GB,223,16,Cambrias,,54774
2024,9,2024,TE,1,00-0039338,3587,Brock Bowers,LV,183.2,16,Cambrias,,54774
2024,10,2024,TE,2,00-0030506,341,Travis Kelce,KC,142.8,15,Rob & GregBo,,108590
2024,11,2024,WR,1,00-0036900,2366,Ja'Marr Chase,CIN,251.9,15,Nolan & Vinny,,108584
2024,12,2024,WR,2,00-0036963,2372,Amon-Ra St. Brown,DET,197.7,15,Rob & GregBo,,108590
2025,1,2025,DEF,1,DEF-0010,11,Denver Broncos,DEN,113,13,Frank & Julian,,108588
2025,2,2025,DEF,2,DEF-0022,4,New England Patriots,NE,108,13,Richie,,108581
2025,3,2025,K,1,00-0037692,3409,Brandon Aubrey,DAL,176.6,16,Mike Long,,54776
2025,4,2025,K,2,00-0037224,3027,Cameron Dicker,LAC,141,14,Nolan & Vinny,,108584
2025,5,2025,QB,1,00-0033077,725,Dak Prescott,DAL,383.08,16,Antdell & Ernie,,54762
2025,6,2025,QB,2,00-0039851,3526,Drake Maye,NE,382.72,15,Rob & GregBo,,108590
2025,7,2025,RB,1,00-0033280,954,Christian McCaffrey,SF,404.9,16,Mike Long,,54776
2025,8,2025,RB,2,00-0038542,3145,Bijan Robinson,ATL,363.5,16,John Juliano,,108582
2025,9,2025,TE,1,00-0037744,2843,Trey McBride,ARI,265,15,Cambrias,,54774
2025,10,2025,TE,2,espn-4431459,3974,Tyler Warren,IND,171.6,15,Chris & Dom,,108592
2025,11,2025,WR,1,00-0039075,3195,Puka Nacua,LAR,333.3,14,Chris & Dom,,108592
2025,12,2025,WR,2,00-0038543,3169,Jaxon Smith-Njigba,SEA,327.2,15,Rob & GregBo,,108590
