list,rank,gsis_id,name,position,team,fn_player_id,total_pts,avg_started_pts,best_week,started_weeks,total_weeks,times_drafted,as_keeper,avg_round,avg_value,times_added,times_dropped,overall_rank,pos_rank,rings,championship_contributions
topScorers,1,00-0030506,Travis Kelce,TE,KC,341,2341.46,15.2,38.8,154,175,12,0,3.6,17.48,0,0,1,1,1,1
topScorers,2,00-0033280,Christian McCaffrey,RB,SF,954,2314.26,22.25,48.7,104,132,9,0,1.2,14.23,1,3,2,1,1,1
topScorers,3,00-0030564,DeAndre Hopkins,WR,TEN,338,2205.04,17.09,39,129,180,13,0,5.2,5.74,0,2,3,1,2,2
topScorers,4,00-0033873,Patrick Mahomes,QB,KC,945,2196.78,21.97,40,100,122,8,0,4.6,17.85,0,0,4,1,1,1
topScorers,5,00-0034857,Josh Allen,QB,BUF,1205,2161.16,23.49,51.88,92,102,6,0,3.8,26.43,3,2,5,2,1,1
topScorers,6,00-0031381,Davante Adams,WR,LV,451,2161.1,17.57,44.6,123,162,11,0,3.4,10.05,5,5,6,2,2,2
topScorers,7,00-0033040,Tyreek Hill,WR,MIA,848,2100.7,18.27,57.9,115,131,9,0,2.4,11.6,1,1,7,3,0,1
topScorers,8,00-0031408,Mike Evans,WR,TB,447,2083,15.9,45,131,170,12,0,3.5,6.82,1,1,8,4,2,2
topScorers,9,00-0023459,Aaron Rodgers,QB,PIT,52,2057.84,20.79,43.76,99,155,12,0,6.1,4.25,5,6,9,3,1,0
topScorers,10,00-0033906,Alvin Kamara,RB,NO,956,1960.52,17.5,44.7,112,142,9,0,3,14.81,0,0,10,2,2,2
topAverages,1,00-0039851,Drake Maye,QB,NE,3526,382.72,25.51,42.44,15,16,1,0,11,31.93,0,0,223,31,0,0
topAverages,2,00-0034857,Josh Allen,QB,BUF,1205,2161.16,23.49,51.88,92,102,6,0,3.8,26.43,3,2,5,2,1,1
topAverages,3,00-0036389,Jalen Hurts,QB,PHI,1888,1380.06,22.26,35.14,62,72,5,0,4.4,18.5,0,0,28,11,0,0
topAverages,4,00-0033280,Christian McCaffrey,RB,SF,954,2314.26,22.25,48.7,104,132,9,0,1.2,14.23,1,3,2,1,1,1
topAverages,5,00-0033873,Patrick Mahomes,QB,KC,945,2196.78,21.97,40,100,122,8,0,4.6,17.85,0,0,4,1,1,1
topAverages,6,00-0037834,Brock Purdy,QB,SF,2747,372.32,21.9,43.92,17,39,2,0,12.5,0.28,3,2,227,32,2,2
topAverages,7,00-0010346,Peyton Manning,QB,FA,,743.84,21.88,46.28,34,42,3,0,2.3,2.32,0,1,114,23,1,1
topAverages,8,00-0038559,Michael Wilson,WR,ARI,3190,65.6,21.87,37.2,3,4,0,0,,,2,1,526,151,0,0
topAverages,9,00-0028986,Case Keenum,QB,HOU,297,86.84,21.71,28.6,4,12,0,0,,,3,1,495,59,1,1
topAverages,10,00-0027793,Antonio Brown,WR,FA,,1899.7,21.59,47.6,88,122,8,0,2.6,10.63,2,2,15,7,0,1
topDrafted,1,00-0030564,DeAndre Hopkins,WR,TEN,338,2205.04,17.09,39,129,180,13,0,5.2,5.74,0,2,3,1,2,2
topDrafted,2,00-0030506,Travis Kelce,TE,KC,341,2341.46,15.2,38.8,154,175,12,0,3.6,17.48,0,0,1,1,1,1
topDrafted,3,00-0031408,Mike Evans,WR,TB,447,2083,15.9,45,131,170,12,0,3.5,6.82,1,1,8,4,2,2
topDrafted,4,00-0023459,Aaron Rodgers,QB,PIT,52,2057.84,20.79,43.76,99,155,12,0,6.1,4.25,5,6,9,3,1,0
topDrafted,5,00-0030279,Keenan Allen,WR,CHI,334,1946.16,16.63,45.46,117,159,12,0,4.1,3.06,3,5,13,6,1,1
topDrafted,6,00-0029597,Justin Tucker,K,BAL,301,1482,9.5,23,156,171,12,0,10.5,5.89,0,0,24,1,1,1
topDrafted,7,DEF-0022,New England Patriots,DEF,NE,4,1101,9.25,37,119,159,12,0,12.7,7.64,17,18,59,1,1,2
topDrafted,8,00-0031381,Davante Adams,WR,LV,451,2161.1,17.57,44.6,123,162,11,0,3.4,10.05,5,5,6,2,2,2
topDrafted,9,00-0029263,Russell Wilson,QB,PIT,231,1921.7,19.03,39.22,101,160,11,0,6.7,8.4,3,2,14,5,0,1
topDrafted,10,DEF-0003,Baltimore Ravens,DEF,BAL,31,971,7.89,29,123,163,11,0,11,3.02,15,14,75,2,2,4
topAdded,1,DEF-0018,Los Angeles Chargers,DEF,LAC,14,449,7.48,27,60,76,3,0,12.3,-0.99,29,27,189,19,1,1
topAdded,2,DEF-0016,Kansas City Chiefs,DEF,KC,12,749,7.42,25,101,133,8,0,11.8,3.33,26,24,111,9,0,3
topAdded,3,DEF-0012,Green Bay Packers,DEF,GB,23,549,6.78,23,81,108,5,0,13.2,0.43,26,19,161,15,0,4
topAdded,4,DEF-0020,Miami Dolphins,DEF,MIA,3,435,7.5,25,58,76,2,0,13,1.97,26,19,200,22,0,1
topAdded,5,DEF-0031,Tennessee Titans,DEF,TEN,8,267,6.21,23,43,49,2,0,14.5,-0.5,26,23,292,27,0,1
topAdded,6,DEF-0007,Cincinnati Bengals,DEF,CIN,6,488,7.39,26,66,78,3,0,9.3,1.54,25,22,175,18,1,3
topAdded,7,DEF-0004,Buffalo Bills,DEF,BUF,1,961,8.58,32,112,135,7,0,11.3,2.63,24,19,78,3,2,2
topAdded,8,DEF-0029,Seattle Seahawks,DEF,SEA,15,852,8.61,32,99,119,7,0,9.1,4.83,21,17,92,5,2,3
topAdded,9,DEF-0014,Indianapolis Colts,DEF,IND,2,443,7.15,26,62,86,3,0,14,2.29,21,19,196,21,1,2
topAdded,10,DEF-0032,Washington Commanders,DEF,WAS,20,276,7.67,21,36,42,3,0,12.3,-2.2,20,20,283,26,0,1
