member_id,member_name,opponent_id,opponent_name,wins,losses,ties,total,record,win_perc,points_for,points_against,avg_for,avg_against,point_diff,avg_margin,streak,last_meeting,playoff_record,playoff_total,playoff_wins,playoff_losses,playoff_ties,playoff_avg_for,playoff_avg_against,playoff_point_diff,playoff_avg_margin,has_history
54762,Antdell & Ernie,54773,Ronnie,8,9,0,17,8-9,0.471,2085.74,2182.12,122.69,128.36,-96.38,-5.67,"{""result"":""win"",""count"":5,""label"":""W5""}","{""season"":""2025"",""season_id"":29821,""week"":""13"",""points"":113.9,""opponent_points"":81.42,""result"":""win"",""is_playoff"":false,""is_championship"":false}",0-2,2,0,2,0,100.71,131.6,-61.78,-30.89,true
54762,Antdell & Ernie,54774,Cambrias,7,7,0,14,7-7,0.5,1806.78,1858.14,129.06,132.72,-51.36,-3.67,"{""result"":""loss"",""count"":2,""label"":""L2""}","{""season"":""2025"",""season_id"":29821,""week"":""17"",""points"":152.48,""opponent_points"":164.92,""result"":""loss"",""is_playoff"":true,""is_championship"":true}",1-1,2,1,1,0,133.68,136.27,-5.18,-2.59,true
54762,Antdell & Ernie,54776,Mike Long,1,4,0,5,1-4,0.2,606.7,617.74,121.34,123.55,-11.04,-2.21,"{""result"":""loss"",""count"":2,""label"":""L2""}","{""season"":""2025"",""season_id"":29821,""week"":""6"",""points"":109.64,""opponent_points"":133.14,""result"":""loss"",""is_playoff"":false,""is_championship"":false}",0-1,1,0,1,0,125.14,130.78,-5.64,-5.64,true
54762,Antdell & Ernie,54846,Team JoeBa,8,5,0,13,8-5,0.615,1625.84,1430.38,125.06,110.03,195.46,15.04,"{""result"":""loss"",""count"":1,""label"":""L1""}","{""season"":""2021"",""season_id"":16816,""week"":""11"",""points"":102.28,""opponent_points"":117.8,""result"":""loss"",""is_playoff"":false,""is_championship"":false}",0-0,0,0,0,0,0,0,0,0,true
54762,Antdell & Ernie,54850,LFTLR,6,3,0,9,6-3,0.667,1156.66,993.96,128.52,110.44,162.7,18.08,"{""result"":""loss"",""count"":1,""label"":""L1""}","{""season"":""2020"",""season_id"":16817,""week"":""5"",""points"":103.44,""opponent_points"":115.56,""result"":""loss"",""is_playoff"":false,""is_championship"":false}",1-0,1,1,0,0,113.86,89.12,24.74,24.74,true
54762,Antdell & Ernie,54855,GaTTa,3,4,0,7,3-4,0.429,783.92,782.48,111.99,111.78,1.44,0.21,"{""result"":""win"",""count"":1,""label"":""W1""}","{""season"":""2016"",""season_id"":16821,""week"":""13"",""points"":126.58,""opponent_points"":104.06,""result"":""win"",""is_playoff"":false,""is_championship"":false}",0-0,0,0,0,0,0,0,0,0,true
54762,Antdell & Ernie,108581,Richie,12,10,0,22,12-10,0.545,2804.8,2682.68,127.49,121.94,122.12,5.55,"{""result"":""loss"",""count"":1,""label"":""L1""}","{""season"":""2025"",""season_id"":29821,""week"":""9"",""points"":90,""opponent_points"":112.24,""result"":""loss"",""is_playoff"":false,""is_championship"":false}",0-1,1,0,1,0,133.24,156.44,-23.2,-23.2,true
54762,Antdell & Ernie,108582,John Juliano,6,1,0,7,6-1,0.857,947.7,781.06,135.39,111.58,166.64,23.81,"{""result"":""win"",""count"":6,""label"":""W6""}","{""season"":""2025"",""season_id"":29821,""week"":""4"",""points"":143.96,""opponent_points"":99.46,""result"":""win"",""is_playoff"":false,""is_championship"":false}",0-0,0,0,0,0,0,0,0,0,true
54762,Antdell & Ernie,108584,Nolan & Vinny,10,11,0,21,10-11,0.476,2485.92,2653.5,118.38,126.36,-167.58,-7.98,"{""result"":""win"",""count"":3,""label"":""W3""}","{""season"":""2025"",""season_id"":29821,""week"":""15"",""points"":149.66,""opponent_points"":91.8,""result"":""win"",""is_playoff"":true,""is_championship"":false}",1-1,2,1,1,0,126.13,102.27,47.72,23.86,true
54762,Antdell & Ernie,108587,Pung & Tralie,5,11,0,16,5-11,0.313,1874.72,2103.5,117.17,131.47,-228.78,-14.3,"{""result"":""loss"",""count"":2,""label"":""L2""}","{""season"":""2025"",""season_id"":29821,""week"":""12"",""points"":118.56,""opponent_points"":130.06,""result"":""loss"",""is_playoff"":false,""is_championship"":false}",0-0,0,0,0,0,0,0,0,0,true
54762,Antdell & Ernie,108588,Frank & Julian,11,15,0,26,11-15,0.423,2974.42,3090.82,114.4,118.88,-116.4,-4.48,"{""result"":""win"",""count"":1,""label"":""W1""}","{""season"":""2025"",""season_id"":29821,""week"":""8"",""points"":132.68,""opponent_points"":127.42,""result"":""win"",""is_playoff"":false,""is_championship"":false}",0-2,2,0,2,0,132.76,160.79,-56.06,-28.03,true
54762,Antdell & Ernie,108589,Phil Baldino,5,8,0,13,5-8,0.385,1613.6,1762.68,124.12,135.59,-149.08,-11.47,"{""result"":""win"",""count"":1,""label"":""W1""}","{""season"":""2025"",""season_id"":29821,""week"":""11"",""points"":115.92,""opponent_points"":91.42,""result"":""win"",""is_playoff"":false,""is_championship"":false}",1-2,3,1,2,0,139.64,155.43,-47.36,-15.79,true
54762,Antdell & Ernie,108590,Rob & GregBo,7,11,0,18,7-11,0.389,2282.48,2349.06,126.8,130.5,-66.58,-3.7,"{""result"":""win"",""count"":1,""label"":""W1""}","{""season"":""2025"",""season_id"":29821,""week"":""16"",""points"":184.76,""opponent_points"":181.5,""result"":""win"",""is_playoff"":true,""is_championship"":false}",2-0,2,2,0,0,168.03,145.33,45.4,22.7,true
54762,Antdell & Ernie,108592,Chris & Dom,7,11,0,18,7-11,0.389,2223.56,2378.16,123.53,132.12,-154.6,-8.59,"{""result"":""win"",""count"":1,""label"":""W1""}","{""season"":""2025"",""season_id"":29821,""week"":""5"",""points"":162.58,""opponent_points"":135.92,""result"":""win"",""is_playoff"":false,""is_championship"":false}",0-1,1,0,1,0,142.54,147.06,-4.52,-4.52,true
54773,Ronnie,54762,Antdell & Ernie,9,8,0,17,9-8,0.529,2182.12,2085.74,128.36,122.69,96.38,5.67,"{""result"":""loss"",""count"":5,""label"":""L5""}","{""season"":""2025"",""season_id"":29821,""week"":""13"",""points"":81.42,""opponent_points"":113.9,""result"":""loss"",""is_playoff"":false,""is_championship"":false}",2-0,2,2,0,0,131.6,100.71,61.78,30.89,true
54773,Ronnie,54774,Cambrias,7,10,0,17,7-10,0.412,2065.82,2112.5,121.52,124.26,-46.68,-2.75,"{""result"":""loss"",""count"":4,""label"":""L4""}","{""season"":""2025"",""season_id"":29821,""week"":""8"",""points"":140.38,""opponent_points"":145.7,""result"":""loss"",""is_playoff"":false,""is_championship"":false}",1-1,2,1,1,0,129.05,115.11,27.88,13.94,true
54773,Ronnie,54776,Mike Long,3,2,0,5,3-2,0.6,532.9,557.32,106.58,111.46,-24.42,-4.88,"{""result"":""loss"",""count"":1,""label"":""L1""}","{""season"":""2025"",""season_id"":29821,""week"":""10"",""points"":90.3,""opponent_points"":126.32,""result"":""loss"",""is_playoff"":false,""is_championship"":false}",0-0,0,0,0,0,0,0,0,0,true
54773,Ronnie,54846,Team JoeBa,4,7,0,11,4-7,0.364,1366.72,1449.98,124.25,131.82,-83.26,-7.57,"{""result"":""win"",""count"":2,""label"":""W2""}","{""season"":""2021"",""season_id"":16816,""week"":""7"",""points"":152.86,""opponent_points"":126.08,""result"":""win"",""is_playoff"":false,""is_championship"":false}",0-1,1,0,1,0,158.64,177.42,-18.78,-18.78,true
54773,Ronnie,54850,LFTLR,5,9,0,14,5-9,0.357,1637.04,1665.62,116.93,118.97,-28.58,-2.04,"{""result"":""loss"",""count"":1,""label"":""L1""}","{""season"":""2020"",""season_id"":16817,""week"":""12"",""points"":114.9,""opponent_points"":133.02,""result"":""loss"",""is_playoff"":false,""is_championship"":false}",1-0,1,1,0,0,129.5,80.24,49.26,49.26,true
54773,Ronnie,54855,GaTTa,3,4,0,7,3-4,0.429,877.06,854.9,125.29,122.13,22.16,3.17,"{""result"":""loss"",""count"":3,""label"":""L3""}","{""season"":""2016"",""season_id"":16821,""week"":""3"",""points"":116.68,""opponent_points"":130.5,""result"":""loss"",""is_playoff"":false,""is_championship"":false}",1-0,1,1,0,0,153.26,133.72,19.54,19.54,true
54773,Ronnie,108581,Richie,7,16,0,23,7-16,0.304,2648.7,2909.32,115.16,126.49,-260.62,-11.33,"{""result"":""loss"",""count"":2,""label"":""L2""}","{""season"":""2025"",""season_id"":29821,""week"":""15"",""points"":91.74,""opponent_points"":130.32,""result"":""loss"",""is_playoff"":false,""is_championship"":false}",1-1,2,1,1,0,134.82,128.87,11.9,5.95,true
54773,Ronnie,108582,John Juliano,3,4,0,7,3-4,0.429,714.84,759.4,102.12,108.49,-44.56,-6.37,"{""result"":""win"",""count"":1,""label"":""W1""}","{""season"":""2025"",""season_id"":29821,""week"":""16"",""points"":98.9,""opponent_points"":78,""result"":""win"",""is_playoff"":false,""is_championship"":false}",0-0,0,0,0,0,0,0,0,0,true
54773,Ronnie,108584,Nolan & Vinny,11,8,0,19,11-8,0.579,2428.16,2325.42,127.8,122.39,102.74,5.41,"{""result"":""win"",""count"":1,""label"":""W1""}","{""season"":""2025"",""season_id"":29821,""week"":""11"",""points"":106.2,""opponent_points"":100.04,""result"":""win"",""is_playoff"":false,""is_championship"":false}",2-0,2,2,0,0,123.64,99.45,48.38,24.19,true
54773,Ronnie,108587,Pung & Tralie,15,7,0,22,15-7,0.682,2822.14,2566.86,128.28,116.68,255.28,11.6,"{""result"":""loss"",""count"":1,""label"":""L1""}","{""season"":""2025"",""season_id"":29821,""week"":""17"",""points"":80.68,""opponent_points"":88.4,""result"":""loss"",""is_playoff"":false,""is_championship"":false}",1-1,2,1,1,0,134.05,132.2,3.7,1.85,true
54773,Ronnie,108588,Frank & Julian,14,5,0,19,14-5,0.737,2583.08,2276.12,135.95,119.8,306.96,16.16,"{""result"":""win"",""count"":5,""label"":""W5""}","{""season"":""2025"",""season_id"":29821,""week"":""4"",""points"":143.74,""opponent_points"":109.68,""result"":""win"",""is_playoff"":false,""is_championship"":false}",0-0,0,0,0,0,0,0,0,0,true
54773,Ronnie,108589,Phil Baldino,7,7,0,14,7-7,0.5,1663.88,1819.1,118.85,129.94,-155.22,-11.09,"{""result"":""loss"",""count"":4,""label"":""L4""}","{""season"":""2025"",""season_id"":29821,""week"":""9"",""points"":87.92,""opponent_points"":161.06,""result"":""loss"",""is_playoff"":false,""is_championship"":false}",2-1,3,2,1,0,120.43,126.8,-19.12,-6.37,true
54773,Ronnie,108590,Rob & GregBo,8,8,0,16,8-8,0.5,2031.64,2079.14,126.98,129.95,-47.5,-2.97,"{""result"":""win"",""count"":1,""label"":""W1""}","{""season"":""2025"",""season_id"":29821,""week"":""12"",""points"":172.56,""opponent_points"":165.96,""result"":""win"",""is_playoff"":false,""is_championship"":false}",0-1,1,0,1,0,113.12,132.5,-19.38,-19.38,true
54773,Ronnie,108592,Chris & Dom,12,4,0,16,12-4,0.75,2070.14,1928.4,129.38,120.53,141.74,8.86,"{""result"":""win"",""count"":1,""label"":""W1""}","{""season"":""2025"",""season_id"":29821,""week"":""7"",""points"":117.88,""opponent_points"":101.34,""result"":""win"",""is_playoff"":false,""is_championship"":false}",0-1,1,0,1,0,111.26,160.26,-49,-49,true
54774,Cambrias,54762,Antdell & Ernie,7,7,0,14,7-7,0.5,1858.14,1806.78,132.72,129.06,51.36,3.67,"{""result"":""win"",""count"":2,""label"":""W2""}","{""season"":""2025"",""season_id"":29821,""week"":""17"",""points"":164.92,""opponent_points"":152.48,""result"":""win"",""is_playoff"":true,""is_championship"":true}",1-1,2,1,1,0,136.27,133.68,5.18,2.59,true
54774,Cambrias,54773,Ronnie,10,7,0,17,10-7,0.588,2112.5,2065.82,124.26,121.52,46.68,2.75,"{""result"":""win"",""count"":4,""label"":""W4""}","{""season"":""2025"",""season_id"":29821,""week"":""8"",""points"":145.7,""opponent_points"":140.38,""result"":""win"",""is_playoff"":false,""is_championship"":false}",1-1,2,1,1,0,115.11,129.05,-27.88,-13.94,true
54774,Cambrias,54776,Mike Long,7,0,0,7,7-0,1,941.06,724.02,134.44,103.43,217.04,31.01,"{""result"":""win"",""count"":7,""label"":""W7""}","{""season"":""2025"",""season_id"":29821,""week"":""16"",""points"":111.68,""opponent_points"":99.7,""result"":""win"",""is_playoff"":true,""is_championship"":false}",2-0,2,2,0,0,129.58,105.88,47.4,23.7,true
54774,Cambrias,54846,Team JoeBa,10,3,0,13,10-3,0.769,1873.84,1543.84,144.14,118.76,330,25.38,"{""result"":""win"",""count"":3,""label"":""W3""}","{""season"":""2021"",""season_id"":16816,""week"":""8"",""points"":129.9,""opponent_points"":114.4,""result"":""win"",""is_playoff"":false,""is_championship"":false}",0-0,0,0,0,0,0,0,0,0,true
54774,Cambrias,54850,LFTLR,6,9,0,15,6-9,0.4,1818.28,1881.6,121.22,125.44,-63.32,-4.22,"{""result"":""loss"",""count"":2,""label"":""L2""}","{""season"":""2020"",""season_id"":16817,""week"":""15"",""points"":109.3,""opponent_points"":110.22,""result"":""loss"",""is_playoff"":false,""is_championship"":false}",0-1,1,0,1,0,110.84,121.74,-10.9,-10.9,true
54774,Cambrias,54855,GaTTa,1,4,0,5,1-4,0.2,644.24,644.76,128.85,128.95,-0.52,-0.1,"{""result"":""win"",""count"":1,""label"":""W1""}","{""season"":""2016"",""season_id"":16821,""week"":""7"",""points"":129.64,""opponent_points"":82.14,""result"":""win"",""is_playoff"":false,""is_championship"":false}",0-1,1,0,1,0,153.06,158.14,-5.08,-5.08,true
54774,Cambrias,108581,Richie,12,9,0,21,12-9,0.571,2766.48,2637.02,131.74,125.57,129.46,6.16,"{""result"":""win"",""count"":2,""label"":""W2""}","{""season"":""2025"",""season_id"":29821,""week"":""7"",""points"":151.96,""opponent_points"":100.54,""result"":""win"",""is_playoff"":false,""is_championship"":false}",3-2,5,3,2,0,146.56,134.44,60.64,12.13,true
54774,Cambrias,108582,John Juliano,7,0,0,7,7-0,1,1012.74,886.3,144.68,126.61,126.44,18.06,"{""result"":""win"",""count"":7,""label"":""W7""}","{""season"":""2025"",""season_id"":29821,""week"":""13"",""points"":135.46,""opponent_points"":100.32,""result"":""win"",""is_playoff"":false,""is_championship"":false}",0-0,0,0,0,0,0,0,0,0,true
54774,Cambrias,108584,Nolan & Vinny,10,10,0,20,10-10,0.5,2791.72,2664.1,139.59,133.21,127.62,6.38,"{""result"":""win"",""count"":2,""label"":""W2""}","{""season"":""2025"",""season_id"":29821,""week"":""5"",""points"":123.6,""opponent_points"":111.82,""result"":""win"",""is_playoff"":false,""is_championship"":false}",1-1,2,1,1,0,101.1,120.15,-38.1,-19.05,true
54774,Cambrias,108587,Pung & Tralie,11,7,0,18,11-7,0.611,2455.96,2196.94,136.44,122.05,259.02,14.39,"{""result"":""win"",""count"":3,""label"":""W3""}","{""season"":""2025"",""season_id"":29821,""week"":""11"",""points"":115.56,""opponent_points"":94.62,""result"":""win"",""is_playoff"":false,""is_championship"":false}",0-0,0,0,0,0,0,0,0,0,true
54774,Cambrias,108588,Frank & Julian,9,6,0,15,9-6,0.6,1830.66,1739.88,122.04,115.99,90.78,6.05,"{""result"":""loss"",""count"":1,""label"":""L1""}","{""season"":""2025"",""season_id"":29821,""week"":""6"",""points"":98.96,""opponent_points"":122.36,""result"":""loss"",""is_playoff"":false,""is_championship"":false}",0-1,1,0,1,0,104.72,106.16,-1.44,-1.44,true
54774,Cambrias,108589,Phil Baldino,6,10,0,16,6-10,0.375,1932.84,2131.34,120.8,133.21,-198.5,-12.41,"{""result"":""loss"",""count"":1,""label"":""L1""}","{""season"":""2025"",""season_id"":29821,""week"":""12"",""points"":100.62,""opponent_points"":106.32,""result"":""loss"",""is_playoff"":false,""is_championship"":false}",0-1,1,0,1,0,146.36,173.88,-27.52,-27.52,true
54774,Cambrias,108590,Rob & GregBo,10,7,0,17,10-7,0.588,2039.32,2029.22,119.96,119.37,10.1,0.59,"{""result"":""loss"",""count"":1,""label"":""L1""}","{""season"":""2025"",""season_id"":29821,""week"":""9"",""points"":105.72,""opponent_points"":106.26,""result"":""loss"",""is_playoff"":false,""is_championship"":false}",1-1,2,1,1,0,140.56,147.1,-13.08,-6.54,true
54774,Cambrias,108592,Chris & Dom,13,5,0,18,13-5,0.722,2458.1,2050.96,136.56,113.94,407.14,22.62,"{""result"":""win"",""count"":1,""label"":""W1""}","{""season"":""2025"",""season_id"":29821,""week"":""14"",""points"":112.76,""opponent_points"":101.66,""result"":""win"",""is_playoff"":false,""is_championship"":false}",3-1,4,3,1,0,161.3,127.57,134.9,33.73,true
54776,Mike Long,54762,Antdell & Ernie,4,1,0,5,4-1,0.8,617.74,606.7,123.55,121.34,11.04,2.21,"{""result"":""win"",""count"":2,""label"":""W2""}","{""season"":""2025"",""season_id"":29821,""week"":""6"",""points"":133.14,""opponent_points"":109.64,""result"":""win"",""is_playoff"":false,""is_championship"":false}",1-0,1,1,0,0,130.78,125.14,5.64,5.64,true
54776,Mike Long,54773,Ronnie,2,3,0,5,2-3,0.4,557.32,532.9,111.46,106.58,24.42,4.88,"{""result"":""win"",""count"":1,""label"":""W1""}","{""season"":""2025"",""season_id"":29821,""week"":""10"",""points"":126.32,""opponent_points"":90.3,""result"":""win"",""is_playoff"":false,""is_championship"":false}",0-0,0,0,0,0,0,0,0,0,true
54776,Mike Long,54774,Cambrias,0,7,0,7,0-7,0,724.02,941.06,103.43,134.44,-217.04,-31.01,"{""result"":""loss"",""count"":7,""label"":""L7""}","{""season"":""2025"",""season_id"":29821,""week"":""16"",""points"":99.7,""opponent_points"":111.68,""result"":""loss"",""is_playoff"":true,""is_championship"":false}",0-2,2,0,2,0,105.88,129.58,-47.4,-23.7,true
54776,Mike Long,108581,Richie,1,4,0,5,1-4,0.2,576.42,648.72,115.28,129.74,-72.3,-14.46,"{""result"":""loss"",""count"":4,""label"":""L4""}","{""season"":""2025"",""season_id"":29821,""week"":""14"",""points"":124.88,""opponent_points"":136.54,""result"":""loss"",""is_playoff"":false,""is_championship"":false}",0-0,0,0,0,0,0,0,0,0,true
54776,Mike Long,108582,John Juliano,3,1,0,4,3-1,0.75,476.06,446.36,119.02,111.59,29.7,7.43,"{""result"":""win"",""count"":3,""label"":""W3""}","{""season"":""2025"",""season_id"":29821,""week"":""8"",""points"":123.98,""opponent_points"":105.42,""result"":""win"",""is_playoff"":false,""is_championship"":false}",0-0,0,0,0,0,0,0,0,0,true
54776,Mike Long,108584,Nolan & Vinny,2,5,0,7,2-5,0.286,766.98,987.16,109.57,141.02,-220.18,-31.45,"{""result"":""loss"",""count"":1,""label"":""L1""}","{""season"":""2025"",""season_id"":29821,""week"":""12"",""points"":87.94,""opponent_points"":119.58,""result"":""loss"",""is_playoff"":false,""is_championship"":false}",1-0,1,1,0,0,107.7,94.1,13.6,13.6,true
54776,Mike Long,108587,Pung & Tralie,3,3,0,6,3-3,0.5,635.5,750.74,105.92,125.12,-115.24,-19.21,"{""result"":""win"",""count"":1,""label"":""W1""}","{""season"":""2025"",""season_id"":29821,""week"":""7"",""points"":133.82,""opponent_points"":115.42,""result"":""win"",""is_playoff"":false,""is_championship"":false}",0-0,0,0,0,0,0,0,0,0,true
54776,Mike Long,108588,Frank & Julian,7,1,0,8,7-1,0.875,975.7,878.18,121.96,109.77,97.52,12.19,"{""result"":""win"",""count"":2,""label"":""W2""}","{""season"":""2025"",""season_id"":29821,""week"":""13"",""points"":113.76,""opponent_points"":106.14,""result"":""win"",""is_playoff"":false,""is_championship"":false}",0-0,0,0,0,0,0,0,0,0,true
54776,Mike Long,108589,Phil Baldino,2,4,0,6,2-4,0.333,764.94,772.82,127.49,128.8,-7.88,-1.31,"{""result"":""win"",""count"":1,""label"":""W1""}","{""season"":""2025"",""season_id"":29821,""week"":""5"",""points"":157.46,""opponent_points"":108.42,""result"":""win"",""is_playoff"":false,""is_championship"":false}",0-0,0,0,0,0,0,0,0,0,true
54776,Mike Long,108590,Rob & GregBo,3,4,0,7,3-4,0.429,917.48,904.44,131.07,129.21,13.04,1.86,"{""result"":""loss"",""count"":3,""label"":""L3""}","{""season"":""2025"",""season_id"":29821,""week"":""17"",""points"":141.12,""opponent_points"":165.14,""result"":""loss"",""is_playoff"":true,""is_championship"":false}",0-1,1,0,1,0,141.12,165.14,-24.02,-24.02,true
54776,Mike Long,108592,Chris & Dom,2,4,0,6,2-4,0.333,638.64,712.76,106.44,118.79,-74.12,-12.35,"{""result"":""win"",""count"":1,""label"":""W1""}","{""season"":""2025"",""season_id"":29821,""week"":""15"",""points"":141.58,""opponent_points"":106.6,""result"":""win"",""is_playoff"":true,""is_championship"":false}",1-0,1,1,0,0,141.58,106.6,34.98,34.98,true
54846,Team JoeBa,54762,Antdell & Ernie,5,8,0,13,5-8,0.385,1430.38,1625.84,110.03,125.06,-195.46,-15.04,"{""result"":""win"",""count"":1,""label"":""W1""}","{""season"":""2021"",""season_id"":16816,""week"":""11"",""points"":117.8,""opponent_points"":102.28,""result"":""win"",""is_playoff"":false,""is_championship"":false}",0-0,0,0,0,0,0,0,0,0,true
54846,Team JoeBa,54773,Ronnie,7,4,0,11,7-4,0.636,1449.98,1366.72,131.82,124.25,83.26,7.57,"{""result"":""loss"",""count"":2,""label"":""L2""}","{""season"":""2021"",""season_id"":16816,""week"":""7"",""points"":126.08,""opponent_points"":152.86,""result"":""loss"",""is_playoff"":false,""is_championship"":false}",1-0,1,1,0,0,177.42,158.64,18.78,18.78,true
54846,Team JoeBa,54774,Cambrias,3,10,0,13,3-10,0.231,1543.84,1873.84,118.76,144.14,-330,-25.38,"{""result"":""loss"",""count"":3,""label"":""L3""}","{""season"":""2021"",""season_id"":16816,""week"":""8"",""points"":114.4,""opponent_points"":129.9,""result"":""loss"",""is_playoff"":false,""is_championship"":false}",0-0,0,0,0,0,0,0,0,0,true
54846,Team JoeBa,54850,LFTLR,5,3,0,8,5-3,0.625,883.92,873.08,110.49,109.14,10.84,1.36,"{""result"":""loss"",""count"":1,""label"":""L1""}","{""season"":""2020"",""season_id"":16817,""week"":""14"",""points"":31.1,""opponent_points"":83.46,""result"":""loss"",""is_playoff"":false,""is_championship"":false}",0-0,0,0,0,0,0,0,0,0,true
54846,Team JoeBa,54855,GaTTa,2,3,0,5,2-3,0.4,605.34,644.46,121.07,128.89,-39.12,-7.82,"{""result"":""win"",""count"":2,""label"":""W2""}","{""season"":""2016"",""season_id"":16821,""week"":""11"",""points"":121.8,""opponent_points"":107.54,""result"":""win"",""is_playoff"":false,""is_championship"":false}",0-0,0,0,0,0,0,0,0,0,true
54846,Team JoeBa,108581,Richie,3,10,0,13,3-10,0.231,1569.36,1726.92,120.72,132.84,-157.56,-12.12,"{""result"":""loss"",""count"":7,""label"":""L7""}","{""season"":""2021"",""season_id"":16816,""week"":""16"",""points"":127.5,""opponent_points"":139.64,""result"":""loss"",""is_playoff"":false,""is_championship"":false}",1-0,1,1,0,0,159.7,119.4,40.3,40.3,true
54846,Team JoeBa,108582,John Juliano,0,2,0,2,0-2,0,227.06,261.94,113.53,130.97,-34.88,-17.44,"{""result"":""loss"",""count"":2,""label"":""L2""}","{""season"":""2021"",""season_id"":16816,""week"":""14"",""points"":94.48,""opponent_points"":126.8,""result"":""loss"",""is_playoff"":false,""is_championship"":false}",0-0,0,0,0,0,0,0,0,0,true
54846,Team JoeBa,108584,Nolan & Vinny,7,4,0,11,7-4,0.636,1387.44,1487.72,126.13,135.25,-100.28,-9.12,"{""result"":""loss"",""count"":1,""label"":""L1""}","{""season"":""2021"",""season_id"":16816,""week"":""4"",""points"":88.54,""opponent_points"":137.78,""result"":""loss"",""is_playoff"":false,""is_championship"":false}",0-0,0,0,0,0,0,0,0,0,true
54846,Team JoeBa,108587,Pung & Tralie,4,4,0,8,4-4,0.5,915.32,953.5,114.42,119.19,-38.18,-4.77,"{""result"":""win"",""count"":1,""label"":""W1""}","{""season"":""2021"",""season_id"":16816,""week"":""5"",""points"":207.38,""opponent_points"":155.98,""result"":""win"",""is_playoff"":false,""is_championship"":false}",0-0,0,0,0,0,0,0,0,0,true
54846,Team JoeBa,108588,Frank & Julian,8,8,0,16,8-8,0.5,2015.26,1965.02,125.95,122.81,50.24,3.14,"{""result"":""loss"",""count"":1,""label"":""L1""}","{""season"":""2021"",""season_id"":16816,""week"":""15"",""points"":73.3,""opponent_points"":92.58,""result"":""loss"",""is_playoff"":false,""is_championship"":false}",0-0,0,0,0,0,0,0,0,0,true
54846,Team JoeBa,108589,Phil Baldino,3,8,0,11,3-8,0.273,1302.8,1497.74,118.44,136.16,-194.94,-17.72,"{""result"":""loss"",""count"":8,""label"":""L8""}","{""season"":""2021"",""season_id"":16816,""week"":""13"",""points"":107.52,""opponent_points"":130.22,""result"":""loss"",""is_playoff"":false,""is_championship"":false}",0-0,0,0,0,0,0,0,0,0,true
54846,Team JoeBa,108590,Rob & GregBo,3,11,0,14,3-11,0.214,1489.02,1724.94,106.36,123.21,-235.92,-16.85,"{""result"":""loss"",""count"":3,""label"":""L3""}","{""season"":""2021"",""season_id"":16816,""week"":""6"",""points"":127.48,""opponent_points"":137.22,""result"":""loss"",""is_playoff"":false,""is_championship"":false}",1-0,1,1,0,0,148.86,100.16,48.7,48.7,true
54846,Team JoeBa,108592,Chris & Dom,6,9,0,15,6-9,0.4,1880.44,1990.78,125.36,132.72,-110.34,-7.36,"{""result"":""win"",""count"":4,""label"":""W4""}","{""season"":""2021"",""season_id"":16816,""week"":""12"",""points"":96.4,""opponent_points"":84.28,""result"":""win"",""is_playoff"":false,""is_championship"":false}",0-2,2,0,2,0,124.21,159.36,-70.3,-35.15,true
54850,LFTLR,54762,Antdell & Ernie,3,6,0,9,3-6,0.333,993.96,1156.66,110.44,128.52,-162.7,-18.08,"{""result"":""win"",""count"":1,""label"":""W1""}","{""season"":""2020"",""season_id"":16817,""week"":""5"",""points"":115.56,""opponent_points"":103.44,""result"":""win"",""is_playoff"":false,""is_championship"":false}",0-1,1,0,1,0,89.12,113.86,-24.74,-24.74,true
54850,LFTLR,54773,Ronnie,9,5,0,14,9-5,0.643,1665.62,1637.04,118.97,116.93,28.58,2.04,"{""result"":""win"",""count"":1,""label"":""W1""}","{""season"":""2020"",""season_id"":16817,""week"":""12"",""points"":133.02,""opponent_points"":114.9,""result"":""win"",""is_playoff"":false,""is_championship"":false}",0-1,1,0,1,0,80.24,129.5,-49.26,-49.26,true
54850,LFTLR,54774,Cambrias,9,6,0,15,9-6,0.6,1881.6,1818.28,125.44,121.22,63.32,4.22,"{""result"":""win"",""count"":2,""label"":""W2""}","{""season"":""2020"",""season_id"":16817,""week"":""15"",""points"":110.22,""opponent_points"":109.3,""result"":""win"",""is_playoff"":false,""is_championship"":false}",1-0,1,1,0,0,121.74,110.84,10.9,10.9,true
54850,LFTLR,54846,Team JoeBa,3,5,0,8,3-5,0.375,873.08,883.92,109.14,110.49,-10.84,-1.36,"{""result"":""win"",""count"":1,""label"":""W1""}","{""season"":""2020"",""season_id"":16817,""week"":""14"",""points"":83.46,""opponent_points"":31.1,""result"":""win"",""is_playoff"":false,""is_championship"":false}",0-0,0,0,0,0,0,0,0,0,true
54850,LFTLR,54855,GaTTa,3,3,0,6,3-3,0.5,684.8,756.74,114.13,126.12,-71.94,-11.99,"{""result"":""win"",""count"":1,""label"":""W1""}","{""season"":""2016"",""season_id"":16821,""week"":""6"",""points"":125.34,""opponent_points"":111.16,""result"":""win"",""is_playoff"":false,""is_championship"":false}",0-0,0,0,0,0,0,0,0,0,true
54850,LFTLR,108581,Richie,5,4,0,9,5-4,0.556,1090.26,1056.28,121.14,117.36,33.98,3.78,"{""result"":""win"",""count"":3,""label"":""W3""}","{""season"":""2020"",""season_id"":16817,""week"":""4"",""points"":170.7,""opponent_points"":95.4,""result"":""win"",""is_playoff"":false,""is_championship"":false}",0-0,0,0,0,0,0,0,0,0,true
54850,LFTLR,108584,Nolan & Vinny,2,10,0,12,2-10,0.167,1096.42,1433.48,91.37,119.46,-337.06,-28.09,"{""result"":""loss"",""count"":4,""label"":""L4""}","{""season"":""2020"",""season_id"":16817,""week"":""9"",""points"":72.24,""opponent_points"":89.7,""result"":""loss"",""is_playoff"":false,""is_championship"":false}",0-0,0,0,0,0,0,0,0,0,true
54850,LFTLR,108587,Pung & Tralie,5,8,0,13,5-8,0.385,1584,1742.7,121.85,134.05,-158.7,-12.21,"{""result"":""loss"",""count"":1,""label"":""L1""}","{""season"":""2020"",""season_id"":16817,""week"":""10"",""points"":80.22,""opponent_points"":119.28,""result"":""loss"",""is_playoff"":false,""is_championship"":false}",0-1,1,0,1,0,121.44,150.48,-29.04,-29.04,true
54850,LFTLR,108588,Frank & Julian,5,6,0,11,5-6,0.455,1276.4,1364.22,116.04,124.02,-87.82,-7.98,"{""result"":""loss"",""count"":4,""label"":""L4""}","{""season"":""2020"",""season_id"":16817,""week"":""8"",""points"":86.16,""opponent_points"":99.76,""result"":""loss"",""is_playoff"":false,""is_championship"":false}",0-0,0,0,0,0,0,0,0,0,true
54850,LFTLR,108589,Phil Baldino,1,3,0,4,1-3,0.25,486.9,472.66,121.73,118.17,14.24,3.56,"{""result"":""loss"",""count"":1,""label"":""L1""}","{""season"":""2020"",""season_id"":16817,""week"":""7"",""points"":93.66,""opponent_points"":135.5,""result"":""loss"",""is_playoff"":false,""is_championship"":false}",0-0,0,0,0,0,0,0,0,0,true
54850,LFTLR,108590,Rob & GregBo,8,2,0,10,8-2,0.8,1275.84,1081.82,127.58,108.18,194.02,19.4,"{""result"":""win"",""count"":6,""label"":""W6""}","{""season"":""2020"",""season_id"":16817,""week"":""11"",""points"":123.56,""opponent_points"":82.28,""result"":""win"",""is_playoff"":false,""is_championship"":false}",1-0,1,1,0,0,147.22,73.6,73.62,73.62,true
54850,LFTLR,108592,Chris & Dom,2,9,0,11,2-9,0.182,1245.16,1439.14,113.2,130.83,-193.98,-17.63,"{""result"":""loss"",""count"":6,""label"":""L6""}","{""season"":""2020"",""season_id"":16817,""week"":""16"",""points"":92.16,""opponent_points"":123.14,""result"":""loss"",""is_playoff"":false,""is_championship"":false}",1-1,2,1,1,0,126.48,102.82,47.32,23.66,true
54855,GaTTa,54762,Antdell & Ernie,4,3,0,7,4-3,0.571,782.48,783.92,111.78,111.99,-1.44,-0.21,"{""result"":""loss"",""count"":1,""label"":""L1""}","{""season"":""2016"",""season_id"":16821,""week"":""13"",""points"":104.06,""opponent_points"":126.58,""result"":""loss"",""is_playoff"":false,""is_championship"":false}",0-0,0,0,0,0,0,0,0,0,true
54855,GaTTa,54773,Ronnie,4,3,0,7,4-3,0.571,854.9,877.06,122.13,125.29,-22.16,-3.17,"{""result"":""win"",""count"":3,""label"":""W3""}","{""season"":""2016"",""season_id"":16821,""week"":""3"",""points"":130.5,""opponent_points"":116.68,""result"":""win"",""is_playoff"":false,""is_championship"":false}",0-1,1,0,1,0,133.72,153.26,-19.54,-19.54,true
54855,GaTTa,54774,Cambrias,4,1,0,5,4-1,0.8,644.76,644.24,128.95,128.85,0.52,0.1,"{""result"":""loss"",""count"":1,""label"":""L1""}","{""season"":""2016"",""season_id"":16821,""week"":""7"",""points"":82.14,""opponent_points"":129.64,""result"":""loss"",""is_playoff"":false,""is_championship"":false}",1-0,1,1,0,0,158.14,153.06,5.08,5.08,true
54855,GaTTa,54846,Team JoeBa,3,2,0,5,3-2,0.6,644.46,605.34,128.89,121.07,39.12,7.82,"{""result"":""loss"",""count"":2,""label"":""L2""}","{""season"":""2016"",""season_id"":16821,""week"":""11"",""points"":107.54,""opponent_points"":121.8,""result"":""loss"",""is_playoff"":false,""is_championship"":false}",0-0,0,0,0,0,0,0,0,0,true
54855,GaTTa,54850,LFTLR,3,3,0,6,3-3,0.5,756.74,684.8,126.12,114.13,71.94,11.99,"{""result"":""loss"",""count"":1,""label"":""L1""}","{""season"":""2016"",""season_id"":16821,""week"":""6"",""points"":111.16,""opponent_points"":125.34,""result"":""loss"",""is_playoff"":false,""is_championship"":false}",0-0,0,0,0,0,0,0,0,0,true
54855,GaTTa,108581,Richie,3,3,0,6,3-3,0.5,735.4,727.72,122.57,121.29,7.68,1.28,"{""result"":""win"",""count"":1,""label"":""W1""}","{""season"":""2016"",""season_id"":16821,""week"":""16"",""points"":134.98,""opponent_points"":112.4,""result"":""win"",""is_playoff"":false,""is_championship"":false}",0-0,0,0,0,0,0,0,0,0,true
54855,GaTTa,108584,Nolan & Vinny,3,2,0,5,3-2,0.6,583.46,510.68,116.69,102.14,72.78,14.56,"{""result"":""loss"",""count"":2,""label"":""L2""}","{""season"":""2016"",""season_id"":16821,""week"":""15"",""points"":88.98,""opponent_points"":101.54,""result"":""loss"",""is_playoff"":false,""is_championship"":false}",1-0,1,1,0,0,163.56,67.72,95.84,95.84,true
54855,GaTTa,108587,Pung & Tralie,4,2,0,6,4-2,0.667,702.16,637.36,117.03,106.23,64.8,10.8,"{""result"":""win"",""count"":1,""label"":""W1""}","{""season"":""2016"",""season_id"":16821,""week"":""9"",""points"":139.08,""opponent_points"":77.96,""result"":""win"",""is_playoff"":false,""is_championship"":false}",1-0,1,1,0,0,143.76,100.5,43.26,43.26,true
54855,GaTTa,108588,Frank & Julian,3,1,0,4,3-1,0.75,440.56,446.44,110.14,111.61,-5.88,-1.47,"{""result"":""win"",""count"":1,""label"":""W1""}","{""season"":""2016"",""season_id"":16821,""week"":""5"",""points"":113.16,""opponent_points"":111.18,""result"":""win"",""is_playoff"":false,""is_championship"":false}",0-0,0,0,0,0,0,0,0,0,true
54855,GaTTa,108590,Rob & GregBo,1,3,0,4,1-3,0.25,440.9,519.5,110.23,129.88,-78.6,-19.65,"{""result"":""win"",""count"":1,""label"":""W1""}","{""season"":""2016"",""season_id"":16821,""week"":""14"",""points"":131.84,""opponent_points"":90.78,""result"":""win"",""is_playoff"":false,""is_championship"":false}",0-0,0,0,0,0,0,0,0,0,true
54855,GaTTa,108592,Chris & Dom,2,6,0,8,2-6,0.25,1012.94,1172.3,126.62,146.54,-159.36,-19.92,"{""result"":""loss"",""count"":5,""label"":""L5""}","{""season"":""2016"",""season_id"":16821,""week"":""12"",""points"":118.82,""opponent_points"":174.96,""result"":""loss"",""is_playoff"":false,""is_championship"":false}",1-0,1,1,0,0,124.5,89.98,34.52,34.52,true
108581,Richie,54762,Antdell & Ernie,10,12,0,22,10-12,0.455,2682.68,2804.8,121.94,127.49,-122.12,-5.55,"{""result"":""win"",""count"":1,""label"":""W1""}","{""season"":""2025"",""season_id"":29821,""week"":""9"",""points"":112.24,""opponent_points"":90,""result"":""win"",""is_playoff"":false,""is_championship"":false}",1-0,1,1,0,0,156.44,133.24,23.2,23.2,true
108581,Richie,54773,Ronnie,16,7,0,23,16-7,0.696,2909.32,2648.7,126.49,115.16,260.62,11.33,"{""result"":""win"",""count"":2,""label"":""W2""}","{""season"":""2025"",""season_id"":29821,""week"":""15"",""points"":130.32,""opponent_points"":91.74,""result"":""win"",""is_playoff"":false,""is_championship"":false}",1-1,2,1,1,0,128.87,134.82,-11.9,-5.95,true
108581,Richie,54774,Cambrias,9,12,0,21,9-12,0.429,2637.02,2766.48,125.57,131.74,-129.46,-6.16,"{""result"":""loss"",""count"":2,""label"":""L2""}","{""season"":""2025"",""season_id"":29821,""week"":""7"",""points"":100.54,""opponent_points"":151.96,""result"":""loss"",""is_playoff"":false,""is_championship"":false}",2-3,5,2,3,0,134.44,146.56,-60.64,-12.13,true
108581,Richie,54776,Mike Long,4,1,0,5,4-1,0.8,648.72,576.42,129.74,115.28,72.3,14.46,"{""result"":""win"",""count"":4,""label"":""W4""}","{""season"":""2025"",""season_id"":29821,""week"":""14"",""points"":136.54,""opponent_points"":124.88,""result"":""win"",""is_playoff"":false,""is_championship"":false}",0-0,0,0,0,0,0,0,0,0,true
108581,Richie,54846,Team JoeBa,10,3,0,13,10-3,0.769,1726.92,1569.36,132.84,120.72,157.56,12.12,"{""result"":""win"",""count"":7,""label"":""W7""}","{""season"":""2021"",""season_id"":16816,""week"":""16"",""points"":139.64,""opponent_points"":127.5,""result"":""win"",""is_playoff"":false,""is_championship"":false}",0-1,1,0,1,0,119.4,159.7,-40.3,-40.3,true
108581,Richie,54850,LFTLR,4,5,0,9,4-5,0.444,1056.28,1090.26,117.36,121.14,-33.98,-3.78,"{""result"":""loss"",""count"":3,""label"":""L3""}","{""season"":""2020"",""season_id"":16817,""week"":""4"",""points"":95.4,""opponent_points"":170.7,""result"":""loss"",""is_playoff"":false,""is_championship"":false}",0-0,0,0,0,0,0,0,0,0,true
108581,Richie,54855,GaTTa,3,3,0,6,3-3,0.5,727.72,735.4,121.29,122.57,-7.68,-1.28,"{""result"":""loss"",""count"":1,""label"":""L1""}","{""season"":""2016"",""season_id"":16821,""week"":""16"",""points"":112.4,""opponent_points"":134.98,""result"":""loss"",""is_playoff"":false,""is_championship"":false}",0-0,0,0,0,0,0,0,0,0,true
108581,Richie,108582,John Juliano,1,5,0,6,1-5,0.167,673.26,897.98,112.21,149.66,-224.72,-37.45,"{""result"":""loss"",""count"":4,""label"":""L4""}","{""season"":""2025"",""season_id"":29821,""week"":""11"",""points"":93.1,""opponent_points"":142.58,""result"":""loss"",""is_playoff"":false,""is_championship"":false}",0-0,0,0,0,0,0,0,0,0,true
108581,Richie,108584,Nolan & Vinny,6,12,0,18,6-12,0.333,2185.94,2389.92,121.44,132.77,-203.98,-11.33,"{""result"":""loss"",""count"":4,""label"":""L4""}","{""season"":""2025"",""season_id"":29821,""week"":""13"",""points"":122.42,""opponent_points"":135.24,""result"":""loss"",""is_playoff"":false,""is_championship"":false}",1-0,1,1,0,0,155.66,125.8,29.86,29.86,true
108581,Richie,108587,Pung & Tralie,11,9,0,20,11-9,0.55,2386.1,2269.5,119.31,113.48,116.6,5.83,"{""result"":""win"",""count"":4,""label"":""W4""}","{""season"":""2025"",""season_id"":29821,""week"":""8"",""points"":104.62,""opponent_points"":103.88,""result"":""win"",""is_playoff"":false,""is_championship"":false}",1-0,1,1,0,0,112.7,66.98,45.72,45.72,true
108581,Richie,108588,Frank & Julian,9,7,0,16,9-7,0.563,1939.18,1839.32,121.2,114.96,99.86,6.24,"{""result"":""loss"",""count"":1,""label"":""L1""}","{""season"":""2025"",""season_id"":29821,""week"":""16"",""points"":102.48,""opponent_points"":116.42,""result"":""loss"",""is_playoff"":false,""is_championship"":false}",0-0,0,0,0,0,0,0,0,0,true
108581,Richie,108589,Phil Baldino,5,6,0,11,5-6,0.455,1301.2,1363.7,118.29,123.97,-62.5,-5.68,"{""result"":""loss"",""count"":3,""label"":""L3""}","{""season"":""2025"",""season_id"":29821,""week"":""6"",""points"":76.34,""opponent_points"":137.36,""result"":""loss"",""is_playoff"":false,""is_championship"":false}",0-0,0,0,0,0,0,0,0,0,true
108581,Richie,108590,Rob & GregBo,10,9,0,19,10-9,0.526,2265.34,2164.9,119.23,113.94,100.44,5.29,"{""result"":""win"",""count"":6,""label"":""W6""}","{""season"":""2025"",""season_id"":29821,""week"":""4"",""points"":129.72,""opponent_points"":75.72,""result"":""win"",""is_playoff"":false,""is_championship"":false}",1-0,1,1,0,0,128.98,120.94,8.04,8.04,true
108581,Richie,108592,Chris & Dom,5,12,0,17,5-12,0.294,1955.16,2300.16,115.01,135.3,-345,-20.29,"{""result"":""loss"",""count"":3,""label"":""L3""}","{""season"":""2025"",""season_id"":29821,""week"":""10"",""points"":107,""opponent_points"":126.9,""result"":""loss"",""is_playoff"":false,""is_championship"":false}",1-0,1,1,0,0,139.22,125.08,14.14,14.14,true
108582,John Juliano,54762,Antdell & Ernie,1,6,0,7,1-6,0.143,781.06,947.7,111.58,135.39,-166.64,-23.81,"{""result"":""loss"",""count"":6,""label"":""L6""}","{""season"":""2025"",""season_id"":29821,""week"":""4"",""points"":99.46,""opponent_points"":143.96,""result"":""loss"",""is_playoff"":false,""is_championship"":false}",0-0,0,0,0,0,0,0,0,0,true
108582,John Juliano,54773,Ronnie,4,3,0,7,4-3,0.571,759.4,714.84,108.49,102.12,44.56,6.37,"{""result"":""loss"",""count"":1,""label"":""L1""}","{""season"":""2025"",""season_id"":29821,""week"":""16"",""points"":78,""opponent_points"":98.9,""result"":""loss"",""is_playoff"":false,""is_championship"":false}",0-0,0,0,0,0,0,0,0,0,true
108582,John Juliano,54774,Cambrias,0,7,0,7,0-7,0,886.3,1012.74,126.61,144.68,-126.44,-18.06,"{""result"":""loss"",""count"":7,""label"":""L7""}","{""season"":""2025"",""season_id"":29821,""week"":""13"",""points"":100.32,""opponent_points"":135.46,""result"":""loss"",""is_playoff"":false,""is_championship"":false}",0-0,0,0,0,0,0,0,0,0,true
108582,John Juliano,54776,Mike Long,1,3,0,4,1-3,0.25,446.36,476.06,111.59,119.02,-29.7,-7.43,"{""result"":""loss"",""count"":3,""label"":""L3""}","{""season"":""2025"",""season_id"":29821,""week"":""8"",""points"":105.42,""opponent_points"":123.98,""result"":""loss"",""is_playoff"":false,""is_championship"":false}",0-0,0,0,0,0,0,0,0,0,true
108582,John Juliano,54846,Team JoeBa,2,0,0,2,2-0,1,261.94,227.06,130.97,113.53,34.88,17.44,"{""result"":""win"",""count"":2,""label"":""W2""}","{""season"":""2021"",""season_id"":16816,""week"":""14"",""points"":126.8,""opponent_points"":94.48,""result"":""win"",""is_playoff"":false,""is_championship"":false}",0-0,0,0,0,0,0,0,0,0,true
108582,John Juliano,108581,Richie,5,1,0,6,5-1,0.833,897.98,673.26,149.66,112.21,224.72,37.45,"{""result"":""win"",""count"":4,""label"":""W4""}","{""season"":""2025"",""season_id"":29821,""week"":""11"",""points"":142.58,""opponent_points"":93.1,""result"":""win"",""is_playoff"":false,""is_championship"":false}",0-0,0,0,0,0,0,0,0,0,true
108582,John Juliano,108584,Nolan & Vinny,5,1,0,6,5-1,0.833,752.4,669.38,125.4,111.56,83.02,13.84,"{""result"":""win"",""count"":4,""label"":""W4""}","{""season"":""2025"",""season_id"":29821,""week"":""9"",""points"":134.32,""opponent_points"":114.4,""result"":""win"",""is_playoff"":false,""is_championship"":false}",0-0,0,0,0,0,0,0,0,0,true
108582,John Juliano,108587,Pung & Tralie,2,5,0,7,2-5,0.286,845.3,929.86,120.76,132.84,-84.56,-12.08,"{""result"":""win"",""count"":1,""label"":""W1""}","{""season"":""2025"",""season_id"":29821,""week"":""5"",""points"":138.42,""opponent_points"":108.98,""result"":""win"",""is_playoff"":false,""is_championship"":false}",0-1,1,0,1,0,101.04,127.1,-26.06,-26.06,true
108582,John Juliano,108588,Frank & Julian,3,5,0,8,3-5,0.375,841.68,824.86,105.21,103.11,16.82,2.1,"{""result"":""loss"",""count"":1,""label"":""L1""}","{""season"":""2025"",""season_id"":29821,""week"":""10"",""points"":111.04,""opponent_points"":126.22,""result"":""loss"",""is_playoff"":false,""is_championship"":false}",0-0,0,0,0,0,0,0,0,0,true
108582,John Juliano,108589,Phil Baldino,2,7,0,9,2-7,0.222,997.64,1072.66,110.85,119.18,-75.02,-8.34,"{""result"":""win"",""count"":1,""label"":""W1""}","{""season"":""2025"",""season_id"":29821,""week"":""17"",""points"":97.58,""opponent_points"":57.8,""result"":""win"",""is_playoff"":false,""is_championship"":false}",0-1,1,0,1,0,141.36,167.82,-26.46,-26.46,true
108582,John Juliano,108590,Rob & GregBo,3,5,0,8,3-5,0.375,1012.92,1035.32,126.62,129.42,-22.4,-2.8,"{""result"":""loss"",""count"":3,""label"":""L3""}","{""season"":""2025"",""season_id"":29821,""week"":""7"",""points"":123.16,""opponent_points"":134.98,""result"":""loss"",""is_playoff"":false,""is_championship"":false}",0-1,1,0,1,0,138.58,150.12,-11.54,-11.54,true
108582,John Juliano,108592,Chris & Dom,6,5,0,11,6-5,0.545,1479.46,1473.64,134.5,133.97,5.82,0.53,"{""result"":""loss"",""count"":1,""label"":""L1""}","{""season"":""2025"",""season_id"":29821,""week"":""12"",""points"":93.72,""opponent_points"":148.26,""result"":""loss"",""is_playoff"":false,""is_championship"":false}",2-0,2,2,0,0,147.86,118.12,59.48,29.74,true
108584,Nolan & Vinny,54762,Antdell & Ernie,11,10,0,21,11-10,0.524,2653.5,2485.92,126.36,118.38,167.58,7.98,"{""result"":""loss"",""count"":3,""label"":""L3""}","{""season"":""2025"",""season_id"":29821,""week"":""15"",""points"":91.8,""opponent_points"":149.66,""result"":""loss"",""is_playoff"":true,""is_championship"":false}",1-1,2,1,1,0,102.27,126.13,-47.72,-23.86,true
108584,Nolan & Vinny,54773,Ronnie,8,11,0,19,8-11,0.421,2325.42,2428.16,122.39,127.8,-102.74,-5.41,"{""result"":""loss"",""count"":1,""label"":""L1""}","{""season"":""2025"",""season_id"":29821,""week"":""11"",""points"":100.04,""opponent_points"":106.2,""result"":""loss"",""is_playoff"":false,""is_championship"":false}",0-2,2,0,2,0,99.45,123.64,-48.38,-24.19,true
108584,Nolan & Vinny,54774,Cambrias,10,10,0,20,10-10,0.5,2664.1,2791.72,133.21,139.59,-127.62,-6.38,"{""result"":""loss"",""count"":2,""label"":""L2""}","{""season"":""2025"",""season_id"":29821,""week"":""5"",""points"":111.82,""opponent_points"":123.6,""result"":""loss"",""is_playoff"":false,""is_championship"":false}",1-1,2,1,1,0,120.15,101.1,38.1,19.05,true
108584,Nolan & Vinny,54776,Mike Long,5,2,0,7,5-2,0.714,987.16,766.98,141.02,109.57,220.18,31.45,"{""result"":""win"",""count"":1,""label"":""W1""}","{""season"":""2025"",""season_id"":29821,""week"":""12"",""points"":119.58,""opponent_points"":87.94,""result"":""win"",""is_playoff"":false,""is_championship"":false}",0-1,1,0,1,0,94.1,107.7,-13.6,-13.6,true
108584,Nolan & Vinny,54846,Team JoeBa,4,7,0,11,4-7,0.364,1487.72,1387.44,135.25,126.13,100.28,9.12,"{""result"":""win"",""count"":1,""label"":""W1""}","{""season"":""2021"",""season_id"":16816,""week"":""4"",""points"":137.78,""opponent_points"":88.54,""result"":""win"",""is_playoff"":false,""is_championship"":false}",0-0,0,0,0,0,0,0,0,0,true
108584,Nolan & Vinny,54850,LFTLR,10,2,0,12,10-2,0.833,1433.48,1096.42,119.46,91.37,337.06,28.09,"{""result"":""win"",""count"":4,""label"":""W4""}","{""season"":""2020"",""season_id"":16817,""week"":""9"",""points"":89.7,""opponent_points"":72.24,""result"":""win"",""is_playoff"":false,""is_championship"":false}",0-0,0,0,0,0,0,0,0,0,true
108584,Nolan & Vinny,54855,GaTTa,2,3,0,5,2-3,0.4,510.68,583.46,102.14,116.69,-72.78,-14.56,"{""result"":""win"",""count"":2,""label"":""W2""}","{""season"":""2016"",""season_id"":16821,""week"":""15"",""points"":101.54,""opponent_points"":88.98,""result"":""win"",""is_playoff"":false,""is_championship"":false}",0-1,1,0,1,0,67.72,163.56,-95.84,-95.84,true
108584,Nolan & Vinny,108581,Richie,12,6,0,18,12-6,0.667,2389.92,2185.94,132.77,121.44,203.98,11.33,"{""result"":""win"",""count"":4,""label"":""W4""}","{""season"":""2025"",""season_id"":29821,""week"":""13"",""points"":135.24,""opponent_points"":122.42,""result"":""win"",""is_playoff"":false,""is_championship"":false}",0-1,1,0,1,0,125.8,155.66,-29.86,-29.86,true
108584,Nolan & Vinny,108582,John Juliano,1,5,0,6,1-5,0.167,669.38,752.4,111.56,125.4,-83.02,-13.84,"{""result"":""loss"",""count"":4,""label"":""L4""}","{""season"":""2025"",""season_id"":29821,""week"":""9"",""points"":114.4,""opponent_points"":134.32,""result"":""loss"",""is_playoff"":false,""is_championship"":false}",0-0,0,0,0,0,0,0,0,0,true
108584,Nolan & Vinny,108587,Pung & Tralie,9,5,0,14,9-5,0.643,1745.26,1525.52,124.66,108.97,219.74,15.7,"{""result"":""win"",""count"":5,""label"":""W5""}","{""season"":""2025"",""season_id"":29821,""week"":""6"",""points"":136.88,""opponent_points"":90.58,""result"":""win"",""is_playoff"":false,""is_championship"":false}",0-0,0,0,0,0,0,0,0,0,true
108584,Nolan & Vinny,108588,Frank & Julian,7,12,0,19,7-12,0.368,2062.02,2206.84,108.53,116.15,-144.82,-7.62,"{""result"":""loss"",""count"":4,""label"":""L4""}","{""season"":""2025"",""season_id"":29821,""week"":""14"",""points"":118.66,""opponent_points"":129.02,""result"":""loss"",""is_playoff"":false,""is_championship"":false}",0-1,1,0,1,0,119.64,134.42,-14.78,-14.78,true
108584,Nolan & Vinny,108589,Phil Baldino,3,8,0,11,3-8,0.273,1285.66,1406.26,116.88,127.84,-120.6,-10.96,"{""result"":""win"",""count"":2,""label"":""W2""}","{""season"":""2025"",""season_id"":29821,""week"":""4"",""points"":115.4,""opponent_points"":111.38,""result"":""win"",""is_playoff"":false,""is_championship"":false}",0-2,2,0,2,0,114.7,144.04,-58.68,-29.34,true
108584,Nolan & Vinny,108590,Rob & GregBo,12,10,0,22,12-10,0.545,2680.42,2555.32,121.84,116.15,125.1,5.69,"{""result"":""loss"",""count"":1,""label"":""L1""}","{""season"":""2025"",""season_id"":29821,""week"":""10"",""points"":117.3,""opponent_points"":123.6,""result"":""loss"",""is_playoff"":false,""is_championship"":false}",1-0,1,1,0,0,130.92,94.7,36.22,36.22,true
108584,Nolan & Vinny,108592,Chris & Dom,6,10,0,16,6-10,0.375,1884.84,2059.24,117.8,128.7,-174.4,-10.9,"{""result"":""loss"",""count"":1,""label"":""L1""}","{""season"":""2025"",""season_id"":29821,""week"":""16"",""points"":127.06,""opponent_points"":184.4,""result"":""loss"",""is_playoff"":true,""is_championship"":false}",0-2,2,0,2,0,108.67,186.24,-155.14,-77.57,true
108587,Pung & Tralie,54762,Antdell & Ernie,11,5,0,16,11-5,0.688,2103.5,1874.72,131.47,117.17,228.78,14.3,"{""result"":""win"",""count"":2,""label"":""W2""}","{""season"":""2025"",""season_id"":29821,""week"":""12"",""points"":130.06,""opponent_points"":118.56,""result"":""win"",""is_playoff"":false,""is_championship"":false}",0-0,0,0,0,0,0,0,0,0,true
108587,Pung & Tralie,54773,Ronnie,7,15,0,22,7-15,0.318,2566.86,2822.14,116.68,128.28,-255.28,-11.6,"{""result"":""win"",""count"":1,""label"":""W1""}","{""season"":""2025"",""season_id"":29821,""week"":""17"",""points"":88.4,""opponent_points"":80.68,""result"":""win"",""is_playoff"":false,""is_championship"":false}",1-1,2,1,1,0,132.2,134.05,-3.7,-1.85,true
108587,Pung & Tralie,54774,Cambrias,7,11,0,18,7-11,0.389,2196.94,2455.96,122.05,136.44,-259.02,-14.39,"{""result"":""loss"",""count"":3,""label"":""L3""}","{""season"":""2025"",""season_id"":29821,""week"":""11"",""points"":94.62,""opponent_points"":115.56,""result"":""loss"",""is_playoff"":false,""is_championship"":false}",0-0,0,0,0,0,0,0,0,0,true
108587,Pung & Tralie,54776,Mike Long,3,3,0,6,3-3,0.5,750.74,635.5,125.12,105.92,115.24,19.21,"{""result"":""loss"",""count"":1,""label"":""L1""}","{""season"":""2025"",""season_id"":29821,""week"":""7"",""points"":115.42,""opponent_points"":133.82,""result"":""loss"",""is_playoff"":false,""is_championship"":false}",0-0,0,0,0,0,0,0,0,0,true
108587,Pung & Tralie,54846,Team JoeBa,4,4,0,8,4-4,0.5,953.5,915.32,119.19,114.42,38.18,4.77,"{""result"":""loss"",""count"":1,""label"":""L1""}","{""season"":""2021"",""season_id"":16816,""week"":""5"",""points"":155.98,""opponent_points"":207.38,""result"":""loss"",""is_playoff"":false,""is_championship"":false}",0-0,0,0,0,0,0,0,0,0,true
108587,Pung & Tralie,54850,LFTLR,8,5,0,13,8-5,0.615,1742.7,1584,134.05,121.85,158.7,12.21,"{""result"":""win"",""count"":1,""label"":""W1""}","{""season"":""2020"",""season_id"":16817,""week"":""10"",""points"":119.28,""opponent_points"":80.22,""result"":""win"",""is_playoff"":false,""is_championship"":false}",1-0,1,1,0,0,150.48,121.44,29.04,29.04,true
108587,Pung & Tralie,54855,GaTTa,2,4,0,6,2-4,0.333,637.36,702.16,106.23,117.03,-64.8,-10.8,"{""result"":""loss"",""count"":1,""label"":""L1""}","{""season"":""2016"",""season_id"":16821,""week"":""9"",""points"":77.96,""opponent_points"":139.08,""result"":""loss"",""is_playoff"":false,""is_championship"":false}",0-1,1,0,1,0,100.5,143.76,-43.26,-43.26,true
108587,Pung & Tralie,108581,Richie,9,11,0,20,9-11,0.45,2269.5,2386.1,113.48,119.31,-116.6,-5.83,"{""result"":""loss"",""count"":4,""label"":""L4""}","{""season"":""2025"",""season_id"":29821,""week"":""8"",""points"":103.88,""opponent_points"":104.62,""result"":""loss"",""is_playoff"":false,""is_championship"":false}",0-1,1,0,1,0,66.98,112.7,-45.72,-45.72,true
108587,Pung & Tralie,108582,John Juliano,5,2,0,7,5-2,0.714,929.86,845.3,132.84,120.76,84.56,12.08,"{""result"":""loss"",""count"":1,""label"":""L1""}","{""season"":""2025"",""season_id"":29821,""week"":""5"",""points"":108.98,""opponent_points"":138.42,""result"":""loss"",""is_playoff"":false,""is_championship"":false}",1-0,1,1,0,0,127.1,101.04,26.06,26.06,true
108587,Pung & Tralie,108584,Nolan & Vinny,5,9,0,14,5-9,0.357,1525.52,1745.26,108.97,124.66,-219.74,-15.7,"{""result"":""loss"",""count"":5,""label"":""L5""}","{""season"":""2025"",""season_id"":29821,""week"":""6"",""points"":90.58,""opponent_points"":136.88,""result"":""loss"",""is_playoff"":false,""is_championship"":false}",0-0,0,0,0,0,0,0,0,0,true
108587,Pung & Tralie,108588,Frank & Julian,12,6,0,18,12-6,0.667,2347.84,2190.3,130.44,121.68,157.54,8.75,"{""result"":""win"",""count"":2,""label"":""W2""}","{""season"":""2025"",""season_id"":29821,""week"":""9"",""points"":134.68,""opponent_points"":126.32,""result"":""win"",""is_playoff"":false,""is_championship"":false}",1-0,1,1,0,0,132.66,116.76,15.9,15.9,true
108587,Pung & Tralie,108589,Phil Baldino,6,7,0,13,6-7,0.462,1582.52,1536.26,121.73,118.17,46.26,3.56,"{""result"":""win"",""count"":2,""label"":""W2""}","{""season"":""2025"",""season_id"":29821,""week"":""16"",""points"":105,""opponent_points"":61.64,""result"":""win"",""is_playoff"":false,""is_championship"":false}",0-1,1,0,1,0,100.76,135.9,-35.14,-35.14,true
108587,Pung & Tralie,108590,Rob & GregBo,12,13,0,25,12-13,0.48,2971.42,3102.32,118.86,124.09,-130.9,-5.24,"{""result"":""loss"",""count"":3,""label"":""L3""}","{""season"":""2025"",""season_id"":29821,""week"":""13"",""points"":75.84,""opponent_points"":138.78,""result"":""loss"",""is_playoff"":false,""is_championship"":false}",1-1,2,1,1,0,114.97,135.35,-40.76,-20.38,true
108587,Pung & Tralie,108592,Chris & Dom,7,10,0,17,7-10,0.412,2054.66,2045.02,120.86,120.3,9.64,0.57,"{""result"":""loss"",""count"":1,""label"":""L1""}","{""season"":""2025"",""season_id"":29821,""week"":""4"",""points"":115.28,""opponent_points"":187.3,""result"":""loss"",""is_playoff"":false,""is_championship"":false}",0-2,2,0,2,0,113.61,128.45,-29.68,-14.84,true
108588,Frank & Julian,54762,Antdell & Ernie,15,11,0,26,15-11,0.577,3090.82,2974.42,118.88,114.4,116.4,4.48,"{""result"":""loss"",""count"":1,""label"":""L1""}","{""season"":""2025"",""season_id"":29821,""week"":""8"",""points"":127.42,""opponent_points"":132.68,""result"":""loss"",""is_playoff"":false,""is_championship"":false}",2-0,2,2,0,0,160.79,132.76,56.06,28.03,true
108588,Frank & Julian,54773,Ronnie,5,14,0,19,5-14,0.263,2276.12,2583.08,119.8,135.95,-306.96,-16.16,"{""result"":""loss"",""count"":5,""label"":""L5""}","{""season"":""2025"",""season_id"":29821,""week"":""4"",""points"":109.68,""opponent_points"":143.74,""result"":""loss"",""is_playoff"":false,""is_championship"":false}",0-0,0,0,0,0,0,0,0,0,true
108588,Frank & Julian,54774,Cambrias,6,9,0,15,6-9,0.4,1739.88,1830.66,115.99,122.04,-90.78,-6.05,"{""result"":""win"",""count"":1,""label"":""W1""}","{""season"":""2025"",""season_id"":29821,""week"":""6"",""points"":122.36,""opponent_points"":98.96,""result"":""win"",""is_playoff"":false,""is_championship"":false}",1-0,1,1,0,0,106.16,104.72,1.44,1.44,true
108588,Frank & Julian,54776,Mike Long,1,7,0,8,1-7,0.125,878.18,975.7,109.77,121.96,-97.52,-12.19,"{""result"":""loss"",""count"":2,""label"":""L2""}","{""season"":""2025"",""season_id"":29821,""week"":""13"",""points"":106.14,""opponent_points"":113.76,""result"":""loss"",""is_playoff"":false,""is_championship"":false}",0-0,0,0,0,0,0,0,0,0,true
108588,Frank & Julian,54846,Team JoeBa,8,8,0,16,8-8,0.5,1965.02,2015.26,122.81,125.95,-50.24,-3.14,"{""result"":""win"",""count"":1,""label"":""W1""}","{""season"":""2021"",""season_id"":16816,""week"":""15"",""points"":92.58,""opponent_points"":73.3,""result"":""win"",""is_playoff"":false,""is_championship"":false}",0-0,0,0,0,0,0,0,0,0,true
108588,Frank & Julian,54850,LFTLR,6,5,0,11,6-5,0.545,1364.22,1276.4,124.02,116.04,87.82,7.98,"{""result"":""win"",""count"":4,""label"":""W4""}","{""season"":""2020"",""season_id"":16817,""week"":""8"",""points"":99.76,""opponent_points"":86.16,""result"":""win"",""is_playoff"":false,""is_championship"":false}",0-0,0,0,0,0,0,0,0,0,true
108588,Frank & Julian,54855,GaTTa,1,3,0,4,1-3,0.25,446.44,440.56,111.61,110.14,5.88,1.47,"{""result"":""loss"",""count"":1,""label"":""L1""}","{""season"":""2016"",""season_id"":16821,""week"":""5"",""points"":111.18,""opponent_points"":113.16,""result"":""loss"",""is_playoff"":false,""is_championship"":false}",0-0,0,0,0,0,0,0,0,0,true
108588,Frank & Julian,108581,Richie,7,9,0,16,7-9,0.438,1839.32,1939.18,114.96,121.2,-99.86,-6.24,"{""result"":""win"",""count"":1,""label"":""W1""}","{""season"":""2025"",""season_id"":29821,""week"":""16"",""points"":116.42,""opponent_points"":102.48,""result"":""win"",""is_playoff"":false,""is_championship"":false}",0-0,0,0,0,0,0,0,0,0,true
108588,Frank & Julian,108582,John Juliano,5,3,0,8,5-3,0.625,824.86,841.68,103.11,105.21,-16.82,-2.1,"{""result"":""win"",""count"":1,""label"":""W1""}","{""season"":""2025"",""season_id"":29821,""week"":""10"",""points"":126.22,""opponent_points"":111.04,""result"":""win"",""is_playoff"":false,""is_championship"":false}",0-0,0,0,0,0,0,0,0,0,true
108588,Frank & Julian,108584,Nolan & Vinny,12,7,0,19,12-7,0.632,2206.84,2062.02,116.15,108.53,144.82,7.62,"{""result"":""win"",""count"":4,""label"":""W4""}","{""season"":""2025"",""season_id"":29821,""week"":""14"",""points"":129.02,""opponent_points"":118.66,""result"":""win"",""is_playoff"":false,""is_championship"":false}",1-0,1,1,0,0,134.42,119.64,14.78,14.78,true
108588,Frank & Julian,108587,Pung & Tralie,6,12,0,18,6-12,0.333,2190.3,2347.84,121.68,130.44,-157.54,-8.75,"{""result"":""loss"",""count"":2,""label"":""L2""}","{""season"":""2025"",""season_id"":29821,""week"":""9"",""points"":126.32,""opponent_points"":134.68,""result"":""loss"",""is_playoff"":false,""is_championship"":false}",0-1,1,0,1,0,116.76,132.66,-15.9,-15.9,true
108588,Frank & Julian,108589,Phil Baldino,5,6,0,11,5-6,0.455,1359.22,1491.8,123.57,135.62,-132.58,-12.05,"{""result"":""win"",""count"":1,""label"":""W1""}","{""season"":""2025"",""season_id"":29821,""week"":""15"",""points"":157.76,""opponent_points"":141.8,""result"":""win"",""is_playoff"":false,""is_championship"":false}",0-1,1,0,1,0,138.08,140.26,-2.18,-2.18,true
108588,Frank & Julian,108590,Rob & GregBo,7,9,0,16,7-9,0.438,2029.52,1877.02,126.85,117.31,152.5,9.53,"{""result"":""loss"",""count"":2,""label"":""L2""}","{""season"":""2025"",""season_id"":29821,""week"":""5"",""points"":118.06,""opponent_points"":119.42,""result"":""loss"",""is_playoff"":false,""is_championship"":false}",0-0,0,0,0,0,0,0,0,0,true
108588,Frank & Julian,108592,Chris & Dom,8,11,0,19,8-11,0.421,2313.7,2352.8,121.77,123.83,-39.1,-2.06,"{""result"":""loss"",""count"":2,""label"":""L2""}","{""season"":""2025"",""season_id"":29821,""week"":""11"",""points"":111.4,""opponent_points"":111.7,""result"":""loss"",""is_playoff"":false,""is_championship"":false}",0-1,1,0,1,0,102.68,125.54,-22.86,-22.86,true
108589,Phil Baldino,54762,Antdell & Ernie,8,5,0,13,8-5,0.615,1762.68,1613.6,135.59,124.12,149.08,11.47,"{""result"":""loss"",""count"":1,""label"":""L1""}","{""season"":""2025"",""season_id"":29821,""week"":""11"",""points"":91.42,""opponent_points"":115.92,""result"":""loss"",""is_playoff"":false,""is_championship"":false}",2-1,3,2,1,0,155.43,139.64,47.36,15.79,true
108589,Phil Baldino,54773,Ronnie,7,7,0,14,7-7,0.5,1819.1,1663.88,129.94,118.85,155.22,11.09,"{""result"":""win"",""count"":4,""label"":""W4""}","{""season"":""2025"",""season_id"":29821,""week"":""9"",""points"":161.06,""opponent_points"":87.92,""result"":""win"",""is_playoff"":false,""is_championship"":false}",1-2,3,1,2,0,126.8,120.43,19.12,6.37,true
108589,Phil Baldino,54774,Cambrias,10,6,0,16,10-6,0.625,2131.34,1932.84,133.21,120.8,198.5,12.41,"{""result"":""win"",""count"":1,""label"":""W1""}","{""season"":""2025"",""season_id"":29821,""week"":""12"",""points"":106.32,""opponent_points"":100.62,""result"":""win"",""is_playoff"":false,""is_championship"":false}",1-0,1,1,0,0,173.88,146.36,27.52,27.52,true
108589,Phil Baldino,54776,Mike Long,4,2,0,6,4-2,0.667,772.82,764.94,128.8,127.49,7.88,1.31,"{""result"":""loss"",""count"":1,""label"":""L1""}","{""season"":""2025"",""season_id"":29821,""week"":""5"",""points"":108.42,""opponent_points"":157.46,""result"":""loss"",""is_playoff"":false,""is_championship"":false}",0-0,0,0,0,0,0,0,0,0,true
108589,Phil Baldino,54846,Team JoeBa,8,3,0,11,8-3,0.727,1497.74,1302.8,136.16,118.44,194.94,17.72,"{""result"":""win"",""count"":8,""label"":""W8""}","{""season"":""2021"",""season_id"":16816,""week"":""13"",""points"":130.22,""opponent_points"":107.52,""result"":""win"",""is_playoff"":false,""is_championship"":false}",0-0,0,0,0,0,0,0,0,0,true
108589,Phil Baldino,54850,LFTLR,3,1,0,4,3-1,0.75,472.66,486.9,118.17,121.73,-14.24,-3.56,"{""result"":""win"",""count"":1,""label"":""W1""}","{""season"":""2020"",""season_id"":16817,""week"":""7"",""points"":135.5,""opponent_points"":93.66,""result"":""win"",""is_playoff"":false,""is_championship"":false}",0-0,0,0,0,0,0,0,0,0,true
108589,Phil Baldino,108581,Richie,6,5,0,11,6-5,0.545,1363.7,1301.2,123.97,118.29,62.5,5.68,"{""result"":""win"",""count"":3,""label"":""W3""}","{""season"":""2025"",""season_id"":29821,""week"":""6"",""points"":137.36,""opponent_points"":76.34,""result"":""win"",""is_playoff"":false,""is_championship"":false}",0-0,0,0,0,0,0,0,0,0,true
108589,Phil Baldino,108582,John Juliano,7,2,0,9,7-2,0.778,1072.66,997.64,119.18,110.85,75.02,8.34,"{""result"":""loss"",""count"":1,""label"":""L1""}","{""season"":""2025"",""season_id"":29821,""week"":""17"",""points"":57.8,""opponent_points"":97.58,""result"":""loss"",""is_playoff"":false,""is_championship"":false}",1-0,1,1,0,0,167.82,141.36,26.46,26.46,true
108589,Phil Baldino,108584,Nolan & Vinny,8,3,0,11,8-3,0.727,1406.26,1285.66,127.84,116.88,120.6,10.96,"{""result"":""loss"",""count"":2,""label"":""L2""}","{""season"":""2025"",""season_id"":29821,""week"":""4"",""points"":111.38,""opponent_points"":115.4,""result"":""loss"",""is_playoff"":false,""is_championship"":false}",2-0,2,2,0,0,144.04,114.7,58.68,29.34,true
108589,Phil Baldino,108587,Pung & Tralie,7,6,0,13,7-6,0.538,1536.26,1582.52,118.17,121.73,-46.26,-3.56,"{""result"":""loss"",""count"":2,""label"":""L2""}","{""season"":""2025"",""season_id"":29821,""week"":""16"",""points"":61.64,""opponent_points"":105,""result"":""loss"",""is_playoff"":false,""is_championship"":false}",1-0,1,1,0,0,135.9,100.76,35.14,35.14,true
108589,Phil Baldino,108588,Frank & Julian,6,5,0,11,6-5,0.545,1491.8,1359.22,135.62,123.57,132.58,12.05,"{""result"":""loss"",""count"":1,""label"":""L1""}","{""season"":""2025"",""season_id"":29821,""week"":""15"",""points"":141.8,""opponent_points"":157.76,""result"":""loss"",""is_playoff"":false,""is_championship"":false}",1-0,1,1,0,0,140.26,138.08,2.18,2.18,true
108589,Phil Baldino,108590,Rob & GregBo,3,6,0,9,3-6,0.333,1005.4,1134.82,111.71,126.09,-129.42,-14.38,"{""result"":""loss"",""count"":2,""label"":""L2""}","{""season"":""2025"",""season_id"":29821,""week"":""8"",""points"":109.12,""opponent_points"":124.08,""result"":""loss"",""is_playoff"":false,""is_championship"":false}",0-0,0,0,0,0,0,0,0,0,true
108589,Phil Baldino,108592,Chris & Dom,10,4,0,14,10-4,0.714,1874.24,1653.04,133.87,118.07,221.2,15.8,"{""result"":""win"",""count"":3,""label"":""W3""}","{""season"":""2025"",""season_id"":29821,""week"":""13"",""points"":157.84,""opponent_points"":107.8,""result"":""win"",""is_playoff"":false,""is_championship"":false}",1-0,1,1,0,0,98.56,79.08,19.48,19.48,true
108590,Rob & GregBo,54762,Antdell & Ernie,11,7,0,18,11-7,0.611,2349.06,2282.48,130.5,126.8,66.58,3.7,"{""result"":""loss"",""count"":1,""label"":""L1""}","{""season"":""2025"",""season_id"":29821,""week"":""16"",""points"":181.5,""opponent_points"":184.76,""result"":""loss"",""is_playoff"":true,""is_championship"":false}",0-2,2,0,2,0,145.33,168.03,-45.4,-22.7,true
108590,Rob & GregBo,54773,Ronnie,8,8,0,16,8-8,0.5,2079.14,2031.64,129.95,126.98,47.5,2.97,"{""result"":""loss"",""count"":1,""label"":""L1""}","{""season"":""2025"",""season_id"":29821,""week"":""12"",""points"":165.96,""opponent_points"":172.56,""result"":""loss"",""is_playoff"":false,""is_championship"":false}",1-0,1,1,0,0,132.5,113.12,19.38,19.38,true
108590,Rob & GregBo,54774,Cambrias,7,10,0,17,7-10,0.412,2029.22,2039.32,119.37,119.96,-10.1,-0.59,"{""result"":""win"",""count"":1,""label"":""W1""}","{""season"":""2025"",""season_id"":29821,""week"":""9"",""points"":106.26,""opponent_points"":105.72,""result"":""win"",""is_playoff"":false,""is_championship"":false}",1-1,2,1,1,0,147.1,140.56,13.08,6.54,true
108590,Rob & GregBo,54776,Mike Long,4,3,0,7,4-3,0.571,904.44,917.48,129.21,131.07,-13.04,-1.86,"{""result"":""win"",""count"":3,""label"":""W3""}","{""season"":""2025"",""season_id"":29821,""week"":""17"",""points"":165.14,""opponent_points"":141.12,""result"":""win"",""is_playoff"":true,""is_championship"":false}",1-0,1,1,0,0,165.14,141.12,24.02,24.02,true
108590,Rob & GregBo,54846,Team JoeBa,11,3,0,14,11-3,0.786,1724.94,1489.02,123.21,106.36,235.92,16.85,"{""result"":""win"",""count"":3,""label"":""W3""}","{""season"":""2021"",""season_id"":16816,""week"":""6"",""points"":137.22,""opponent_points"":127.48,""result"":""win"",""is_playoff"":false,""is_championship"":false}",0-1,1,0,1,0,100.16,148.86,-48.7,-48.7,true
108590,Rob & GregBo,54850,LFTLR,2,8,0,10,2-8,0.2,1081.82,1275.84,108.18,127.58,-194.02,-19.4,"{""result"":""loss"",""count"":6,""label"":""L6""}","{""season"":""2020"",""season_id"":16817,""week"":""11"",""points"":82.28,""opponent_points"":123.56,""result"":""loss"",""is_playoff"":false,""is_championship"":false}",0-1,1,0,1,0,73.6,147.22,-73.62,-73.62,true
108590,Rob & GregBo,54855,GaTTa,3,1,0,4,3-1,0.75,519.5,440.9,129.88,110.23,78.6,19.65,"{""result"":""loss"",""count"":1,""label"":""L1""}","{""season"":""2016"",""season_id"":16821,""week"":""14"",""points"":90.78,""opponent_points"":131.84,""result"":""loss"",""is_playoff"":false,""is_championship"":false}",0-0,0,0,0,0,0,0,0,0,true
108590,Rob & GregBo,108581,Richie,9,10,0,19,9-10,0.474,2164.9,2265.34,113.94,119.23,-100.44,-5.29,"{""result"":""loss"",""count"":6,""label"":""L6""}","{""season"":""2025"",""season_id"":29821,""week"":""4"",""points"":75.72,""opponent_points"":129.72,""result"":""loss"",""is_playoff"":false,""is_championship"":false}",0-1,1,0,1,0,120.94,128.98,-8.04,-8.04,true
108590,Rob & GregBo,108582,John Juliano,5,3,0,8,5-3,0.625,1035.32,1012.92,129.42,126.62,22.4,2.8,"{""result"":""win"",""count"":3,""label"":""W3""}","{""season"":""2025"",""season_id"":29821,""week"":""7"",""points"":134.98,""opponent_points"":123.16,""result"":""win"",""is_playoff"":false,""is_championship"":false}",1-0,1,1,0,0,150.12,138.58,11.54,11.54,true
108590,Rob & GregBo,108584,Nolan & Vinny,10,12,0,22,10-12,0.455,2555.32,2680.42,116.15,121.84,-125.1,-5.69,"{""result"":""win"",""count"":1,""label"":""W1""}","{""season"":""2025"",""season_id"":29821,""week"":""10"",""points"":123.6,""opponent_points"":117.3,""result"":""win"",""is_playoff"":false,""is_championship"":false}",0-1,1,0,1,0,94.7,130.92,-36.22,-36.22,true
108590,Rob & GregBo,108587,Pung & Tralie,13,12,0,25,13-12,0.52,3102.32,2971.42,124.09,118.86,130.9,5.24,"{""result"":""win"",""count"":3,""label"":""W3""}","{""season"":""2025"",""season_id"":29821,""week"":""13"",""points"":138.78,""opponent_points"":75.84,""result"":""win"",""is_playoff"":false,""is_championship"":false}",1-1,2,1,1,0,135.35,114.97,40.76,20.38,true
108590,Rob & GregBo,108588,Frank & Julian,9,7,0,16,9-7,0.563,1877.02,2029.52,117.31,126.85,-152.5,-9.53,"{""result"":""win"",""count"":2,""label"":""W2""}","{""season"":""2025"",""season_id"":29821,""week"":""5"",""points"":119.42,""opponent_points"":118.06,""result"":""win"",""is_playoff"":false,""is_championship"":false}",0-0,0,0,0,0,0,0,0,0,true
108590,Rob & GregBo,108589,Phil Baldino,6,3,0,9,6-3,0.667,1134.82,1005.4,126.09,111.71,129.42,14.38,"{""result"":""win"",""count"":2,""label"":""W2""}","{""season"":""2025"",""season_id"":29821,""week"":""8"",""points"":124.08,""opponent_points"":109.12,""result"":""win"",""is_playoff"":false,""is_championship"":false}",0-0,0,0,0,0,0,0,0,0,true
108590,Rob & GregBo,108592,Chris & Dom,5,12,0,17,5-12,0.294,2109.6,2268.38,124.09,133.43,-158.78,-9.34,"{""result"":""loss"",""count"":1,""label"":""L1""}","{""season"":""2025"",""season_id"":29821,""week"":""6"",""points"":119.64,""opponent_points"":152.22,""result"":""loss"",""is_playoff"":false,""is_championship"":false}",1-0,1,1,0,0,130.72,106.48,24.24,24.24,true
108592,Chris & Dom,54762,Antdell & Ernie,11,7,0,18,11-7,0.611,2378.16,2223.56,132.12,123.53,154.6,8.59,"{""result"":""loss"",""count"":1,""label"":""L1""}","{""season"":""2025"",""season_id"":29821,""week"":""5"",""points"":135.92,""opponent_points"":162.58,""result"":""loss"",""is_playoff"":false,""is_championship"":false}",1-0,1,1,0,0,147.06,142.54,4.52,4.52,true
108592,Chris & Dom,54773,Ronnie,4,12,0,16,4-12,0.25,1928.4,2070.14,120.53,129.38,-141.74,-8.86,"{""result"":""loss"",""count"":1,""label"":""L1""}","{""season"":""2025"",""season_id"":29821,""week"":""7"",""points"":101.34,""opponent_points"":117.88,""result"":""loss"",""is_playoff"":false,""is_championship"":false}",1-0,1,1,0,0,160.26,111.26,49,49,true
108592,Chris & Dom,54774,Cambrias,5,13,0,18,5-13,0.278,2050.96,2458.1,113.94,136.56,-407.14,-22.62,"{""result"":""loss"",""count"":1,""label"":""L1""}","{""season"":""2025"",""season_id"":29821,""week"":""14"",""points"":101.66,""opponent_points"":112.76,""result"":""loss"",""is_playoff"":false,""is_championship"":false}",1-3,4,1,3,0,127.57,161.3,-134.9,-33.73,true
108592,Chris & Dom,54776,Mike Long,4,2,0,6,4-2,0.667,712.76,638.64,118.79,106.44,74.12,12.35,"{""result"":""loss"",""count"":1,""label"":""L1""}","{""season"":""2025"",""season_id"":29821,""week"":""15"",""points"":106.6,""opponent_points"":141.58,""result"":""loss"",""is_playoff"":true,""is_championship"":false}",0-1,1,0,1,0,106.6,141.58,-34.98,-34.98,true
108592,Chris & Dom,54846,Team JoeBa,9,6,0,15,9-6,0.6,1990.78,1880.44,132.72,125.36,110.34,7.36,"{""result"":""loss"",""count"":4,""label"":""L4""}","{""season"":""2021"",""season_id"":16816,""week"":""12"",""points"":84.28,""opponent_points"":96.4,""result"":""loss"",""is_playoff"":false,""is_championship"":false}",2-0,2,2,0,0,159.36,124.21,70.3,35.15,true
108592,Chris & Dom,54850,LFTLR,9,2,0,11,9-2,0.818,1439.14,1245.16,130.83,113.2,193.98,17.63,"{""result"":""win"",""count"":6,""label"":""W6""}","{""season"":""2020"",""season_id"":16817,""week"":""16"",""points"":123.14,""opponent_points"":92.16,""result"":""win"",""is_playoff"":false,""is_championship"":false}",1-1,2,1,1,0,102.82,126.48,-47.32,-23.66,true
108592,Chris & Dom,54855,GaTTa,6,2,0,8,6-2,0.75,1172.3,1012.94,146.54,126.62,159.36,19.92,"{""result"":""win"",""count"":5,""label"":""W5""}","{""season"":""2016"",""season_id"":16821,""week"":""12"",""points"":174.96,""opponent_points"":118.82,""result"":""win"",""is_playoff"":false,""is_championship"":false}",0-1,1,0,1,0,89.98,124.5,-34.52,-34.52,true
108592,Chris & Dom,108581,Richie,12,5,0,17,12-5,0.706,2300.16,1955.16,135.3,115.01,345,20.29,"{""result"":""win"",""count"":3,""label"":""W3""}","{""season"":""2025"",""season_id"":29821,""week"":""10"",""points"":126.9,""opponent_points"":107,""result"":""win"",""is_playoff"":false,""is_championship"":false}",0-1,1,0,1,0,125.08,139.22,-14.14,-14.14,true
108592,Chris & Dom,108582,John Juliano,5,6,0,11,5-6,0.455,1473.64,1479.46,133.97,134.5,-5.82,-0.53,"{""result"":""win"",""count"":1,""label"":""W1""}","{""season"":""2025"",""season_id"":29821,""week"":""12"",""points"":148.26,""opponent_points"":93.72,""result"":""win"",""is_playoff"":false,""is_championship"":false}",0-2,2,0,2,0,118.12,147.86,-59.48,-29.74,true
108592,Chris & Dom,108584,Nolan & Vinny,10,6,0,16,10-6,0.625,2059.24,1884.84,128.7,117.8,174.4,10.9,"{""result"":""win"",""count"":1,""label"":""W1""}","{""season"":""2025"",""season_id"":29821,""week"":""16"",""points"":184.4,""opponent_points"":127.06,""result"":""win"",""is_playoff"":true,""is_championship"":false}",2-0,2,2,0,0,186.24,108.67,155.14,77.57,true
108592,Chris & Dom,108587,Pung & Tralie,10,7,0,17,10-7,0.588,2045.02,2054.66,120.3,120.86,-9.64,-0.57,"{""result"":""win"",""count"":1,""label"":""W1""}","{""season"":""2025"",""season_id"":29821,""week"":""4"",""points"":187.3,""opponent_points"":115.28,""result"":""win"",""is_playoff"":false,""is_championship"":false}",2-0,2,2,0,0,128.45,113.61,29.68,14.84,true
108592,Chris & Dom,108588,Frank & Julian,11,8,0,19,11-8,0.579,2352.8,2313.7,123.83,121.77,39.1,2.06,"{""result"":""win"",""count"":2,""label"":""W2""}","{""season"":""2025"",""season_id"":29821,""week"":""11"",""points"":111.7,""opponent_points"":111.4,""result"":""win"",""is_playoff"":false,""is_championship"":false}",1-0,1,1,0,0,125.54,102.68,22.86,22.86,true
108592,Chris & Dom,108589,Phil Baldino,4,10,0,14,4-10,0.286,1653.04,1874.24,118.07,133.87,-221.2,-15.8,"{""result"":""loss"",""count"":3,""label"":""L3""}","{""season"":""2025"",""season_id"":29821,""week"":""13"",""points"":107.8,""opponent_points"":157.84,""result"":""loss"",""is_playoff"":false,""is_championship"":false}",0-1,1,0,1,0,79.08,98.56,-19.48,-19.48,true
108592,Chris & Dom,108590,Rob & GregBo,12,5,0,17,12-5,0.706,2268.38,2109.6,133.43,124.09,158.78,9.34,"{""result"":""win"",""count"":1,""label"":""W1""}","{""season"":""2025"",""season_id"":29821,""week"":""6"",""points"":152.22,""opponent_points"":119.64,""result"":""win"",""is_playoff"":false,""is_championship"":false}",0-1,1,0,1,0,106.48,130.72,-24.24,-24.24,true
