member,list,id,league_id,league_member_id,key,achieved,created_at,updated_at,record_type
Antdell & Ernie,achievements,98789202,3854,54762,achievement-champion-not,"[{""achieved_week"":null,""achieved_season_id"":16824}]",,,"{""id"":2800,""league_id"":null,""key"":""achievement-champion-not"",""name"":""The Worst"",""sport"":null,""label"":"""",""description"":""Earned by finishing dead-last in the league."",""type"":""cumulative"",""image"":""/images/achievements/achievement-champion-not.png"",""category"":""achievement"",""display_order"":1,""display_type"":""champion"",""display_format"":null,""is_positive"":0,""use_season_data"":0,""use_players"":0,""use_completed_seasons"":1,""created_at"":null,""updated_at"":null}"
Antdell & Ernie,achievements,98789206,3854,54762,achievement-draft-def-worst,"[{""achieved_week"":null,""achieved_season_id"":16824}]",,,"{""id"":2953,""league_id"":null,""key"":""achievement-draft-def-worst"",""name"":""Worst DEF Draft"",""sport"":""nfl"",""label"":"""",""description"":""Recognizes the manager who had the worst DEF draft in a season."",""type"":""cumulative"",""image"":""/images/achievements/badge-draft.png"",""category"":""achievement"",""display_order"":11,""display_type"":""draft-transaction"",""display_format"":null,""is_positive"":0,""use_season_data"":0,""use_players"":0,""use_completed_seasons"":1,""created_at"":null,""updated_at"":null}"
Antdell & Ernie,achievements,98789204,3854,54762,achievement-matchup-double-up,"[{""matchup_guid"":""4213afb3cab8a9005ba5fbbc142d6652"",""achieved_week"":""7"",""achieved_season_id"":16824}]",,,"{""id"":2878,""league_id"":null,""key"":""achievement-matchup-double-up"",""name"":""Double Up"",""sport"":null,""label"":"""",""description"":""Earned by doubling an opponent's score in a matchup."",""type"":""cumulative"",""image"":""/images/achievements/badge-matchup.png"",""category"":""achievement"",""display_order"":9,""display_type"":""matchup"",""display_format"":null,""is_positive"":1,""use_season_data"":0,""use_players"":0,""use_completed_seasons"":0,""created_at"":null,""updated_at"":null}"
Antdell & Ernie,achievements,98789205,3854,54762,achievement-matchup-snoozer,"[{""matchup_guid"":""2b8f8993819d5d154382ab3d457c4dce"",""achieved_week"":""12"",""achieved_season_id"":16824}]",,,"{""id"":2884,""league_id"":null,""key"":""achievement-matchup-snoozer"",""name"":""The Snoozer"",""sport"":null,""label"":"""",""description"":""Earned for participating in the lowest total scoring matchup in a season."",""type"":""cumulative"",""image"":""/images/achievements/badge-matchup.png"",""category"":""achievement"",""display_order"":4,""display_type"":""matchup"",""display_format"":null,""is_positive"":0,""use_season_data"":0,""use_players"":0,""use_completed_seasons"":1,""created_at"":null,""updated_at"":null}"
Antdell & Ernie,achievements,98789208,3854,54762,achievement-roster-coach-score-good,"[{""achieved_week"":null,""achieved_season_id"":16824}]",,,"{""id"":2979,""league_id"":null,""key"":""achievement-roster-coach-score-good"",""name"":""The Tactician"",""sport"":null,""label"":"""",""description"":""Awarded for achieving a coach score of 95+ in a season."",""type"":""cumulative"",""image"":""/images/achievements/achievement-roster-coach-score-good.png"",""category"":""achievement"",""display_order"":2,""display_type"":""roster"",""display_format"":null,""is_positive"":1,""use_season_data"":0,""use_players"":0,""use_completed_seasons"":1,""created_at"":null,""updated_at"":null}"
Antdell & Ernie,achievements,98789207,3854,54762,achievement-roster-coach-score-top,"[{""achieved_week"":null,""achieved_season_id"":16824}]",,,"{""id"":2978,""league_id"":null,""key"":""achievement-roster-coach-score-top"",""name"":""The General"",""sport"":null,""label"":"""",""description"":""Achieved for performing the best as a roster coach in a season."",""type"":""cumulative"",""image"":""/images/achievements/achievement-roster-coach-score-top.png"",""category"":""achievement"",""display_order"":1,""display_type"":""roster"",""display_format"":null,""is_positive"":1,""use_season_data"":0,""use_players"":0,""use_completed_seasons"":1,""created_at"":null,""updated_at"":null}"
Antdell & Ernie,achievements,98789209,3854,54762,achievement-roster-def-worst,"[{""achieved_week"":null,""achieved_season_id"":16824}]",,,"{""id"":3017,""league_id"":null,""key"":""achievement-roster-def-worst"",""name"":""Worst DEF Roster"",""sport"":""nfl"",""label"":"""",""description"":""Recognizes the manager who had the worst-scoring DEF roster in a season."",""type"":""cumulative"",""image"":""/images/achievements/achievement-roster-def-worst.png"",""category"":""achievement"",""display_order"":8,""display_type"":""roster"",""display_format"":null,""is_positive"":0,""use_season_data"":0,""use_players"":0,""use_completed_seasons"":1,""created_at"":null,""updated_at"":null}"
Antdell & Ernie,achievements,98789203,3854,54762,achievement-season-score-wood,"[{""achieved_week"":null,""achieved_season_id"":16824}]",,,"{""id"":2834,""league_id"":null,""key"":""achievement-season-score-wood"",""name"":""Wood Season"",""sport"":null,""label"":"""",""description"":""Awarded for earning a wood-level season score (60-70)."",""type"":""cumulative"",""image"":""/images/achievements/achievement-season-score-wood.png"",""category"":""achievement"",""display_order"":2,""display_type"":""season"",""display_format"":null,""is_positive"":0,""use_season_data"":0,""use_players"":0,""use_completed_seasons"":1,""created_at"":null,""updated_at"":null}"
Antdell & Ernie,achievements,98789153,3854,54762,achievement-transaction-trades-all-time-10,"[{""achieved_week"":null,""achieved_season_id"":62453}]",,,"{""id"":2938,""league_id"":null,""key"":""achievement-transaction-trades-all-time-10"",""name"":""Total Trades - 10"",""sport"":null,""label"":"""",""description"":""Completed ten trades all-time."",""type"":""cumulative"",""image"":""/images/achievements/badge-transaction-trade.png"",""category"":""achievement"",""display_order"":46,""display_type"":""draft-transaction"",""display_format"":null,""is_positive"":1,""use_season_data"":0,""use_players"":0,""use_completed_seasons"":0,""created_at"":null,""updated_at"":null}"
Antdell & Ernie,achievements,98789160,3854,54762,achievement-transaction-trades-all-time-25,"[{""achieved_week"":null,""achieved_season_id"":62453}]",,,"{""id"":2939,""league_id"":null,""key"":""achievement-transaction-trades-all-time-25"",""name"":""Total Trades - 25"",""sport"":null,""label"":"""",""description"":""Completed twenty-five trades all-time."",""type"":""cumulative"",""image"":""/images/achievements/badge-transaction-trade.png"",""category"":""achievement"",""display_order"":47,""display_type"":""draft-transaction"",""display_format"":null,""is_positive"":1,""use_season_data"":0,""use_players"":0,""use_completed_seasons"":0,""created_at"":null,""updated_at"":null}"
Ronnie,achievements,98789162,3854,54773,achievement-champion,"[{""achieved_week"":null,""achieved_season_id"":16824}]",,,"{""id"":2778,""league_id"":null,""key"":""achievement-champion"",""name"":""Champion"",""sport"":null,""label"":"""",""description"":""Earned by becoming a league champion."",""type"":""cumulative"",""image"":""/images/achievements/achievement-champion.png"",""category"":""achievement"",""display_order"":5,""display_type"":""champion"",""display_format"":null,""is_positive"":1,""use_season_data"":0,""use_players"":0,""use_completed_seasons"":1,""created_at"":null,""updated_at"":null}"
Ronnie,achievements,98789163,3854,54773,achievement-champion-first-season,"[{""achieved_week"":null,""achieved_season_id"":16824}]",,,"{""id"":2784,""league_id"":null,""key"":""achievement-champion-first-season"",""name"":""The Ringer"",""sport"":null,""label"":"""",""description"":""Awarded to a team that wins the championship in their first season."",""type"":""cumulative"",""image"":""/images/achievements/achievement-champion-first-season.png"",""category"":""achievement"",""display_order"":11,""display_type"":""champion"",""display_format"":null,""is_positive"":1,""use_season_data"":0,""use_players"":0,""use_completed_seasons"":1,""created_at"":null,""updated_at"":null}"
Ronnie,achievements,98789165,3854,54773,achievement-matchup-nailbiter-loss,"[{""matchup_guid"":""c811ff93a4cf35064ba941681a3a9bde"",""achieved_week"":""7"",""achieved_season_id"":16824}]",,,"{""id"":2883,""league_id"":null,""key"":""achievement-matchup-nailbiter-loss"",""name"":""Heartbreaker"",""sport"":null,""label"":"""",""description"":""Earned by being on the losing end of the narrowest matchup of the season."",""type"":""cumulative"",""image"":""/images/achievements/badge-matchup.png"",""category"":""achievement"",""display_order"":3,""display_type"":""matchup"",""display_format"":null,""is_positive"":0,""use_season_data"":0,""use_players"":0,""use_completed_seasons"":1,""created_at"":null,""updated_at"":null}"
Ronnie,achievements,98789166,3854,54773,achievement-roster-qb-top,"[{""achieved_week"":null,""achieved_season_id"":16824}]",,,"{""id"":2981,""league_id"":null,""key"":""achievement-roster-qb-top"",""name"":""Top QB Roster"",""sport"":""nfl"",""label"":"""",""description"":""Recognizes the manager who had the top-scoring QB roster in a season."",""type"":""cumulative"",""image"":""/images/achievements/achievement-roster-qb-top.png"",""category"":""achievement"",""display_order"":4,""display_type"":""roster"",""display_format"":null,""is_positive"":1,""use_season_data"":0,""use_players"":0,""use_completed_seasons"":1,""created_at"":null,""updated_at"":null}"
Ronnie,achievements,98789164,3854,54773,achievement-season-score-gold,"[{""achieved_week"":null,""achieved_season_id"":16824}]",,,"{""id"":2822,""league_id"":null,""key"":""achievement-season-score-gold"",""name"":""Gold Season"",""sport"":null,""label"":"""",""description"":""Awarded for earning a gold-level season score (90-95)."",""type"":""cumulative"",""image"":""/images/achievements/achievement-season-score-gold.png"",""category"":""achievement"",""display_order"":3,""display_type"":""season"",""display_format"":null,""is_positive"":1,""use_season_data"":0,""use_players"":0,""use_completed_seasons"":1,""created_at"":null,""updated_at"":null}"
Ronnie,achievements,98789156,3854,54773,achievement-transaction-trades-all-time-10,"[{""achieved_week"":null,""achieved_season_id"":62453}]",,,"{""id"":2938,""league_id"":null,""key"":""achievement-transaction-trades-all-time-10"",""name"":""Total Trades - 10"",""sport"":null,""label"":"""",""description"":""Completed ten trades all-time."",""type"":""cumulative"",""image"":""/images/achievements/badge-transaction-trade.png"",""category"":""achievement"",""display_order"":46,""display_type"":""draft-transaction"",""display_format"":null,""is_positive"":1,""use_season_data"":0,""use_players"":0,""use_completed_seasons"":0,""created_at"":null,""updated_at"":null}"
Cambrias,achievements,98789218,3854,54774,achievement-matchup-nailbiter,"[{""matchup_guid"":""c811ff93a4cf35064ba941681a3a9bde"",""achieved_week"":""7"",""achieved_season_id"":16824}]",,,"{""id"":2873,""league_id"":null,""key"":""achievement-matchup-nailbiter"",""name"":""Thread the Needle"",""sport"":null,""label"":"""",""description"":""Awarded for achieving the narrowest margin of victory in a matchup in a season."",""type"":""cumulative"",""image"":""/images/achievements/badge-matchup.png"",""category"":""achievement"",""display_order"":4,""display_type"":""matchup"",""display_format"":null,""is_positive"":1,""use_season_data"":0,""use_players"":0,""use_completed_seasons"":1,""created_at"":null,""updated_at"":null}"
Cambrias,achievements,98789219,3854,54774,achievement-matchup-second-under-high,"[{""matchup_guid"":""e025207f8bb7a14c938a081d1f1d8eed"",""achieved_week"":""13"",""achieved_season_id"":16824}]",,,"{""id"":2891,""league_id"":null,""key"":""achievement-matchup-second-under-high"",""name"":""Spoiled Goods"",""sport"":null,""label"":"""",""description"":""Achieved when losing with the second highest points for the week to the top scorer."",""type"":""cumulative"",""image"":""/images/achievements/badge-matchup.png"",""category"":""achievement"",""display_order"":11,""display_type"":""matchup"",""display_format"":null,""is_positive"":0,""use_season_data"":0,""use_players"":0,""use_completed_seasons"":0,""created_at"":null,""updated_at"":null}"
Cambrias,achievements,98789221,3854,54774,achievement-roster-def-top,"[{""achieved_week"":null,""achieved_season_id"":16824}]",,,"{""id"":2986,""league_id"":null,""key"":""achievement-roster-def-top"",""name"":""Top DEF Roster"",""sport"":""nfl"",""label"":"""",""description"":""Recognizes the manager who had the top-scoring DEF roster in a season."",""type"":""cumulative"",""image"":""/images/achievements/achievement-roster-def-top.png"",""category"":""achievement"",""display_order"":9,""display_type"":""roster"",""display_format"":null,""is_positive"":1,""use_season_data"":0,""use_players"":0,""use_completed_seasons"":1,""created_at"":null,""updated_at"":null}"
Cambrias,achievements,98789222,3854,54774,achievement-roster-k-worst,"[{""achieved_week"":null,""achieved_season_id"":16824}]",,,"{""id"":3016,""league_id"":null,""key"":""achievement-roster-k-worst"",""name"":""Worst K Roster"",""sport"":""nfl"",""label"":"""",""description"":""Recognizes the manager who had the worst-scoring K roster in a season."",""type"":""cumulative"",""image"":""/images/achievements/achievement-roster-k-worst.png"",""category"":""achievement"",""display_order"":7,""display_type"":""roster"",""display_format"":null,""is_positive"":0,""use_season_data"":0,""use_players"":0,""use_completed_seasons"":1,""created_at"":null,""updated_at"":null}"
Cambrias,achievements,98789220,3854,54774,achievement-roster-te-top,"[{""achieved_week"":null,""achieved_season_id"":16824}]",,,"{""id"":2984,""league_id"":null,""key"":""achievement-roster-te-top"",""name"":""Top TE Roster"",""sport"":""nfl"",""label"":"""",""description"":""Recognizes the manager who had the top-scoring TE roster in a season."",""type"":""cumulative"",""image"":""/images/achievements/achievement-roster-te-top.png"",""category"":""achievement"",""display_order"":7,""display_type"":""roster"",""display_format"":null,""is_positive"":1,""use_season_data"":0,""use_players"":0,""use_completed_seasons"":1,""created_at"":null,""updated_at"":null}"
Cambrias,achievements,98789216,3854,54774,achievement-season-score-bronze,"[{""achieved_week"":null,""achieved_season_id"":16824}]",,,"{""id"":2820,""league_id"":null,""key"":""achievement-season-score-bronze"",""name"":""Bronze Season"",""sport"":null,""label"":"""",""description"":""Awarded for earning a bronze-level season score (80-85)."",""type"":""cumulative"",""image"":""/images/achievements/achievement-season-score-bronze.png"",""category"":""achievement"",""display_order"":1,""display_type"":""season"",""display_format"":null,""is_positive"":1,""use_season_data"":0,""use_players"":0,""use_completed_seasons"":1,""created_at"":null,""updated_at"":null}"
Cambrias,achievements,98789217,3854,54774,achievement-season-top-half-many,"[{""achieved_week"":null,""achieved_season_id"":16824}]",,,"{""id"":2829,""league_id"":null,""key"":""achievement-season-top-half-many"",""name"":""Season Top-Half Scoring - 75%"",""sport"":null,""label"":"""",""description"":""Recognizes a team scoring in the top half of the matchups for a week 75%+ of time in a single season."",""type"":""cumulative"",""image"":""/images/achievements/achievement-season-top-half-many.png"",""category"":""achievement"",""display_order"":10,""display_type"":""season"",""display_format"":null,""is_positive"":1,""use_season_data"":0,""use_players"":0,""use_completed_seasons"":1,""created_at"":null,""updated_at"":null}"
Cambrias,achievements,98789152,3854,54774,achievement-transaction-trades-all-time-10,"[{""achieved_week"":null,""achieved_season_id"":62453}]",,,"{""id"":2938,""league_id"":null,""key"":""achievement-transaction-trades-all-time-10"",""name"":""Total Trades - 10"",""sport"":null,""label"":"""",""description"":""Completed ten trades all-time."",""type"":""cumulative"",""image"":""/images/achievements/badge-transaction-trade.png"",""category"":""achievement"",""display_order"":46,""display_type"":""draft-transaction"",""display_format"":null,""is_positive"":1,""use_season_data"":0,""use_players"":0,""use_completed_seasons"":0,""created_at"":null,""updated_at"":null}"
Cambrias,achievements,98789159,3854,54774,achievement-transaction-trades-all-time-25,"[{""achieved_week"":null,""achieved_season_id"":62453}]",,,"{""id"":2939,""league_id"":null,""key"":""achievement-transaction-trades-all-time-25"",""name"":""Total Trades - 25"",""sport"":null,""label"":"""",""description"":""Completed twenty-five trades all-time."",""type"":""cumulative"",""image"":""/images/achievements/badge-transaction-trade.png"",""category"":""achievement"",""display_order"":47,""display_type"":""draft-transaction"",""display_format"":null,""is_positive"":1,""use_season_data"":0,""use_players"":0,""use_completed_seasons"":0,""created_at"":null,""updated_at"":null}"
Mike Long,achievements,98789150,3854,54776,achievement-transaction-trades-all-time-10,"[{""achieved_week"":null,""achieved_season_id"":62453}]",,,"{""id"":2938,""league_id"":null,""key"":""achievement-transaction-trades-all-time-10"",""name"":""Total Trades - 10"",""sport"":null,""label"":"""",""description"":""Completed ten trades all-time."",""type"":""cumulative"",""image"":""/images/achievements/badge-transaction-trade.png"",""category"":""achievement"",""display_order"":46,""display_type"":""draft-transaction"",""display_format"":null,""is_positive"":1,""use_season_data"":0,""use_players"":0,""use_completed_seasons"":0,""created_at"":null,""updated_at"":null}"
Mike Long,achievements,98789161,3854,54776,achievement-veteran-presence,"[{""achieved_week"":null,""achieved_season_id"":62453}]",,,"{""id"":2845,""league_id"":null,""key"":""achievement-veteran-presence"",""name"":""Veteran Presence"",""sport"":null,""label"":"""",""description"":""Recognition for reaching five seasons of tenure with the league."",""type"":""cumulative"",""image"":""/images/achievements/achievement-veteran-presence.png"",""category"":""achievement"",""display_order"":1,""display_type"":""league"",""display_format"":null,""is_positive"":1,""use_season_data"":0,""use_players"":0,""use_completed_seasons"":0,""created_at"":null,""updated_at"":null}"
Richie,achievements,98789214,3854,108581,achievement-draft-wr-top,"[{""achieved_week"":null,""achieved_season_id"":16824}]",,,"{""id"":2900,""league_id"":null,""key"":""achievement-draft-wr-top"",""name"":""Top WR Draft"",""sport"":""nfl"",""label"":"""",""description"":""Recognized for outstanding drafting at the WR position."",""type"":""cumulative"",""image"":""/images/achievements/badge-draft.png"",""category"":""achievement"",""display_order"":8,""display_type"":""draft-transaction"",""display_format"":null,""is_positive"":1,""use_season_data"":0,""use_players"":0,""use_completed_seasons"":1,""created_at"":null,""updated_at"":null}"
Richie,achievements,98789212,3854,108581,achievement-matchup-blowout-loss,"[{""matchup_guid"":""a82416768a77d51f758e97c8e367a067"",""achieved_week"":""12"",""achieved_season_id"":16824}]",,,"{""id"":2882,""league_id"":null,""key"":""achievement-matchup-blowout-loss"",""name"":""The Bye Week"",""sport"":null,""label"":"""",""description"":""Earned by being on the losing end of the largest blowout of the season."",""type"":""cumulative"",""image"":""/images/achievements/badge-matchup.png"",""category"":""achievement"",""display_order"":2,""display_type"":""matchup"",""display_format"":null,""is_positive"":0,""use_season_data"":0,""use_players"":0,""use_completed_seasons"":1,""created_at"":null,""updated_at"":null}"
Richie,achievements,98789213,3854,108581,achievement-matchup-doubled-up,"[{""matchup_guid"":""a82416768a77d51f758e97c8e367a067"",""achieved_week"":""12"",""achieved_season_id"":16824}]",,,"{""id"":2889,""league_id"":null,""key"":""achievement-matchup-doubled-up"",""name"":""Doubled Up"",""sport"":null,""label"":"""",""description"":""Given when a team is doubled up by an opponent in a matchup."",""type"":""cumulative"",""image"":""/images/achievements/badge-matchup.png"",""category"":""achievement"",""display_order"":9,""display_type"":""matchup"",""display_format"":null,""is_positive"":0,""use_season_data"":0,""use_players"":0,""use_completed_seasons"":0,""created_at"":null,""updated_at"":null}"
Richie,achievements,98789211,3854,108581,achievement-matchup-lowest,"[{""matchup_guid"":""a82416768a77d51f758e97c8e367a067"",""achieved_week"":""12"",""achieved_season_id"":16824}]",,,"{""id"":2881,""league_id"":null,""key"":""achievement-matchup-lowest"",""name"":""The Dud Bowl"",""sport"":null,""label"":"""",""description"":""Awarded for achieving the lowest scoring matchup in a season."",""type"":""cumulative"",""image"":""/images/achievements/badge-matchup.png"",""category"":""achievement"",""display_order"":1,""display_type"":""matchup"",""display_format"":null,""is_positive"":0,""use_season_data"":0,""use_players"":0,""use_completed_seasons"":1,""created_at"":null,""updated_at"":null}"
Richie,achievements,98789215,3854,108581,achievement-roster-wr-top,"[{""achieved_week"":null,""achieved_season_id"":16824}]",,,"{""id"":2983,""league_id"":null,""key"":""achievement-roster-wr-top"",""name"":""Top WR Roster"",""sport"":""nfl"",""label"":"""",""description"":""Recognizes the manager who had the top-scoring WR roster in a season."",""type"":""cumulative"",""image"":""/images/achievements/achievement-roster-wr-top.png"",""category"":""achievement"",""display_order"":6,""display_type"":""roster"",""display_format"":null,""is_positive"":1,""use_season_data"":0,""use_players"":0,""use_completed_seasons"":1,""created_at"":null,""updated_at"":null}"
Richie,achievements,98789210,3854,108581,achievement-season-score-iron,"[{""achieved_week"":null,""achieved_season_id"":16824}]",,,"{""id"":2833,""league_id"":null,""key"":""achievement-season-score-iron"",""name"":""Iron Season"",""sport"":null,""label"":"""",""description"":""Awarded for earning an iron-level season score (70-80)."",""type"":""cumulative"",""image"":""/images/achievements/achievement-season-score-iron.png"",""category"":""achievement"",""display_order"":1,""display_type"":""season"",""display_format"":null,""is_positive"":0,""use_season_data"":0,""use_players"":0,""use_completed_seasons"":1,""created_at"":null,""updated_at"":null}"
Richie,achievements,98789148,3854,108581,achievement-transaction-trades-all-time-10,"[{""achieved_week"":null,""achieved_season_id"":62453}]",,,"{""id"":2938,""league_id"":null,""key"":""achievement-transaction-trades-all-time-10"",""name"":""Total Trades - 10"",""sport"":null,""label"":"""",""description"":""Completed ten trades all-time."",""type"":""cumulative"",""image"":""/images/achievements/badge-transaction-trade.png"",""category"":""achievement"",""display_order"":46,""display_type"":""draft-transaction"",""display_format"":null,""is_positive"":1,""use_season_data"":0,""use_players"":0,""use_completed_seasons"":0,""created_at"":null,""updated_at"":null}"
John Juliano,achievements,98789149,3854,108582,achievement-transaction-trades-all-time-10,"[{""achieved_week"":null,""achieved_season_id"":62453}]",,,"{""id"":2938,""league_id"":null,""key"":""achievement-transaction-trades-all-time-10"",""name"":""Total Trades - 10"",""sport"":null,""label"":"""",""description"":""Completed ten trades all-time."",""type"":""cumulative"",""image"":""/images/achievements/badge-transaction-trade.png"",""category"":""achievement"",""display_order"":46,""display_type"":""draft-transaction"",""display_format"":null,""is_positive"":1,""use_season_data"":0,""use_players"":0,""use_completed_seasons"":0,""created_at"":null,""updated_at"":null}"
Nolan & Vinny,achievements,98789225,3854,108584,achievement-draft-k-worst,"[{""achieved_week"":null,""achieved_season_id"":16824}]",,,"{""id"":2952,""league_id"":null,""key"":""achievement-draft-k-worst"",""name"":""Worst K Draft"",""sport"":""nfl"",""label"":"""",""description"":""Recognizes the manager who had the worst K draft in a season."",""type"":""cumulative"",""image"":""/images/achievements/badge-draft.png"",""category"":""achievement"",""display_order"":10,""display_type"":""draft-transaction"",""display_format"":null,""is_positive"":0,""use_season_data"":0,""use_players"":0,""use_completed_seasons"":1,""created_at"":null,""updated_at"":null}"
Nolan & Vinny,achievements,98789226,3854,108584,achievement-roster-wr-worst,"[{""achieved_week"":null,""achieved_season_id"":16824}]",,,"{""id"":3014,""league_id"":null,""key"":""achievement-roster-wr-worst"",""name"":""Worst WR Roster"",""sport"":""nfl"",""label"":"""",""description"":""Recognizes the manager who had the worst-scoring WR roster in a season."",""type"":""cumulative"",""image"":""/images/achievements/achievement-roster-wr-worst.png"",""category"":""achievement"",""display_order"":5,""display_type"":""roster"",""display_format"":null,""is_positive"":0,""use_season_data"":0,""use_players"":0,""use_completed_seasons"":1,""created_at"":null,""updated_at"":null}"
Nolan & Vinny,achievements,98789224,3854,108584,achievement-season-bottom-half-many,"[{""achieved_week"":null,""achieved_season_id"":16824}]",,,"{""id"":2841,""league_id"":null,""key"":""achievement-season-bottom-half-many"",""name"":""Season Bottom-Half Scoring - 75%"",""sport"":null,""label"":"""",""description"":""Recognizes a team scoring in the bottom half of the matchups for a week 75%+ of time in a single season."",""type"":""cumulative"",""image"":""/images/achievements/achievement-season-bottom-half-many.png"",""category"":""achievement"",""display_order"":9,""display_type"":""season"",""display_format"":null,""is_positive"":0,""use_season_data"":0,""use_players"":0,""use_completed_seasons"":1,""created_at"":null,""updated_at"":null}"
Nolan & Vinny,achievements,98789223,3854,108584,achievement-season-score-wood,"[{""achieved_week"":null,""achieved_season_id"":16824}]",,,"{""id"":2834,""league_id"":null,""key"":""achievement-season-score-wood"",""name"":""Wood Season"",""sport"":null,""label"":"""",""description"":""Awarded for earning a wood-level season score (60-70)."",""type"":""cumulative"",""image"":""/images/achievements/achievement-season-score-wood.png"",""category"":""achievement"",""display_order"":2,""display_type"":""season"",""display_format"":null,""is_positive"":0,""use_season_data"":0,""use_players"":0,""use_completed_seasons"":1,""created_at"":null,""updated_at"":null}"
Nolan & Vinny,achievements,98789151,3854,108584,achievement-transaction-trades-all-time-10,"[{""achieved_week"":null,""achieved_season_id"":62453}]",,,"{""id"":2938,""league_id"":null,""key"":""achievement-transaction-trades-all-time-10"",""name"":""Total Trades - 10"",""sport"":null,""label"":"""",""description"":""Completed ten trades all-time."",""type"":""cumulative"",""image"":""/images/achievements/badge-transaction-trade.png"",""category"":""achievement"",""display_order"":46,""display_type"":""draft-transaction"",""display_format"":null,""is_positive"":1,""use_season_data"":0,""use_players"":0,""use_completed_seasons"":0,""created_at"":null,""updated_at"":null}"
Nolan & Vinny,achievements,98789158,3854,108584,achievement-transaction-trades-all-time-25,"[{""achieved_week"":null,""achieved_season_id"":62453}]",,,"{""id"":2939,""league_id"":null,""key"":""achievement-transaction-trades-all-time-25"",""name"":""Total Trades - 25"",""sport"":null,""label"":"""",""description"":""Completed twenty-five trades all-time."",""type"":""cumulative"",""image"":""/images/achievements/badge-transaction-trade.png"",""category"":""achievement"",""display_order"":47,""display_type"":""draft-transaction"",""display_format"":null,""is_positive"":1,""use_season_data"":0,""use_players"":0,""use_completed_seasons"":0,""created_at"":null,""updated_at"":null}"
Pung & Tralie,achievements,98789177,3854,108587,achievement-draft-top,"[{""achieved_week"":null,""achieved_season_id"":16824}]",,,"{""id"":2893,""league_id"":null,""key"":""achievement-draft-top"",""name"":""The Mastermind"",""sport"":null,""label"":"""",""description"":""Achieved the top draft score for a season."",""type"":""cumulative"",""image"":""/images/achievements/achievement-draft-top.png"",""category"":""achievement"",""display_order"":1,""display_type"":""draft-transaction"",""display_format"":null,""is_positive"":1,""use_season_data"":0,""use_players"":0,""use_completed_seasons"":1,""created_at"":null,""updated_at"":null}"
Pung & Tralie,achievements,98789174,3854,108587,achievement-matchup-blowout,"[{""matchup_guid"":""a82416768a77d51f758e97c8e367a067"",""achieved_week"":""12"",""achieved_season_id"":16824}]",,,"{""id"":2872,""league_id"":null,""key"":""achievement-matchup-blowout"",""name"":""Massacre"",""sport"":null,""label"":"""",""description"":""Awarded for achieving the highest scoring blowout in a season."",""type"":""cumulative"",""image"":""/images/achievements/badge-matchup.png"",""category"":""achievement"",""display_order"":3,""display_type"":""matchup"",""display_format"":null,""is_positive"":1,""use_season_data"":0,""use_players"":0,""use_completed_seasons"":1,""created_at"":null,""updated_at"":null}"
Pung & Tralie,achievements,98789175,3854,108587,achievement-matchup-double-up,"[{""matchup_guid"":""a82416768a77d51f758e97c8e367a067"",""achieved_week"":""12"",""achieved_season_id"":16824}]",,,"{""id"":2878,""league_id"":null,""key"":""achievement-matchup-double-up"",""name"":""Double Up"",""sport"":null,""label"":"""",""description"":""Earned by doubling an opponent's score in a matchup."",""type"":""cumulative"",""image"":""/images/achievements/badge-matchup.png"",""category"":""achievement"",""display_order"":9,""display_type"":""matchup"",""display_format"":null,""is_positive"":1,""use_season_data"":0,""use_players"":0,""use_completed_seasons"":0,""created_at"":null,""updated_at"":null}"
Pung & Tralie,achievements,98789176,3854,108587,achievement-matchup-high-over-second,"[{""matchup_guid"":""e025207f8bb7a14c938a081d1f1d8eed"",""achieved_week"":""13"",""achieved_season_id"":16824}]",,,"{""id"":2879,""league_id"":null,""key"":""achievement-matchup-high-over-second"",""name"":""Perfectly Peaked"",""sport"":null,""label"":"""",""description"":""Earned by defeating the 2nd highest points scored opponent in a matchup."",""type"":""cumulative"",""image"":""/images/achievements/badge-matchup.png"",""category"":""achievement"",""display_order"":10,""display_type"":""matchup"",""display_format"":null,""is_positive"":1,""use_season_data"":0,""use_players"":0,""use_completed_seasons"":0,""created_at"":null,""updated_at"":null}"
Pung & Tralie,achievements,98789178,3854,108587,achievement-roster-qb-worst,"[{""achieved_week"":null,""achieved_season_id"":16824}]",,,"{""id"":3012,""league_id"":null,""key"":""achievement-roster-qb-worst"",""name"":""Worst QB Roster"",""sport"":""nfl"",""label"":"""",""description"":""Recognizes the manager who had the worst-scoring QB roster in a season."",""type"":""cumulative"",""image"":""/images/achievements/achievement-roster-qb-worst.png"",""category"":""achievement"",""display_order"":3,""display_type"":""roster"",""display_format"":null,""is_positive"":0,""use_season_data"":0,""use_players"":0,""use_completed_seasons"":1,""created_at"":null,""updated_at"":null}"
Pung & Tralie,achievements,98789173,3854,108587,achievement-season-score-iron,"[{""achieved_week"":null,""achieved_season_id"":16824}]",,,"{""id"":2833,""league_id"":null,""key"":""achievement-season-score-iron"",""name"":""Iron Season"",""sport"":null,""label"":"""",""description"":""Awarded for earning an iron-level season score (70-80)."",""type"":""cumulative"",""image"":""/images/achievements/achievement-season-score-iron.png"",""category"":""achievement"",""display_order"":1,""display_type"":""season"",""display_format"":null,""is_positive"":0,""use_season_data"":0,""use_players"":0,""use_completed_seasons"":1,""created_at"":null,""updated_at"":null}"
Frank & Julian,achievements,98789169,3854,108588,achievement-draft-def-top,"[{""achieved_week"":null,""achieved_season_id"":16824}]",,,"{""id"":2903,""league_id"":null,""key"":""achievement-draft-def-top"",""name"":""Top DEF Draft"",""sport"":""nfl"",""label"":"""",""description"":""Recognized for outstanding drafting at the DEF position."",""type"":""cumulative"",""image"":""/images/achievements/badge-draft.png"",""category"":""achievement"",""display_order"":11,""display_type"":""draft-transaction"",""display_format"":null,""is_positive"":1,""use_season_data"":0,""use_players"":0,""use_completed_seasons"":1,""created_at"":null,""updated_at"":null}"
Frank & Julian,achievements,98789170,3854,108588,achievement-draft-qb-worst,"[{""achieved_week"":null,""achieved_season_id"":16824}]",,,"{""id"":2948,""league_id"":null,""key"":""achievement-draft-qb-worst"",""name"":""Worst QB Draft"",""sport"":""nfl"",""label"":"""",""description"":""Recognizes the manager who had the worst QB draft in a season."",""type"":""cumulative"",""image"":""/images/achievements/badge-draft.png"",""category"":""achievement"",""display_order"":6,""display_type"":""draft-transaction"",""display_format"":null,""is_positive"":0,""use_season_data"":0,""use_players"":0,""use_completed_seasons"":1,""created_at"":null,""updated_at"":null}"
Frank & Julian,achievements,98789168,3854,108588,achievement-matchup-snoozer,"[{""matchup_guid"":""2b8f8993819d5d154382ab3d457c4dce"",""achieved_week"":""12"",""achieved_season_id"":16824}]",,,"{""id"":2884,""league_id"":null,""key"":""achievement-matchup-snoozer"",""name"":""The Snoozer"",""sport"":null,""label"":"""",""description"":""Earned for participating in the lowest total scoring matchup in a season."",""type"":""cumulative"",""image"":""/images/achievements/badge-matchup.png"",""category"":""achievement"",""display_order"":4,""display_type"":""matchup"",""display_format"":null,""is_positive"":0,""use_season_data"":0,""use_players"":0,""use_completed_seasons"":1,""created_at"":null,""updated_at"":null}"
Frank & Julian,achievements,98789171,3854,108588,achievement-roster-coach-score-good,"[{""achieved_week"":null,""achieved_season_id"":16824}]",,,"{""id"":2979,""league_id"":null,""key"":""achievement-roster-coach-score-good"",""name"":""The Tactician"",""sport"":null,""label"":"""",""description"":""Awarded for achieving a coach score of 95+ in a season."",""type"":""cumulative"",""image"":""/images/achievements/achievement-roster-coach-score-good.png"",""category"":""achievement"",""display_order"":2,""display_type"":""roster"",""display_format"":null,""is_positive"":1,""use_season_data"":0,""use_players"":0,""use_completed_seasons"":1,""created_at"":null,""updated_at"":null}"
Frank & Julian,achievements,98789172,3854,108588,achievement-roster-te-worst,"[{""achieved_week"":null,""achieved_season_id"":16824}]",,,"{""id"":3015,""league_id"":null,""key"":""achievement-roster-te-worst"",""name"":""Worst TE Roster"",""sport"":""nfl"",""label"":"""",""description"":""Recognizes the manager who had the worst-scoring TE roster in a season."",""type"":""cumulative"",""image"":""/images/achievements/achievement-roster-te-worst.png"",""category"":""achievement"",""display_order"":6,""display_type"":""roster"",""display_format"":null,""is_positive"":0,""use_season_data"":0,""use_players"":0,""use_completed_seasons"":1,""created_at"":null,""updated_at"":null}"
Frank & Julian,achievements,98789167,3854,108588,achievement-season-score-wood,"[{""achieved_week"":null,""achieved_season_id"":16824}]",,,"{""id"":2834,""league_id"":null,""key"":""achievement-season-score-wood"",""name"":""Wood Season"",""sport"":null,""label"":"""",""description"":""Awarded for earning a wood-level season score (60-70)."",""type"":""cumulative"",""image"":""/images/achievements/achievement-season-score-wood.png"",""category"":""achievement"",""display_order"":2,""display_type"":""season"",""display_format"":null,""is_positive"":0,""use_season_data"":0,""use_players"":0,""use_completed_seasons"":1,""created_at"":null,""updated_at"":null}"
Frank & Julian,achievements,98789154,3854,108588,achievement-transaction-trades-all-time-10,"[{""achieved_week"":null,""achieved_season_id"":62453}]",,,"{""id"":2938,""league_id"":null,""key"":""achievement-transaction-trades-all-time-10"",""name"":""Total Trades - 10"",""sport"":null,""label"":"""",""description"":""Completed ten trades all-time."",""type"":""cumulative"",""image"":""/images/achievements/badge-transaction-trade.png"",""category"":""achievement"",""display_order"":46,""display_type"":""draft-transaction"",""display_format"":null,""is_positive"":1,""use_season_data"":0,""use_players"":0,""use_completed_seasons"":0,""created_at"":null,""updated_at"":null}"
Phil Baldino,achievements,98789147,3854,108589,achievement-old-timer,"[{""achieved_week"":null,""achieved_season_id"":62453}]",,,"{""id"":2846,""league_id"":null,""key"":""achievement-old-timer"",""name"":""Old Timer"",""sport"":null,""label"":"""",""description"":""Further recognition for reaching ten seasons of tenure with the league."",""type"":""cumulative"",""image"":""/images/achievements/achievement-old-timer.png"",""category"":""achievement"",""display_order"":2,""display_type"":""league"",""display_format"":null,""is_positive"":1,""use_season_data"":0,""use_players"":0,""use_completed_seasons"":0,""created_at"":null,""updated_at"":null}"
Phil Baldino,achievements,98789155,3854,108589,achievement-transaction-trades-all-time-10,"[{""achieved_week"":null,""achieved_season_id"":62453}]",,,"{""id"":2938,""league_id"":null,""key"":""achievement-transaction-trades-all-time-10"",""name"":""Total Trades - 10"",""sport"":null,""label"":"""",""description"":""Completed ten trades all-time."",""type"":""cumulative"",""image"":""/images/achievements/badge-transaction-trade.png"",""category"":""achievement"",""display_order"":46,""display_type"":""draft-transaction"",""display_format"":null,""is_positive"":1,""use_season_data"":0,""use_players"":0,""use_completed_seasons"":0,""created_at"":null,""updated_at"":null}"
Rob & GregBo,achievements,98789184,3854,108590,achievement-draft-qb-top,"[{""achieved_week"":null,""achieved_season_id"":16824}]",,,"{""id"":2898,""league_id"":null,""key"":""achievement-draft-qb-top"",""name"":""Top QB Draft"",""sport"":""nfl"",""label"":"""",""description"":""Recognized for outstanding drafting at the QB position."",""type"":""cumulative"",""image"":""/images/achievements/badge-draft.png"",""category"":""achievement"",""display_order"":6,""display_type"":""draft-transaction"",""display_format"":null,""is_positive"":1,""use_season_data"":0,""use_players"":0,""use_completed_seasons"":1,""created_at"":null,""updated_at"":null}"
Rob & GregBo,achievements,98789186,3854,108590,achievement-draft-rb-worst,"[{""achieved_week"":null,""achieved_season_id"":16824}]",,,"{""id"":2949,""league_id"":null,""key"":""achievement-draft-rb-worst"",""name"":""Worst RB Draft"",""sport"":""nfl"",""label"":"""",""description"":""Recognizes the manager who had the worst RB draft in a season."",""type"":""cumulative"",""image"":""/images/achievements/badge-draft.png"",""category"":""achievement"",""display_order"":7,""display_type"":""draft-transaction"",""display_format"":null,""is_positive"":0,""use_season_data"":0,""use_players"":0,""use_completed_seasons"":1,""created_at"":null,""updated_at"":null}"
Rob & GregBo,achievements,98789187,3854,108590,achievement-draft-te-worst,"[{""achieved_week"":null,""achieved_season_id"":16824}]",,,"{""id"":2951,""league_id"":null,""key"":""achievement-draft-te-worst"",""name"":""Worst TE Draft"",""sport"":""nfl"",""label"":"""",""description"":""Recognizes the manager who had the worst TE draft in a season."",""type"":""cumulative"",""image"":""/images/achievements/badge-draft.png"",""category"":""achievement"",""display_order"":9,""display_type"":""draft-transaction"",""display_format"":null,""is_positive"":0,""use_season_data"":0,""use_players"":0,""use_completed_seasons"":1,""created_at"":null,""updated_at"":null}"
Rob & GregBo,achievements,98789185,3854,108590,achievement-draft-worst,"[{""achieved_week"":null,""achieved_season_id"":16824}]",,,"{""id"":2943,""league_id"":null,""key"":""achievement-draft-worst"",""name"":""The Madman"",""sport"":null,""label"":"""",""description"":""Earned for achieving the worst draft score in a season."",""type"":""cumulative"",""image"":""/images/achievements/achievement-draft-worst.png"",""category"":""achievement"",""display_order"":1,""display_type"":""draft-transaction"",""display_format"":null,""is_positive"":0,""use_season_data"":0,""use_players"":0,""use_completed_seasons"":1,""created_at"":null,""updated_at"":null}"
Rob & GregBo,achievements,98789183,3854,108590,achievement-matchup-points-share-lowest,"[{""matchup_guid"":""fd37a3994c59ec12602717222534c3bc"",""achieved_week"":""1"",""achieved_season_id"":16824}]",,,"{""id"":2885,""league_id"":null,""key"":""achievement-matchup-points-share-lowest"",""name"":""The Undercard"",""sport"":null,""label"":"""",""description"":""Earned for achieveing the lowest points share total in a matchup for the season."",""type"":""cumulative"",""image"":""/images/achievements/badge-matchup.png"",""category"":""achievement"",""display_order"":5,""display_type"":""matchup"",""display_format"":null,""is_positive"":0,""use_season_data"":0,""use_players"":0,""use_completed_seasons"":1,""created_at"":null,""updated_at"":null}"
Rob & GregBo,achievements,98789188,3854,108590,achievement-roster-coach-score-worst,"[{""achieved_week"":null,""achieved_season_id"":16824}]",,,"{""id"":3010,""league_id"":null,""key"":""achievement-roster-coach-score-worst"",""name"":""The Mascot"",""sport"":null,""label"":"""",""description"":""Earned by being the manager with the worst coach score in a season."",""type"":""cumulative"",""image"":""/images/achievements/achievement-roster-coach-score-worst.png"",""category"":""achievement"",""display_order"":1,""display_type"":""roster"",""display_format"":null,""is_positive"":0,""use_season_data"":0,""use_players"":0,""use_completed_seasons"":1,""created_at"":null,""updated_at"":null}"
Rob & GregBo,achievements,98789189,3854,108590,achievement-roster-rb-worst,"[{""achieved_week"":null,""achieved_season_id"":16824}]",,,"{""id"":3013,""league_id"":null,""key"":""achievement-roster-rb-worst"",""name"":""Worst RB Roster"",""sport"":""nfl"",""label"":"""",""description"":""Recognizes the manager who had the worst-scoring RB roster in a season."",""type"":""cumulative"",""image"":""/images/achievements/achievement-roster-rb-worst.png"",""category"":""achievement"",""display_order"":4,""display_type"":""roster"",""display_format"":null,""is_positive"":0,""use_season_data"":0,""use_players"":0,""use_completed_seasons"":1,""created_at"":null,""updated_at"":null}"
Rob & GregBo,achievements,98789182,3854,108590,achievement-season-bottom-half-many,"[{""achieved_week"":null,""achieved_season_id"":16824}]",,,"{""id"":2841,""league_id"":null,""key"":""achievement-season-bottom-half-many"",""name"":""Season Bottom-Half Scoring - 75%"",""sport"":null,""label"":"""",""description"":""Recognizes a team scoring in the bottom half of the matchups for a week 75%+ of time in a single season."",""type"":""cumulative"",""image"":""/images/achievements/achievement-season-bottom-half-many.png"",""category"":""achievement"",""display_order"":9,""display_type"":""season"",""display_format"":null,""is_positive"":0,""use_season_data"":0,""use_players"":0,""use_completed_seasons"":1,""created_at"":null,""updated_at"":null}"
Rob & GregBo,achievements,98789181,3854,108590,achievement-season-easiest-schedule,"[{""achieved_week"":null,""achieved_season_id"":16824}]",,,"{""id"":2837,""league_id"":null,""key"":""achievement-season-easiest-schedule"",""name"":""The Cupcake"",""sport"":null,""label"":"""",""description"":""Noted for facing the easiest slate of opponents in a season."",""type"":""cumulative"",""image"":""/images/achievements/achievement-season-easiest-schedule.png"",""category"":""achievement"",""display_order"":5,""display_type"":""season"",""display_format"":null,""is_positive"":0,""use_season_data"":0,""use_players"":0,""use_completed_seasons"":1,""created_at"":null,""updated_at"":null}"
Rob & GregBo,achievements,98789179,3854,108590,achievement-season-luck-top,"[{""achieved_week"":null,""achieved_season_id"":16824}]",,,"{""id"":2826,""league_id"":null,""key"":""achievement-season-luck-top"",""name"":""Lady Luck"",""sport"":null,""label"":"""",""description"":""Recognizes the team who had the least amount of luck in a season."",""type"":""cumulative"",""image"":""/images/achievements/achievement-season-luck-top.png"",""category"":""achievement"",""display_order"":7,""display_type"":""season"",""display_format"":null,""is_positive"":1,""use_season_data"":0,""use_players"":0,""use_completed_seasons"":1,""created_at"":null,""updated_at"":null}"
Rob & GregBo,achievements,98789180,3854,108590,achievement-season-score-iron,"[{""achieved_week"":null,""achieved_season_id"":16824}]",,,"{""id"":2833,""league_id"":null,""key"":""achievement-season-score-iron"",""name"":""Iron Season"",""sport"":null,""label"":"""",""description"":""Awarded for earning an iron-level season score (70-80)."",""type"":""cumulative"",""image"":""/images/achievements/achievement-season-score-iron.png"",""category"":""achievement"",""display_order"":1,""display_type"":""season"",""display_format"":null,""is_positive"":0,""use_season_data"":0,""use_players"":0,""use_completed_seasons"":1,""created_at"":null,""updated_at"":null}"
Chris & Dom,achievements,98789192,3854,108592,achievement-champion-all-play,"[{""achieved_week"":null,""achieved_season_id"":16824}]",,,"{""id"":2776,""league_id"":null,""key"":""achievement-champion-all-play"",""name"":""Season All-Play Title"",""sport"":null,""label"":"""",""description"":""Earned by finishing with the best all-play record for a season."",""type"":""cumulative"",""image"":""/images/achievements/achievement-champion-all-play.png"",""category"":""achievement"",""display_order"":3,""display_type"":""champion"",""display_format"":null,""is_positive"":1,""use_season_data"":0,""use_players"":0,""use_completed_seasons"":1,""created_at"":null,""updated_at"":null}"
Chris & Dom,achievements,98789191,3854,108592,achievement-champion-points,"[{""achieved_week"":null,""achieved_season_id"":16824}]",,,"{""id"":2775,""league_id"":null,""key"":""achievement-champion-points"",""name"":""Season Points Title"",""sport"":null,""label"":"""",""description"":""Awarded for leading the league in total points for a season."",""type"":""cumulative"",""image"":""/images/achievements/achievement-champion-points.png"",""category"":""achievement"",""display_order"":2,""display_type"":""champion"",""display_format"":null,""is_positive"":1,""use_season_data"":0,""use_players"":0,""use_completed_seasons"":1,""created_at"":null,""updated_at"":null}"
Chris & Dom,achievements,98789190,3854,108592,achievement-champion-season,"[{""achieved_week"":null,""achieved_season_id"":16824}]",,,"{""id"":2774,""league_id"":null,""key"":""achievement-champion-season"",""name"":""Season Title"",""sport"":null,""label"":"""",""description"":""Given to the team that finishes first in the regular season standings."",""type"":""cumulative"",""image"":""/images/achievements/achievement-champion-season.png"",""category"":""achievement"",""display_order"":1,""display_type"":""champion"",""display_format"":null,""is_positive"":1,""use_season_data"":0,""use_players"":0,""use_completed_seasons"":1,""created_at"":null,""updated_at"":null}"
Chris & Dom,achievements,98789193,3854,108592,achievement-champion-triple-crown,"[{""achieved_week"":null,""achieved_season_id"":16824}]",,,"{""id"":2777,""league_id"":null,""key"":""achievement-champion-triple-crown"",""name"":""Triple Crown"",""sport"":null,""label"":"""",""description"":""Recognizes a team that wins the season title, points title, and all-play title in the same year."",""type"":""cumulative"",""image"":""/images/achievements/achievement-champion-triple-crown.png"",""category"":""achievement"",""display_order"":4,""display_type"":""champion"",""display_format"":null,""is_positive"":1,""use_season_data"":0,""use_players"":0,""use_completed_seasons"":1,""created_at"":null,""updated_at"":null}"
Chris & Dom,achievements,98789199,3854,108592,achievement-draft-pick-top,"[{""achieved_week"":null,""achieved_season_id"":16824}]",,,"{""id"":2897,""league_id"":null,""key"":""achievement-draft-pick-top"",""name"":""Top Draft Pick"",""sport"":null,""label"":"""",""description"":""Selected the player who provided the best total draft value."",""type"":""cumulative"",""image"":""/images/achievements/badge-draft.png"",""category"":""achievement"",""display_order"":5,""display_type"":""draft-transaction"",""display_format"":null,""is_positive"":1,""use_season_data"":0,""use_players"":0,""use_completed_seasons"":1,""created_at"":null,""updated_at"":null}"
Chris & Dom,achievements,98789200,3854,108592,achievement-draft-te-top,"[{""achieved_week"":null,""achieved_season_id"":16824}]",,,"{""id"":2901,""league_id"":null,""key"":""achievement-draft-te-top"",""name"":""Top TE Draft"",""sport"":""nfl"",""label"":"""",""description"":""Recognized for outstanding drafting at the TE position."",""type"":""cumulative"",""image"":""/images/achievements/badge-draft.png"",""category"":""achievement"",""display_order"":9,""display_type"":""draft-transaction"",""display_format"":null,""is_positive"":1,""use_season_data"":0,""use_players"":0,""use_completed_seasons"":1,""created_at"":null,""updated_at"":null}"
Chris & Dom,achievements,98789198,3854,108592,achievement-matchup-points-share,"[{""matchup_guid"":""bbbc121b116678722b10c21a8bb601a1"",""achieved_week"":""12"",""achieved_season_id"":16824}]",,,"{""id"":2874,""league_id"":null,""key"":""achievement-matchup-points-share"",""name"":""Firing Squad"",""sport"":null,""label"":"""",""description"":""Awarded for achieving the highest points share in a matchup in a season."",""type"":""cumulative"",""image"":""/images/achievements/badge-matchup.png"",""category"":""achievement"",""display_order"":5,""display_type"":""matchup"",""display_format"":null,""is_positive"":1,""use_season_data"":0,""use_players"":0,""use_completed_seasons"":1,""created_at"":null,""updated_at"":null}"
Chris & Dom,achievements,98789197,3854,108592,achievement-matchup-shootout,"[{""matchup_guid"":""9fd95018c491f4a336cafbffb420404d"",""achieved_week"":""1"",""achieved_season_id"":16824}]",,,"{""id"":2871,""league_id"":null,""key"":""achievement-matchup-shootout"",""name"":""The Shootout"",""sport"":null,""label"":"""",""description"":""Awarded for participating in the the highest total scoring matchup in a season."",""type"":""cumulative"",""image"":""/images/achievements/badge-matchup.png"",""category"":""achievement"",""display_order"":2,""display_type"":""matchup"",""display_format"":null,""is_positive"":1,""use_season_data"":0,""use_players"":0,""use_completed_seasons"":1,""created_at"":null,""updated_at"":null}"
Chris & Dom,achievements,98789201,3854,108592,achievement-roster-rb-top,"[{""achieved_week"":null,""achieved_season_id"":16824}]",,,"{""id"":2982,""league_id"":null,""key"":""achievement-roster-rb-top"",""name"":""Top RB Roster"",""sport"":""nfl"",""label"":"""",""description"":""Recognizes the manager who had the top-scoring RB roster in a season."",""type"":""cumulative"",""image"":""/images/achievements/achievement-roster-rb-top.png"",""category"":""achievement"",""display_order"":5,""display_type"":""roster"",""display_format"":null,""is_positive"":1,""use_season_data"":0,""use_players"":0,""use_completed_seasons"":1,""created_at"":null,""updated_at"":null}"
Chris & Dom,achievements,98789195,3854,108592,achievement-season-hardest-schedule,"[{""achieved_week"":null,""achieved_season_id"":16824}]",,,"{""id"":2825,""league_id"":null,""key"":""achievement-season-hardest-schedule"",""name"":""The Gauntlet"",""sport"":null,""label"":"""",""description"":""Awarded for enduring the toughest schedule in a season."",""type"":""cumulative"",""image"":""/images/achievements/achievement-season-hardest-schedule.png"",""category"":""achievement"",""display_order"":6,""display_type"":""season"",""display_format"":null,""is_positive"":1,""use_season_data"":0,""use_players"":0,""use_completed_seasons"":1,""created_at"":null,""updated_at"":null}"
Chris & Dom,achievements,98789194,3854,108592,achievement-season-score-gold,"[{""achieved_week"":null,""achieved_season_id"":16824}]",,,"{""id"":2822,""league_id"":null,""key"":""achievement-season-score-gold"",""name"":""Gold Season"",""sport"":null,""label"":"""",""description"":""Awarded for earning a gold-level season score (90-95)."",""type"":""cumulative"",""image"":""/images/achievements/achievement-season-score-gold.png"",""category"":""achievement"",""display_order"":3,""display_type"":""season"",""display_format"":null,""is_positive"":1,""use_season_data"":0,""use_players"":0,""use_completed_seasons"":1,""created_at"":null,""updated_at"":null}"
Chris & Dom,achievements,98789196,3854,108592,achievement-season-top-half-many,"[{""achieved_week"":null,""achieved_season_id"":16824}]",,,"{""id"":2829,""league_id"":null,""key"":""achievement-season-top-half-many"",""name"":""Season Top-Half Scoring - 75%"",""sport"":null,""label"":"""",""description"":""Recognizes a team scoring in the top half of the matchups for a week 75%+ of time in a single season."",""type"":""cumulative"",""image"":""/images/achievements/achievement-season-top-half-many.png"",""category"":""achievement"",""display_order"":10,""display_type"":""season"",""display_format"":null,""is_positive"":1,""use_season_data"":0,""use_players"":0,""use_completed_seasons"":1,""created_at"":null,""updated_at"":null}"
Chris & Dom,achievements,98789157,3854,108592,achievement-transaction-trades-all-time-10,"[{""achieved_week"":null,""achieved_season_id"":62453}]",,,"{""id"":2938,""league_id"":null,""key"":""achievement-transaction-trades-all-time-10"",""name"":""Total Trades - 10"",""sport"":null,""label"":"""",""description"":""Completed ten trades all-time."",""type"":""cumulative"",""image"":""/images/achievements/badge-transaction-trade.png"",""category"":""achievement"",""display_order"":46,""display_type"":""draft-transaction"",""display_format"":null,""is_positive"":1,""use_season_data"":0,""use_players"":0,""use_completed_seasons"":0,""created_at"":null,""updated_at"":null}"