id,league_id,service_keys,user_id,name,gender,email,slug,photo,league_member_rival_id,is_commissioner,is_manager,is_treasurer,elo_rating,elo_ratings,discord_user_id,franchise_primary_color,franchise_secondary_color,franchise_banner,franchise_bio,franchise_home_city,franchise_home_arena,franchise_era_tags,status,is_hidden,invited_at,created_at,updated_at,total_debits,total_credits,net,color,user
54762,3854,"[""SIM427IAFQEAX745FTIUJLNE6A"",""QSVPCSRZ7ROK5YIIU5QFHW26XQ"",""345197760305307648""]",7278,Antdell & Ernie,,,antdell-ernie,https://www.gravatar.com/avatar/141aa94b4a3cd57882e3365bd19e90cb?d=wavatar&s=48,,true,true,true,1512,"{""16824"":{""season_elo_rating_start"":1500,""weeks"":{""1"":1511.99,""2"":1502.69,""3"":1493.26,""4"":1498.21,""5"":1511.46,""6"":1506.84,""7"":1535.54,""8"":1525.16,""9"":1529.1,""10"":1522.73,""11"":1514.17,""12"":1517.93,""13"":1512.72,""14"":1491.21,""15"":1469.37},""season_elo_rating_end"":1469.37},""16823"":{""season_elo_rating_start"":1469,""weeks"":{""1"":1457.56,""2"":1470.26,""3"":1473.99,""4"":1458.36,""5"":1465.42,""6"":1473.55,""7"":1469.41,""8"":1464.18,""9"":1459.9,""10"":1465.41,""11"":1462.11,""12"":1449,""13"":1439.04,""14"":1460.99,""15"":1443.95,""16"":1461.51},""season_elo_rating_end"":1461.51},""16822"":{""season_elo_rating_start"":1462,""weeks"":{""1"":1458.73,""2"":1468.96,""3"":1451.08,""4"":1429.26,""5"":1433.63,""6"":1425.29,""7"":1418.01,""8"":1413.9,""9"":1434.72,""10"":1424.1,""11"":1419.03,""12"":1414,""13"":1438.65,""14"":1454.68,""15"":1441.15,""16"":1458.94},""season_elo_rating_end"":1458.94},""16821"":{""season_elo_rating_start"":1459,""weeks"":{""1"":1450.63,""2"":1439.41,""3"":1470.46,""4"":1464.9,""5"":1472.38,""6"":1459.26,""7"":1476.52,""8"":1467.51,""9"":1451.5,""10"":1460.97,""11"":1468.3,""12"":1474.91,""13"":1485.14,""14"":1477.38,""15"":1488.35},""season_elo_rating_end"":1488.35},""16820"":{""season_elo_rating_start"":1488,""weeks"":{""1"":1479.32,""2"":1474.65,""3"":1446.31,""4"":1449.65,""5"":1429.66,""6"":1440.49,""7"":1467.36,""8"":1474.13,""9"":1465.82,""10"":1468.74,""11"":1475.26,""12"":1449.46,""13"":1444.66,""14"":1432.59,""15"":1428.35},""season_elo_rating_end"":1428.35},""16819"":{""season_elo_rating_start"":1428,""weeks"":{""1"":1433.08,""2"":1436.53,""3"":1430.78,""4"":1435.91,""5"":1430.99,""6"":1421.43,""7"":1432,""8"":1423.15,""9"":1435.7,""10"":1428.69,""11"":1417,""12"":1394.55,""13"":1376.32,""14"":1360.1,""15"":1361.57},""season_elo_rating_end"":1361.57},""16818"":{""season_elo_rating_start"":1362,""weeks"":{""1"":1344.64,""2"":1349.82,""3"":1368.48,""4"":1386.04,""5"":1398.95,""6"":1427.48,""7"":1414.37,""8"":1408.48,""9"":1395.98,""10"":1388.36,""11"":1395.87,""12"":1412.91,""13"":1392.67,""14"":1387.97,""15"":1371.9},""season_elo_rating_end"":1371.9},""16817"":{""season_elo_rating_start"":1372,""weeks"":{""1"":1366.19,""2"":1359.82,""3"":1373.86,""4"":1383.98,""5"":1377.3,""6"":1399.36,""7"":1382.66,""8"":1389.91,""9"":1385.41,""10"":1377.28,""11"":1391.93,""12"":1420.11,""13"":1406.2,""14"":1416.63,""15"":1399.53,""16"":1378.5},""season_elo_rating_end"":1378.5},""16816"":{""season_elo_rating_start"":1379,""weeks"":{""1"":1395.92,""2"":1411.21,""3"":1400.97,""4"":1393.49,""5"":1368.32,""6"":1361.91,""7"":1354.98,""8"":1367.5,""9"":1353.14,""10"":1345.04,""11"":1337.24,""12"":1343.48,""13"":1346.39,""14"":1336.4,""15"":1360.52,""16"":1375.31,""17"":1359.37},""season_elo_rating_end"":1359.37},""16793"":{""season_elo_rating_start"":1359,""weeks"":{""1"":1370.47,""2"":1350.66,""3"":1342.07,""4"":1339.42,""5"":1335.77,""6"":1324.9,""7"":1309.97,""8"":1306.24,""9"":1318.51,""10"":1342.45,""11"":1357.58,""12"":1369.7,""13"":1393.47,""14"":1404.29,""15"":1398.41,""16"":1422.09},""season_elo_rating_end"":1422.09},""16792"":{""season_elo_rating_start"":1422,""weeks"":{""1"":1430.17,""2"":1434.8,""3"":1434.57,""4"":1423.76,""5"":1444.54,""6"":1439.09,""7"":1429.73,""8"":1422.59,""9"":1433.19,""10"":1463.47,""11"":1477.86,""12"":1453.74,""13"":1449.04,""14"":1460.45,""15"":1463.3,""16"":1453.84,""17"":1447.76},""season_elo_rating_end"":1447.76},""29820"":{""season_elo_rating_start"":1448,""weeks"":{""1"":1464.67,""2"":1455.37,""3"":1452.3,""4"":1447.38,""5"":1440.84,""6"":1444.84,""7"":1449.48,""8"":1445.85,""9"":1446.91,""10"":1421.61,""11"":1427.93,""12"":1446.55,""13"":1464.07,""14"":1457.27,""16"":1451.01,""17"":1459.37},""season_elo_rating_end"":1459.37},""29821"":{""season_elo_rating_start"":1459,""weeks"":{""1"":1444.35,""2"":1457.12,""3"":1461.29,""4"":1478.99,""5"":1491.2,""6"":1480.15,""7"":1483.38,""8"":1487.97,""9"":1477.87,""10"":1474.71,""11"":1484.26,""12"":1477.97,""13"":1491.27,""14"":1483.2,""15"":1516.14,""16"":1520.19,""17"":1512.03},""season_elo_rating_end"":1512.03}}",,,,,,,,,active,0,,2024-09-10T22:32:22.000000Z,2026-08-11T11:20:46.000000Z,0,0,0,#60a5fa,"{""id"":7278,""name"":""anthonydellapia"",""gender"":""male"",""username"":""anthonydellapia"",""email"":""anthonydellapia@gmail.com"",""email_verified_at"":null,""two_factor_confirmed_at"":null,""current_team_id"":null,""profile_photo_path"":""profile-photos/yuhJpaK47nEki5ybTBgymK72ctiXDlSEzeLbKQhz.png"",""src"":null,""mailcoach"
54773,3854,"[""872897363507855360"",""VLLK23ZDX6YGZP2LJSYBMDZB6U"",""HCKGMF5F77XCRT6QJHFN6XRS2Q""]",,Ronnie,male,,ronnie,https://www.gravatar.com/avatar/b071c0c8d6adc66a3c2eb1b9b87d6d5c?d=wavatar&s=48,,false,false,false,1453,"{""16824"":{""season_elo_rating_start"":1500,""weeks"":{""1"":1528.49,""2"":1540.65,""3"":1544.51,""4"":1561.79,""5"":1546.64,""6"":1539.89,""7"":1536.4,""8"":1542.3,""9"":1552.73,""10"":1559.1,""11"":1546.78,""12"":1541.79,""13"":1546.24,""14"":1569.61,""15"":1580.91,""16"":1609.37},""season_elo_rating_end"":1609.37},""16823"":{""season_elo_rating_start"":1609,""weeks"":{""1"":1594.45,""2"":1602.19,""3"":1620.59,""4"":1624.99,""5"":1641.28,""6"":1650.27,""7"":1654.41,""8"":1668.28,""9"":1678.57,""10"":1688.82,""11"":1696.3,""12"":1688.24,""13"":1699.93,""15"":1686.3,""16"":1701.56},""season_elo_rating_end"":1701.56},""16822"":{""season_elo_rating_start"":1702,""weeks"":{""1"":1706.4,""2"":1698.25,""3"":1692.94,""4"":1686.32,""5"":1673.11,""6"":1668.13,""7"":1680.01,""8"":1665.65,""9"":1680.37,""10"":1692.91,""11"":1674.66,""12"":1669.98,""13"":1637.99,""14"":1629.33,""15"":1624.04},""season_elo_rating_end"":1624.04},""16821"":{""season_elo_rating_start"":1624,""weeks"":{""1"":1614.77,""2"":1623.76,""3"":1616.67,""4"":1624.82,""5"":1595.77,""6"":1613.83,""7"":1622.48,""8"":1621.39,""9"":1628.03,""10"":1618.56,""11"":1611.98,""12"":1620.69,""13"":1630.71,""14"":1638.47,""15"":1627.19,""16"":1616.84},""season_elo_rating_end"":1616.84},""16820"":{""season_elo_rating_start"":1617,""weeks"":{""1"":1597.88,""2"":1575.76,""3"":1582.3,""4"":1588.04,""5"":1592.97,""6"":1577.47,""7"":1584.63,""8"":1589.39,""9"":1569.83,""10"":1579.04,""11"":1572.52,""12"":1568.58,""13"":1560.16,""15"":1581.35,""16"":1569.09},""season_elo_rating_end"":1569.09},""16819"":{""season_elo_rating_start"":1569,""weeks"":{""1"":1558.19,""2"":1557.93,""3"":1547.8,""4"":1544.94,""5"":1531.03,""6"":1518.82,""7"":1512.11,""8"":1499.28,""9"":1515.75,""10"":1507.94,""11"":1519.63,""12"":1528.16,""13"":1509.26,""14"":1497.82,""15"":1496.35},""season_elo_rating_end"":1496.35},""16818"":{""season_elo_rating_start"":1496,""weeks"":{""1"":1503.31,""2"":1515.86,""3"":1537.57,""4"":1530.76,""5"":1539.49,""6"":1553.55,""7"":1512.73,""8"":1509.31,""9"":1521.81,""10"":1525.43,""11"":1533.69,""12"":1532.1,""13"":1522.99,""14"":1534.72,""15"":1520.79,""16"":1501.24},""season_elo_rating_end"":1501.24},""16817"":{""season_elo_rating_start"":1501,""weeks"":{""1"":1521.29,""2"":1527.63,""3"":1505.7,""4"":1517.02,""5"":1525.69,""6"":1537.13,""7"":1542.12,""8"":1565.65,""9"":1570.15,""10"":1585.81,""11"":1574.2,""12"":1566.52,""13"":1580.67,""15"":1597.77,""16"":1612.49},""season_elo_rating_end"":1612.49},""16816"":{""season_elo_rating_start"":1612,""weeks"":{""1"":1591.85,""2"":1605.31,""3"":1590.57,""4"":1597.74,""5"":1608.41,""6"":1614.01,""7"":1619.63,""8"":1624.73,""9"":1639.09,""10"":1661.23,""11"":1670.19,""12"":1684.2,""13"":1690.17,""14"":1700.24,""16"":1708.35,""17"":1695.16},""season_elo_rating_end"":1695.16},""16793"":{""season_elo_rating_start"":1695,""weeks"":{""1"":1691.4,""2"":1677.55,""3"":1687.37,""4"":1665.82,""5"":1669.47,""6"":1668.59,""7"":1657.59,""8"":1661.51,""9"":1667.36,""10"":1657.51,""11"":1660.95,""12"":1654.2,""13"":1660.57,""14"":1650.87,""15"":1661.79,""16"":1651.74,""17"":1650.97},""season_elo_rating_end"":1650.97},""16792"":{""season_elo_rating_start"":1651,""weeks"":{""1"":1660.41,""2"":1657.94,""3"":1658.17,""4"":1662.83,""5"":1651.46,""6"":1658.57,""7"":1652.62,""8"":1658.11,""9"":1640.92,""10"":1645.39,""11"":1650.14,""12"":1655.17,""13"":1645.8,""14"":1634.39,""15"":1649.64,""16"":1653.39,""17"":1626.4},""season_elo_rating_end"":1626.4},""29820"":{""season_elo_rating_start"":1626,""weeks"":{""1"":1604.1,""2"":1592.21,""3"":1605.52,""4"":1584.03,""5"":1573.82,""6"":1558.29,""7"":1567.01,""8"":1547.04,""9"":1526.57,""10"":1520.98,""11"":1514.66,""12"":1499.32,""13"":1495.19,""14"":1502.42,""15"":1507.66,""16"":1512.83,""17"":1523.52},""season_elo_rating_end"":1523.52},""29821"":{""season_elo_rating_start"":1524,""weeks"":{""1"":1507.98,""2"":1495.21,""3"":1503.22,""4"":1515.83,""5"":1508.04,""6"":1483.32,""7"":1491.59,""8"":1487.44,""9"":1475.1,""10"":1459.07,""11"":1462.03,""12"":1466.24,""13"":1452.94,""14"":1463.31,""15"":1448.09,""16"":1457.82,""17"":1452.84},""season_elo_rating_end"":1452.84}}",,,,,,,,,active,0,,2024-09-10T22:34:10.000000Z,2026-08-11T11:20:46.000000Z,0,0,0,#4ade80,
54774,3854,"[""G2VXD5H3N5DODXTS66CROUCQGA"",""KM3PO6YAHPHGBISLDRBA5XWFYE"",""460972700463001600""]",,Cambrias,male,,cambrias,https://www.gravatar.com/avatar/e2c5937df7794e92fafb25f1893a6666?d=wavatar&s=48,,false,false,false,1743,"{""16824"":{""season_elo_rating_start"":1500,""weeks"":{""1"":1494.95,""2"":1502.05,""3"":1495.33,""4"":1503.14,""5"":1512.94,""6"":1530.35,""7"":1533.84,""8"":1524.18,""9"":1538.08,""10"":1555.13,""11"":1530.8,""12"":1519.47,""13"":1513.42,""14"":1490.05,""15"":1475.1},""season_elo_rating_end"":1475.1},""16823"":{""season_elo_rating_start"":1475,""weeks"":{""1"":1466.58,""2"":1489.65,""3"":1503.01,""4"":1511.13,""5"":1525.14,""6"":1528.32,""7"":1545.51,""8"":1537.49,""9"":1527.2,""10"":1522.65,""11"":1530.28,""12"":1548.74,""13"":1530.1,""14"":1550.51,""15"":1564.14,""16"":1557.34},""season_elo_rating_end"":1557.34},""16822"":{""season_elo_rating_start"":1557,""weeks"":{""1"":1553.26,""2"":1559.63,""3"":1564.94,""4"":1586.76,""5"":1603.79,""6"":1613.16,""7"":1617.91,""8"":1638.89,""9"":1667.19,""10"":1693.58,""11"":1695,""12"":1699.68,""13"":1716.99,""15"":1740.79,""16"":1738.43},""season_elo_rating_end"":1738.43},""16821"":{""season_elo_rating_start"":1738,""weeks"":{""1"":1742.91,""2"":1740.24,""3"":1709.19,""4"":1701.04,""5"":1694.21,""6"":1681.9,""7"":1695.19,""8"":1665.22,""9"":1673.76,""10"":1672.58,""11"":1679.38,""12"":1660.37,""13"":1641.01,""14"":1615.39,""15"":1598.14},""season_elo_rating_end"":1598.14},""16820"":{""season_elo_rating_start"":1598,""weeks"":{""1"":1604.35,""2"":1587.8,""3"":1609.39,""4"":1606.05,""5"":1620,""6"":1635.5,""7"":1643.42,""8"":1652.86,""9"":1657.83,""10"":1660.21,""11"":1657.67,""12"":1669.12,""13"":1686.58,""15"":1675.73,""16"":1672.66},""season_elo_rating_end"":1672.66},""16819"":{""season_elo_rating_start"":1673,""weeks"":{""1"":1674,""2"":1688.08,""3"":1710.27,""4"":1705.14,""5"":1719.26,""6"":1731.47,""7"":1739.82,""8"":1729.41,""9"":1734.75,""10"":1716.81,""11"":1696.68,""12"":1700.07,""13"":1699,""14"":1714.96,""15"":1714.55,""16"":1687.94},""season_elo_rating_end"":1687.94},""16818"":{""season_elo_rating_start"":1688,""weeks"":{""1"":1674.92,""2"":1682.36,""3"":1711.64,""4"":1716.8,""5"":1721.04,""6"":1706.98,""7"":1714.81,""8"":1720.05,""9"":1672.3,""10"":1679.92,""11"":1696.09,""12"":1703.27,""13"":1706.11,""15"":1733.63,""16"":1744.39},""season_elo_rating_end"":1744.39},""16817"":{""season_elo_rating_start"":1744,""weeks"":{""1"":1735.21,""2"":1738.75,""3"":1692.07,""4"":1679.86,""5"":1688.58,""6"":1677.14,""7"":1681.28,""8"":1687.93,""9"":1682.12,""10"":1690.25,""11"":1667.41,""12"":1671.46,""13"":1638.35,""15"":1639.41,""16"":1646.02},""season_elo_rating_end"":1646.02},""16816"":{""season_elo_rating_start"":1646,""weeks"":{""1"":1621.56,""2"":1626.05,""3"":1642.3,""4"":1633.01,""5"":1617.42,""6"":1611.82,""7"":1621.98,""8"":1626.19,""9"":1626.26,""10"":1634.36,""11"":1658.56,""12"":1656.14,""13"":1660.95,""14"":1649.87,""16"":1635.08,""17"":1614.31},""season_elo_rating_end"":1614.31},""16793"":{""season_elo_rating_start"":1614,""weeks"":{""1"":1631.45,""2"":1621.69,""3"":1611.87,""4"":1617.9,""5"":1611.76,""6"":1626.83,""7"":1643.85,""8"":1644.07,""9"":1631.8,""10"":1639.38,""11"":1662.41,""12"":1668.65,""13"":1673.31,""14"":1683.01,""16"":1695.59,""17"":1708.7},""season_elo_rating_end"":1708.7},""16792"":{""season_elo_rating_start"":1709,""weeks"":{""1"":1700.67,""2"":1676.81,""3"":1683.79,""4"":1689.84,""5"":1693.92,""6"":1699.57,""7"":1686.69,""8"":1693.83,""9"":1711.02,""10"":1693.13,""11"":1697.17,""12"":1707.22,""13"":1699.69,""14"":1697.96,""15"":1695.11,""16"":1669.5},""season_elo_rating_end"":1669.5},""29820"":{""season_elo_rating_start"":1670,""weeks"":{""1"":1683.41,""2"":1697.6,""3"":1711.54,""4"":1719.51,""5"":1729.72,""6"":1725.72,""7"":1733.02,""8"":1722.56,""9"":1729.72,""10"":1678.59,""11"":1688.51,""12"":1696.56,""13"":1701.69,""14"":1691.91,""15"":1698.88,""16"":1706.7,""17"":1690.63},""season_elo_rating_end"":1690.63},""29821"":{""season_elo_rating_start"":1691,""weeks"":{""1"":1699.04,""2"":1705.63,""3"":1690.14,""4"":1697.76,""5"":1704.17,""6"":1694.48,""7"":1707.51,""8"":1711.66,""9"":1711.28,""10"":1714.44,""11"":1720.1,""12"":1715.38,""13"":1724.33,""14"":1730.03,""16"":1735.28,""17"":1743.44},""season_elo_rating_end"":1743.44}}",,,,,,,,,active,0,,2024-09-10T22:34:10.000000Z,2026-08-11T11:20:46.000000Z,0,0,0,#f87171,
54776,3854,"[""1092594622741770240"",""YJE3PK436GVUWD2SV7KPNR7VA7""]",,Mike Long,male,,mike-long,https://www.gravatar.com/avatar/d0b9a97976986303d8207401e46dddb9?d=wavatar&s=48,,false,false,false,1388,"{""16793"":{""season_elo_rating_start"":1500,""weeks"":{""1"":1492.52,""2"":1506.37,""3"":1498.5,""4"":1471.65,""5"":1481.82,""6"":1466.75,""7"":1469.99,""8"":1473.72,""9"":1469.68,""10"":1473.4,""11"":1491.38,""12"":1482.85,""13"":1476.48,""14"":1481.94,""15"":1487.82,""16"":1475.24,""17"":1483.11},""season_elo_rating_end"":1483.11},""16792"":{""season_elo_rating_start"":1483,""weeks"":{""1"":1502,""2"":1494.41,""3"":1484.91,""4"":1478.86,""5"":1493.69,""6"":1497.37,""7"":1478.64,""8"":1468.98,""9"":1458.38,""10"":1453.91,""11"":1470.56,""12"":1480.16,""13"":1468.11,""14"":1493.87,""16"":1505.44,""17"":1500.53},""season_elo_rating_end"":1500.53},""29820"":{""season_elo_rating_start"":1501,""weeks"":{""1"":1518.2,""2"":1504.01,""3"":1484.66,""4"":1491.68,""5"":1477.24,""6"":1469.4,""7"":1460.68,""8"":1464.31,""9"":1458.45,""10"":1450.53,""11"":1454.23,""12"":1444.93,""13"":1439.8,""14"":1398.83,""15"":1385.68,""16"":1367.76},""season_elo_rating_end"":1367.76},""29821"":{""season_elo_rating_start"":1368,""weeks"":{""1"":1367.35,""2"":1372.58,""3"":1361.22,""4"":1353.6,""5"":1375.35,""6"":1386.4,""7"":1395.35,""8"":1404.39,""9"":1386.55,""10"":1402.58,""11"":1392.66,""12"":1384.18,""13"":1389.32,""14"":1382.99,""15"":1403.22,""16"":1397.97,""17"":1387.69},""season_elo_rating_end"":1387.69}}",,,,,,,,,active,0,,2024-09-10T22:34:10.000000Z,2026-08-11T11:20:46.000000Z,0,0,0,#fb923c,
54846,3854,"[""MHBAZDFAFYSNWJXZZIHAA4FQG4""]",,Team JoeBa,male,,team-joeba,https://www.gravatar.com/avatar/11a64e9903fe08fab2baea2c49d5a2d8?d=wavatar&s=48,,false,false,false,1235,"{""16824"":{""season_elo_rating_start"":1500,""weeks"":{""1"":1512.15,""2"":1516.6,""3"":1506.57,""4"":1498.76,""5"":1490.49,""6"":1483.1,""7"":1454.4,""8"":1443.55,""9"":1436,""10"":1444.5,""11"":1433.22,""12"":1423.11,""13"":1414.06,""14"":1435.57,""15"":1445.82,""16"":1441.29},""season_elo_rating_end"":1441.29},""16823"":{""season_elo_rating_start"":1441,""weeks"":{""1"":1455.55,""2"":1436.1,""3"":1418.58,""4"":1394.68,""5"":1380.67,""6"":1372.54,""7"":1355.54,""8"":1341.67,""9"":1329.03,""10"":1310.88,""11"":1307.84,""12"":1296.63,""13"":1306.59,""14"":1324.46,""15"":1319.23,""16"":1301.67},""season_elo_rating_end"":1301.67},""16822"":{""season_elo_rating_start"":1302,""weeks"":{""1"":1306.1,""2"":1314.25,""3"":1335.78,""4"":1330.73,""5"":1317.18,""6"":1307.81,""7"":1318.85,""8"":1344.37,""9"":1356.98,""10"":1367.6,""11"":1385.85,""12"":1401.17,""13"":1383.86,""14"":1410.97,""15"":1391.28,""16"":1414.43},""season_elo_rating_end"":1414.43},""16821"":{""season_elo_rating_start"":1414,""weeks"":{""1"":1409.09,""2"":1431.95,""3"":1440.22,""4"":1465.31,""5"":1479.32,""6"":1470.99,""7"":1453.73,""8"":1454.82,""9"":1460.13,""10"":1482.72,""11"":1490.17,""12"":1509.18,""13"":1513.35,""15"":1524.63,""16"":1518.84},""season_elo_rating_end"":1518.84},""16820"":{""season_elo_rating_start"":1519,""weeks"":{""1"":1523.72,""2"":1540.27,""3"":1522.43,""4"":1515.8,""5"":1521.36,""6"":1517.62,""7"":1490.75,""8"":1479.6,""9"":1499.16,""10"":1504,""11"":1489.9,""12"":1505.06,""13"":1487.6,""14"":1485.55,""15"":1493.46},""season_elo_rating_end"":1493.46},""16819"":{""season_elo_rating_start"":1493,""weeks"":{""1"":1480.63,""2"":1466.55,""3"":1470.36,""4"":1452.94,""5"":1445.69,""6"":1440.66,""7"":1430.09,""8"":1426.15,""9"":1409.68,""10"":1387.24,""11"":1380.78,""12"":1373.9,""13"":1374.97,""14"":1391.19,""15"":1370.67,""16"":1366.65},""season_elo_rating_end"":1366.65},""16818"":{""season_elo_rating_start"":1367,""weeks"":{""1"":1367.35,""2"":1352.65,""3"":1367.38,""4"":1373.19,""5"":1360.15,""6"":1366.32,""7"":1407.14,""8"":1401.9,""9"":1421.21,""10"":1412.12,""11"":1404.61,""12"":1400.39,""13"":1389.3,""15"":1394.96,""16"":1389.48},""season_elo_rating_end"":1389.48},""16817"":{""season_elo_rating_start"":1389,""weeks"":{""1"":1395.41,""2"":1390.27,""3"":1396.67,""4"":1399.04,""5"":1385.69,""6"":1365.51,""7"":1360.52,""8"":1353.87,""9"":1337.7,""10"":1320.6,""11"":1305.95,""12"":1313.23,""13"":1302.38,""14"":1284.71,""15"":1264.07},""season_elo_rating_end"":1264.07},""16816"":{""season_elo_rating_start"":1264,""weeks"":{""1"":1268.15,""2"":1262.86,""3"":1259.38,""4"":1246.8,""5"":1270.66,""6"":1265.09,""7"":1259.47,""8"":1255.26,""9"":1270.38,""10"":1250.89,""11"":1258.69,""12"":1260.87,""13"":1255.96,""14"":1248.12,""15"":1240.94,""16"":1234.67},""season_elo_rating_end"":1234.67}}",,,,,,,,,inactive,0,,2024-09-10T22:55:20.000000Z,2026-08-11T11:20:46.000000Z,0,0,0,#c084fc,
54850,3854,"[""YTDA6PQ5VCYSB2CNLIDDXFKOBQ"",""L2RKKUYHUYEJSXZFJEUBGJ35MM"",""PZPK6WCPPGU6HLYPIFDNZCZC6U"",""371.l.351067-371.l.351067.t.12"",""CUQUBHT2LLJAMUOMMG4JYSNKDY"",""CL5LHHFSX5G5RZMU6A5F2K7J6Q"",""380.l.562266-380.l.562266.t.12""]",,LFTLR,male,,lftlr,https://www.gravatar.com/avatar/3096a3f4cd98db2ebada598814097f3a?d=wavatar&s=48,,false,false,false,1384,"{""16824"":{""season_elo_rating_start"":1500,""weeks"":{""1"":1505.05,""2"":1484.98,""3"":1481.12,""4"":1505.76,""5"":1510.5,""6"":1517.35,""7"":1523.2,""8"":1532.86,""9"":1545.99,""10"":1536.94,""11"":1525.52,""12"":1530.51,""13"":1513.76,""14"":1546.97,""15"":1576.97,""16"":1548.51},""season_elo_rating_end"":1548.51},""16823"":{""season_elo_rating_start"":1549,""weeks"":{""1"":1540,""2"":1516.72,""3"":1503.36,""4"":1490.71,""5"":1483.65,""6"":1468.51,""7"":1445.73,""8"":1435.77,""9"":1442.57,""10"":1422.28,""11"":1418.12,""12"":1399.66,""13"":1394.99,""14"":1373.04,""15"":1377.18},""season_elo_rating_end"":1377.18},""16822"":{""season_elo_rating_start"":1377,""weeks"":{""1"":1372.6,""2"":1366.23,""3"":1383.18,""4"":1372.83,""5"":1362.28,""6"":1346.11,""7"":1335.07,""8"":1349.43,""9"":1350.23,""10"":1360.91,""11"":1359.49,""12"":1348.86,""13"":1334.11,""15"":1322.18,""16"":1304.39},""season_elo_rating_end"":1304.39},""16821"":{""season_elo_rating_start"":1304,""weeks"":{""1"":1312.83,""2"":1299.98,""3"":1308.86,""4"":1303.02,""5"":1289.01,""6"":1294.84,""7"":1309.3,""8"":1339.27,""9"":1355.28,""10"":1366.14,""11"":1372.72,""12"":1355.84,""13"":1339.18,""14"":1326.77,""15"":1315.8},""season_elo_rating_end"":1315.8},""16820"":{""season_elo_rating_start"":1316,""weeks"":{""1"":1318.21,""2"":1340.33,""3"":1346.7,""4"":1350.48,""5"":1344.92,""6"":1347.04,""7"":1342.41,""8"":1339.1,""9"":1347.41,""10"":1345.03,""11"":1332.52,""12"":1354.12,""13"":1362.54,""15"":1356.37,""16"":1359.44},""season_elo_rating_end"":1359.44},""16819"":{""season_elo_rating_start"":1359,""weeks"":{""1"":1341.84,""2"":1342.1,""3"":1354.94,""4"":1341.54,""5"":1348.79,""6"":1338.45,""7"":1334.36,""8"":1330.57,""9"":1318.02,""10"":1335.96,""11"":1351.5,""12"":1370.79,""13"":1389.69,""15"":1410.21,""16"":1406.14},""season_elo_rating_end"":1406.14},""16818"":{""season_elo_rating_start"":1406,""weeks"":{""1"":1398.69,""2"":1391.25,""3"":1376.52,""4"":1379.63,""5"":1366.72,""6"":1353.6,""7"":1381.39,""8"":1364.13,""9"":1333.91,""10"":1350.36,""11"":1362.76,""12"":1364.35,""13"":1361.51,""14"":1352.37,""15"":1344.43},""season_elo_rating_end"":1344.43},""16817"":{""season_elo_rating_start"":1344,""weeks"":{""1"":1323.71,""2"":1320.17,""3"":1313.77,""4"":1350.04,""5"":1356.72,""6"":1348.73,""7"":1338.88,""8"":1332.62,""9"":1326.14,""10"":1316.99,""11"":1334.88,""12"":1342.56,""13"":1375.67,""14"":1393.34,""15"":1392.28,""16"":1383.91},""season_elo_rating_end"":1383.91}}",,,,,,,,,inactive,0,,2024-09-10T22:55:26.000000Z,2026-08-11T11:20:46.000000Z,0,0,0,#facc15,
54855,3854,"[""359.l.827116-359.l.827116.t.4"",""331.l.605315-331.l.605315.t.7"",""314.l.777575-314.l.777575.t.5"",""348.l.902076-348.l.902076.t.10""]",,GaTTa,male,,gatta,https://www.gravatar.com/avatar/88c9726d5c7f0ec80917c40c433e67c7?d=wavatar&s=48,,false,false,false,1491,"{""16824"":{""season_elo_rating_start"":1500,""weeks"":{""1"":1513.64,""2"":1501.48,""3"":1508.2,""4"":1500.67,""5"":1487.42,""6"":1480.57,""7"":1484.36,""8"":1494.41,""9"":1501.96,""10"":1508.95,""11"":1521.27,""12"":1532.6,""13"":1549.35,""15"":1538.05,""16"":1555.05},""season_elo_rating_end"":1555.05},""16823"":{""season_elo_rating_start"":1555,""weeks"":{""1"":1566.44,""2"":1585.89,""3"":1567.49,""4"":1580.14,""5"":1588.26,""6"":1597.38,""7"":1602.55,""8"":1607.78,""9"":1598.69,""10"":1603.24,""11"":1606.28,""12"":1614.34,""13"":1609.83,""14"":1628.85,""15"":1663.62,""16"":1670.42},""season_elo_rating_end"":1670.42},""16822"":{""season_elo_rating_start"":1670,""weeks"":{""1"":1654.3,""2"":1644.07,""3"":1628.76,""4"":1634.68,""5"":1642.85,""6"":1625.2,""7"":1592.3,""8"":1568.17,""9"":1555.56,""10"":1544.88,""11"":1549.95,""12"":1538.88,""13"":1527.99,""14"":1536.65,""15"":1548.58,""16"":1526.65},""season_elo_rating_end"":1526.65},""16821"":{""season_elo_rating_start"":1527,""weeks"":{""1"":1514.65,""2"":1525.87,""3"":1532.96,""4"":1516.7,""5"":1520.44,""6"":1514.61,""7"":1501.32,""8"":1495.04,""9"":1516.57,""10"":1505.13,""11"":1497.68,""12"":1482.18,""13"":1471.95,""14"":1487.62,""15"":1480.82,""16"":1491.12},""season_elo_rating_end"":1491.12}}",,,,,,,,,inactive,0,,2024-09-10T23:19:41.000000Z,2026-08-11T11:20:46.000000Z,0,0,0,#f472b6,
108581,3854,"[""740765967986204672"",""DVI37BOG3Y23KONPE3D35LLEPE"",""5F2NVVH2H4PSKBEK276EWNJ5YI"",""4S4NFYCFBCDZ34YMHWJDRYSBVI""]",,Richie,male,,richie,https://www.gravatar.com/avatar/e15806424fcd348214138bc43b2bb9e1?d=wavatar&s=48,,false,false,false,1486,"{""16824"":{""season_elo_rating_start"":1500,""weeks"":{""1"":1486.36,""2"":1479.26,""3"":1471.67,""4"":1466.72,""5"":1474.99,""6"":1481.74,""7"":1475.89,""8"":1465.84,""9"":1447.4,""10"":1462.45,""11"":1486.78,""12"":1456.01,""13"":1451.56,""14"":1462.41,""15"":1465.49,""16"":1470.02},""season_elo_rating_end"":1470.02},""16823"":{""season_elo_rating_start"":1470,""weeks"":{""1"":1479,""2"":1474.02,""3"":1502.71,""4"":1514.6,""5"":1487.14,""6"":1483.96,""7"":1480.82,""8"":1490.78,""9"":1503.42,""10"":1493.17,""11"":1488.05,""12"":1475.15,""13"":1493.79,""15"":1510.83,""16"":1502.17},""season_elo_rating_end"":1502.17},""16822"":{""season_elo_rating_start"":1502,""weeks"":{""1"":1524.24,""2"":1514.4,""3"":1529.71,""4"":1540.06,""5"":1553.27,""6"":1561.61,""7"":1549.63,""8"":1569.28,""9"":1540.98,""10"":1546.33,""11"":1566.9,""12"":1577.97,""13"":1553.32,""14"":1573.94,""15"":1550.14,""16"":1526.99},""season_elo_rating_end"":1526.99},""16821"":{""season_elo_rating_start"":1527,""weeks"":{""1"":1519.2,""2"":1496.34,""3"":1497.26,""4"":1502.82,""5"":1531.87,""6"":1536.73,""7"":1542.54,""8"":1548.82,""9"":1540.28,""10"":1529.42,""11"":1519.81,""12"":1514.63,""13"":1510.46,""15"":1494.27,""16"":1483.97},""season_elo_rating_end"":1483.97},""16820"":{""season_elo_rating_start"":1484,""weeks"":{""1"":1503.12,""2"":1481.05,""3"":1477.58,""4"":1459.91,""5"":1445.96,""6"":1456.35,""7"":1453.22,""8"":1464.37,""9"":1485.77,""10"":1482.85,""11"":1495.36,""12"":1499.3,""13"":1511.8,""14"":1523.87,""15"":1534.72,""16"":1544.83},""season_elo_rating_end"":1544.83},""16819"":{""season_elo_rating_start"":1545,""weeks"":{""1"":1555.81,""2"":1540.97,""3"":1518.82,""4"":1522.92,""5"":1508.8,""6"":1491.4,""7"":1481.31,""8"":1485.25,""9"":1469.16,""10"":1476.17,""11"":1460.63,""12"":1452.1,""13"":1429.33,""14"":1440.77,""15"":1435.97,""16"":1439.99},""season_elo_rating_end"":1439.99},""16818"":{""season_elo_rating_start"":1440,""weeks"":{""1"":1457.36,""2"":1469.62,""3"":1489.14,""4"":1486.03,""5"":1531,""6"":1514.39,""7"":1518.68,""8"":1522.1,""9"":1569.85,""10"":1578.94,""11"":1599.17,""12"":1582.13,""13"":1578.56,""15"":1592.49,""16"":1581.73},""season_elo_rating_end"":1581.73},""16817"":{""season_elo_rating_start"":1582,""weeks"":{""1"":1587.81,""2"":1570.04,""3"":1551.86,""4"":1515.59,""5"":1502.92,""6"":1483.31,""7"":1488,""8"":1464.47,""9"":1470.28,""10"":1487.38,""11"":1499,""12"":1470.82,""13"":1447.56,""14"":1455.83,""15"":1446.12,""16"":1439.51},""season_elo_rating_end"":1439.51},""16816"":{""season_elo_rating_start"":1440,""weeks"":{""1"":1423.08,""2"":1407.63,""3"":1401.48,""4"":1395.86,""5"":1375.17,""6"":1380.45,""7"":1373.35,""8"":1368.25,""9"":1368.18,""10"":1387.67,""11"":1396.75,""12"":1390.51,""13"":1379.12,""14"":1378.27,""15"":1354.15,""16"":1360.42},""season_elo_rating_end"":1360.42},""16793"":{""season_elo_rating_start"":1360,""weeks"":{""1"":1347.61,""2"":1343.68,""3"":1361.16,""4"":1382.71,""5"":1386.49,""6"":1377.58,""7"":1374.34,""8"":1374.12,""9"":1393.05,""10"":1369.11,""11"":1377.58,""12"":1374.11,""13"":1387.84,""14"":1414.23,""15"":1419.98,""16"":1436.83,""17"":1423.72},""season_elo_rating_end"":1423.72},""16792"":{""season_elo_rating_start"":1424,""weeks"":{""1"":1415.83,""2"":1418.3,""3"":1429.31,""4"":1436.93,""5"":1424.22,""6"":1418.5,""7"":1431.38,""8"":1441.04,""9"":1422.9,""10"":1417.06,""11"":1443.76,""12"":1467.88,""13"":1477.25,""14"":1492.31,""15"":1477.06,""16"":1502.67},""season_elo_rating_end"":1502.67},""29820"":{""season_elo_rating_start"":1503,""weeks"":{""1"":1524.9,""2"":1534.2,""3"":1502.13,""4"":1496.34,""5"":1487.8,""6"":1491.49,""7"":1484.19,""8"":1500.75,""9"":1506.61,""10"":1502.75,""11"":1498.54,""12"":1513.88,""13"":1496.36,""14"":1472.11,""16"":1466.94,""17"":1458.58},""season_elo_rating_end"":1458.58},""29821"":{""season_elo_rating_start"":1459,""weeks"":{""1"":1471.8,""2"":1465.2,""3"":1476.56,""4"":1499.69,""5"":1507.48,""6"":1495.61,""7"":1482.58,""8"":1485.9,""9"":1496,""10"":1487.12,""11"":1467.6,""12"":1477.61,""13"":1471.55,""14"":1477.88,""15"":1493.1,""16"":1485.91},""season_elo_rating_end"":1485.91}}",,,,,,,,,active,0,,2025-07-11T03:06:15.000000Z,2026-08-11T11:20:46.000000Z,0,0,0,#fbbf24,
108582,3854,"[""1092593997857673216"",""UU2I4QPVEAJFXPZBBATARZTXNU""]",,John Juliano,male,,john-juliano,https://www.gravatar.com/avatar/5d02fc4f099d3236a8ae52057ef86a2f?d=wavatar&s=48,,false,false,false,1471,"{""16816"":{""season_elo_rating_start"":1500,""weeks"":{""1"":1520.15,""2"":1515.66,""3"":1519.14,""4"":1524.76,""5"":1549.93,""6"":1530.24,""7"":1537.66,""8"":1533.12,""9"":1542.76,""10"":1535.46,""11"":1544.23,""12"":1530.22,""13"":1525.41,""14"":1533.25,""15"":1520.27,""16"":1531.3},""season_elo_rating_end"":1531.3},""16793"":{""season_elo_rating_start"":1531,""weeks"":{""1"":1519.53,""2"":1515.79,""3"":1513.06,""4"":1486.66,""5"":1476.93,""6"":1477.81,""7"":1456.71,""8"":1448.53,""9"":1452.57,""10"":1444.99,""11"":1436.52,""12"":1424.4,""13"":1443.04,""14"":1454.75,""15"":1469.24,""16"":1474.57,""17"":1464.67},""season_elo_rating_end"":1464.67},""16792"":{""season_elo_rating_start"":1465,""weeks"":{""1"":1482.41,""2"":1476.45,""3"":1481.14,""4"":1476.77,""5"":1472.69,""6"":1469.01,""7"":1463.37,""8"":1455.31,""9"":1473.45,""10"":1443.17,""11"":1438.42,""12"":1434.42,""13"":1420.94,""14"":1428.71,""15"":1418.13,""16"":1443.87},""season_elo_rating_end"":1443.87},""29820"":{""season_elo_rating_start"":1444,""weeks"":{""1"":1427.33,""2"":1444.69,""3"":1476.76,""4"":1469.74,""5"":1464.35,""6"":1479.83,""7"":1497.44,""8"":1503.97,""9"":1476.77,""10"":1482.36,""11"":1472.44,""12"":1453.82,""13"":1441.09,""14"":1465.34,""15"":1486.81,""16"":1478.54,""17"":1470.49},""season_elo_rating_end"":1470.49},""29821"":{""season_elo_rating_start"":1470,""weeks"":{""1"":1480.4,""2"":1473.81,""3"":1469.34,""4"":1451.64,""5"":1464.07,""6"":1488.79,""7"":1482.24,""8"":1473.2,""9"":1482.47,""10"":1474.74,""11"":1494.26,""12"":1475.73,""13"":1466.78,""14"":1463.29,""16"":1453.56,""17"":1471.4},""season_elo_rating_end"":1471.4}}",,,,,,,,,active,0,,2025-07-11T03:06:15.000000Z,2026-08-11T11:20:46.000000Z,0,0,0,#34d399,
108584,3854,"[""1092594720267702272"",""NFLFDD2PBENIM7HNZPKLTH6IRA""]",,Nolan & Vinny,male,,nolan-vinny,https://www.gravatar.com/avatar/e7248814ff149c5fd271049032e48101?d=wavatar&s=48,,false,false,false,1575,"{""16824"":{""season_elo_rating_start"":1500,""weeks"":{""1"":1488.01,""2"":1483.56,""3"":1465.37,""4"":1440.73,""5"":1430.93,""6"":1442.43,""7"":1430.39,""8"":1440.77,""9"":1459.21,""10"":1452.22,""11"":1463.5,""12"":1448.55,""13"":1436.48,""14"":1425.63,""15"":1447.47},""season_elo_rating_end"":1447.47},""16823"":{""season_elo_rating_start"":1447,""weeks"":{""1"":1455.42,""2"":1478.7,""3"":1489.44,""4"":1505.07,""5"":1482.12,""6"":1473.45,""7"":1476.59,""8"":1484.61,""9"":1499.09,""10"":1517.24,""11"":1521.4,""12"":1517.63,""13"":1526.99,""15"":1492.22,""16"":1476.96},""season_elo_rating_end"":1476.96},""16822"":{""season_elo_rating_start"":1477,""weeks"":{""1"":1480.74,""2"":1489.61,""3"":1468.08,""4"":1462.16,""5"":1457.79,""6"":1473.96,""7"":1462.08,""8"":1441.1,""9"":1433.7,""10"":1428.35,""11"":1421.8,""12"":1406.48,""13"":1421.23,""14"":1405.2,""15"":1410.49},""season_elo_rating_end"":1410.49},""16821"":{""season_elo_rating_start"":1410,""weeks"":{""1"":1419.23,""2"":1432.08,""3"":1425.03,""4"":1441.29,""5"":1448.12,""6"":1443.26,""7"":1451.8,""8"":1446.5,""9"":1441.19,""10"":1437.1,""11"":1429.77,""12"":1421.06,""13"":1437.72,""15"":1444.52,""16"":1435.64},""season_elo_rating_end"":1435.64},""16820"":{""season_elo_rating_start"":1436,""weeks"":{""1"":1444.68,""2"":1466.75,""3"":1460.21,""4"":1456.43,""5"":1469.43,""6"":1464.28,""7"":1456.36,""8"":1472.96,""9"":1478.41,""10"":1473.57,""11"":1459.79,""12"":1485.59,""13"":1473.09,""15"":1452.87,""16"":1482.19},""season_elo_rating_end"":1482.19},""16819"":{""season_elo_rating_start"":1482,""weeks"":{""1"":1476.92,""2"":1491.76,""3"":1501.89,""4"":1515.29,""5"":1506.36,""6"":1499.2,""7"":1490.85,""8"":1487.47,""9"":1493.77,""10"":1516.21,""11"":1529.22,""12"":1551.67,""13"":1574.44,""14"":1589.64,""15"":1571.45,""16"":1598.06},""season_elo_rating_end"":1598.06},""16818"":{""season_elo_rating_start"":1598,""weeks"":{""1"":1587.65,""2"":1575.1,""3"":1545.82,""4"":1540.01,""5"":1495.04,""6"":1466.51,""7"":1454.89,""8"":1434.23,""9"":1464.45,""10"":1453.77,""11"":1439.18,""12"":1450.12,""13"":1459.23,""14"":1449.4,""15"":1457.34},""season_elo_rating_end"":1457.34},""16817"":{""season_elo_rating_start"":1457,""weeks"":{""1"":1482.43,""2"":1476.09,""3"":1522.77,""4"":1520.4,""5"":1533.07,""6"":1511.01,""7"":1534.98,""8"":1537.34,""9"":1543.82,""10"":1556.66,""11"":1541.02,""12"":1515.31,""13"":1501.16,""14"":1491.69,""15"":1479.74},""season_elo_rating_end"":1479.74},""16816"":{""season_elo_rating_start"":1480,""weeks"":{""1"":1488.91,""2"":1475.45,""3"":1459.2,""4"":1471.78,""5"":1492.47,""6"":1498.88,""7"":1484.23,""8"":1476.85,""9"":1467.21,""10"":1472.06,""11"":1494.03,""12"":1483.43,""13"":1477.46,""14"":1488.54,""16"":1505.68,""17"":1521.62},""season_elo_rating_end"":1521.62},""16793"":{""season_elo_rating_start"":1522,""weeks"":{""1"":1525.6,""2"":1546.56,""3"":1561.7,""4"":1588.55,""5"":1594.69,""6"":1603.6,""7"":1618.53,""8"":1626.71,""9"":1630.44,""10"":1640.17,""11"":1634.85,""12"":1641.6,""13"":1655.73,""14"":1669.22,""16"":1652.37,""17"":1644.5},""season_elo_rating_end"":1644.5},""16792"":{""season_elo_rating_start"":1645,""weeks"":{""1"":1653.33,""2"":1660.92,""3"":1656.23,""4"":1653.68,""5"":1666.39,""6"":1671.84,""7"":1677.79,""8"":1688.55,""9"":1694.38,""10"":1702.54,""11"":1695.82,""12"":1685.77,""13"":1697.82,""14"":1690.05,""16"":1686.3,""17"":1692.38},""season_elo_rating_end"":1692.38},""29820"":{""season_elo_rating_start"":1692,""weeks"":{""1"":1689.27,""2"":1674.22,""3"":1660.28,""4"":1669.29,""5"":1683.73,""6"":1668.25,""7"":1662.65,""8"":1682.62,""9"":1681.56,""10"":1685.42,""11"":1711.18,""12"":1683.32,""13"":1690.62,""14"":1700.4,""15"":1693.43,""16"":1634.99},""season_elo_rating_end"":1634.99},""29821"":{""season_elo_rating_start"":1635,""weeks"":{""1"":1635.65,""2"":1642.25,""3"":1622.47,""4"":1624.2,""5"":1617.79,""6"":1630.37,""7"":1627.14,""8"":1643.63,""9"":1634.36,""10"":1630.28,""11"":1627.32,""12"":1635.8,""13"":1641.86,""14"":1638.14,""15"":1605.2,""16"":1575.37},""season_elo_rating_end"":1575.37}}",,,,,,,,,active,0,,2025-07-11T03:06:15.000000Z,2026-08-11T11:20:46.000000Z,0,0,0,#f97316,
108587,3854,"[""872906191322468352"",""1132476590388211712"",""OER5323GWSREDMRCAREQ7IW2YQ"",""A325ZEH25U6S5YCBELPRF63KJQ""]",,Pung & Tralie,male,,pung-tralie,https://www.gravatar.com/avatar/e7898cff039479887d02d4cb99a75b48?d=wavatar&s=48,,false,false,false,1409,"{""16824"":{""season_elo_rating_start"":1500,""weeks"":{""1"":1471.51,""2"":1491.58,""3"":1499.17,""4"":1494.96,""5"":1512.79,""6"":1495.38,""7"":1491.59,""8"":1485.69,""9"":1481.75,""10"":1473.25,""11"":1484.67,""12"":1515.44,""13"":1521.49,""15"":1518.41,""16"":1543.16},""season_elo_rating_end"":1543.16},""16823"":{""season_elo_rating_start"":1543,""weeks"":{""1"":1548.68,""2"":1525.61,""3"":1496.92,""4"":1492.52,""5"":1484.4,""6"":1493.07,""7"":1515.85,""8"":1533.39,""9"":1537.67,""10"":1543.01,""11"":1535.38,""12"":1548.28,""13"":1538.92,""14"":1519.9,""15"":1513.86},""season_elo_rating_end"":1513.86},""16822"":{""season_elo_rating_start"":1514,""weeks"":{""1"":1491.76,""2"":1483.41,""3"":1471.52,""4"":1478.14,""5"":1461.11,""6"":1478.76,""7"":1486.04,""8"":1466.39,""9"":1473.79,""10"":1491.41,""11"":1486.91,""12"":1491.79,""13"":1502.68,""14"":1482.06,""15"":1490.5},""season_elo_rating_end"":1490.5},""16821"":{""season_elo_rating_start"":1491,""weeks"":{""1"":1482.17,""2"":1485.97,""3"":1477.7,""4"":1487.34,""5"":1479.86,""6"":1461.8,""7"":1453.26,""8"":1456.45,""9"":1434.92,""10"":1436.1,""11"":1445.71,""12"":1462.59,""13"":1480.05,""14"":1492.46,""15"":1482.84,""16"":1493.19},""season_elo_rating_end"":1493.19},""16820"":{""season_elo_rating_start"":1493,""weeks"":{""1"":1490.79,""2"":1480.23,""3"":1498.07,""4"":1492.76,""5"":1512.75,""6"":1502.36,""7"":1495.2,""8"":1478.6,""9"":1484.64,""10"":1473.59,""11"":1476.13,""12"":1454.53,""13"":1458.86,""14"":1477.63,""15"":1456.44,""16"":1427.12},""season_elo_rating_end"":1427.12},""16819"":{""season_elo_rating_start"":1427,""weeks"":{""1"":1444.16,""2"":1439.25,""3"":1435.44,""4"":1454.26,""5"":1459.18,""6"":1476.58,""7"":1483.29,""8"":1486.67,""9"":1478.73,""10"":1471.92,""11"":1492.05,""12"":1472.76,""13"":1470,""15"":1474.8,""16"":1478.87},""season_elo_rating_end"":1478.87},""16818"":{""season_elo_rating_start"":1479,""weeks"":{""1"":1466.9,""2"":1473.59,""3"":1451.88,""4"":1446.72,""5"":1459.76,""6"":1476.37,""7"":1489.48,""8"":1475.98,""9"":1493.92,""10"":1477.47,""11"":1492.06,""12"":1486.27,""13"":1479.76,""15"":1487.61,""16"":1493.09},""season_elo_rating_end"":1493.09},""16817"":{""season_elo_rating_start"":1493,""weeks"":{""1"":1488.61,""2"":1473,""3"":1494.93,""4"":1507.14,""5"":1520.49,""6"":1540.1,""7"":1556.8,""8"":1576.51,""9"":1583.75,""10"":1592.9,""11"":1608.54,""12"":1605.91,""13"":1611.73,""15"":1620.96,""16"":1606.24},""season_elo_rating_end"":1606.24},""16816"":{""season_elo_rating_start"":1606,""weeks"":{""1"":1613.96,""2"":1619.75,""3"":1634.49,""4"":1643.78,""5"":1619.92,""6"":1614.64,""7"":1621.57,""8"":1617.6,""9"":1626.57,""10"":1633.87,""11"":1611.9,""12"":1628.37,""13"":1615.99,""14"":1605.92,""15"":1618.9,""16"":1589.03,""17"":1572.21},""season_elo_rating_end"":1572.21},""16793"":{""season_elo_rating_start"":1572,""weeks"":{""1"":1554.55,""2"":1558.48,""3"":1567.07,""4"":1593.47,""5"":1598.35,""6"":1594.03,""7"":1590.11,""8"":1586.19,""9"":1578.89,""10"":1569.16,""11"":1551.18,""12"":1544.94,""13"":1531.21,""14"":1520.39,""15"":1509.47,""16"":1518.95},""season_elo_rating_end"":1518.95},""16792"":{""season_elo_rating_start"":1519,""weeks"":{""1"":1515.39,""2"":1510.76,""3"":1503.78,""4"":1499.12,""5"":1484.29,""6"":1491.85,""7"":1497.49,""8"":1502.78,""9"":1508.56,""10"":1500.4,""11"":1473.7,""12"":1468.7,""13"":1473.4,""14"":1475.13,""16"":1469,""17"":1430.16},""season_elo_rating_end"":1430.16},""29820"":{""season_elo_rating_start"":1430,""weeks"":{""1"":1416.59,""2"":1399.23,""3"":1418.58,""4"":1409.57,""5"":1422.12,""6"":1437.65,""7"":1433.01,""8"":1416.45,""9"":1410.57,""10"":1432.27,""11"":1423.14,""12"":1415.09,""13"":1427.82,""14"":1468.79,""15"":1463.55,""16"":1481.47},""season_elo_rating_end"":1481.47},""29821"":{""season_elo_rating_start"":1481,""weeks"":{""1"":1495.65,""2"":1480.27,""3"":1472.26,""4"":1448.36,""5"":1435.93,""6"":1423.35,""7"":1414.4,""8"":1411.08,""9"":1416.53,""10"":1413.41,""11"":1407.75,""12"":1414.04,""13"":1396.17,""14"":1385.8,""16"":1404.51,""17"":1409.49},""season_elo_rating_end"":1409.49}}",,,,,,,,,active,0,,2025-07-11T03:06:15.000000Z,2026-08-11T11:20:46.000000Z,0,0,0,#6366f1,
108588,3854,"[""860741469600854016"",""WPHYGJWTUL5LHD3NKTF5L5X6EI"",""WWOO3FI33RWS4DVAT4B7BBH4MA""]",,Frank & Julian,male,,frank-julian,https://www.gravatar.com/avatar/f176a778f9fba719989fb258d5e0f9d4?d=wavatar&s=48,,false,false,false,1412,"{""16824"":{""season_elo_rating_start"":1500,""weeks"":{""1"":1518.17,""2"":1514.05,""3"":1523.48,""4"":1506.2,""5"":1501.46,""6"":1508.85,""7"":1520.89,""8"":1517.06,""9"":1503.16,""10"":1488.11,""11"":1497.98,""12"":1494.22,""13"":1503.27,""15"":1493.02,""16"":1468.27},""season_elo_rating_end"":1468.27},""16823"":{""season_elo_rating_start"":1468,""weeks"":{""1"":1464.68,""2"":1451.98,""3"":1469.5,""4"":1457.61,""5"":1480.56,""6"":1471.57,""7"":1466.4,""8"":1441.35,""9"":1434.55,""10"":1429.21,""11"":1432.51,""12"":1443.72,""13"":1432.03,""14"":1414.16,""15"":1410.02},""season_elo_rating_end"":1410.02},""16822"":{""season_elo_rating_start"":1410,""weeks"":{""1"":1405.9,""2"":1397.03,""3"":1380.08,""4"":1385.1,""5"":1376.93,""6"":1381.91,""7"":1377.16,""8"":1351.64,""9"":1330.82,""10"":1313.2,""11"":1319.75,""12"":1330.38,""13"":1362.37,""15"":1375.9,""16"":1397.83},""season_elo_rating_end"":1397.83},""16821"":{""season_elo_rating_start"":1398,""weeks"":{""1"":1406.37,""2"":1397.38,""3"":1404.43,""4"":1410.27,""5"":1406.53,""6"":1418.84,""7"":1413.03,""8"":1409.84,""9"":1402.69,""10"":1380.1,""11"":1372.33,""12"":1365.72,""13"":1355.7,""14"":1381.32,""15"":1397.51,""16"":1406.39},""season_elo_rating_end"":1406.39},""16820"":{""season_elo_rating_start"":1406,""weeks"":{""1"":1410.19,""2"":1414.86,""3"":1418.33,""4"":1412.59,""5"":1399.59,""6"":1397.47,""7"":1421.39,""8"":1411.95,""9"":1405.91,""10"":1417.01,""11"":1431.11,""12"":1445.38,""13"":1450.18,""14"":1441.32,""15"":1445.56},""season_elo_rating_end"":1445.56},""16819"":{""season_elo_rating_start"":1446,""weeks"":{""1"":1438.04,""2"":1434.59,""3"":1456.74,""4"":1459.6,""5"":1468.53,""6"":1478.87,""7"":1488.46,""8"":1498.87,""9"":1506.81,""10"":1499.86,""11"":1506.32,""12"":1502.35,""13"":1520.58,""15"":1520.99,""16"":1515.7},""season_elo_rating_end"":1515.7},""16818"":{""season_elo_rating_start"":1516,""weeks"":{""1"":1528.1,""2"":1522.92,""3"":1510.49,""4"":1496.24,""5"":1487.51,""6"":1476.62,""7"":1468.79,""8"":1486.05,""9"":1466.74,""10"":1477.42,""11"":1457.19,""12"":1462.98,""13"":1483.22,""14"":1492.36,""15"":1486.7,""16"":1509.37},""season_elo_rating_end"":1509.37},""16817"":{""season_elo_rating_start"":1509,""weeks"":{""1"":1513.39,""2"":1519.76,""3"":1532.04,""4"":1535.08,""5"":1526.41,""6"":1498.22,""7"":1494.08,""8"":1500.34,""9"":1516.51,""10"":1503.67,""11"":1492.05,""12"":1494.68,""13"":1508.59,""14"":1518.06,""15"":1508.83,""16"":1529.86},""season_elo_rating_end"":1529.86},""16816"":{""season_elo_rating_start"":1530,""weeks"":{""1"":1522.04,""2"":1506.75,""3"":1503.99,""4"":1496,""5"":1485.33,""6"":1497.96,""7"":1487.8,""8"":1492.34,""9"":1477.22,""10"":1472.37,""11"":1463.29,""12"":1446.82,""13"":1443.91,""14"":1427.1,""15"":1434.28,""16"":1417.14,""17"":1437.91},""season_elo_rating_end"":1437.91},""16793"":{""season_elo_rating_start"":1438,""weeks"":{""1"":1450.39,""2"":1470.2,""3"":1472.93,""4"":1488.42,""5"":1483.54,""6"":1487.09,""7"":1498.09,""8"":1492.68,""9"":1488.95,""10"":1485.23,""11"":1462.2,""12"":1465.67,""13"":1441.9,""14"":1430.19,""16"":1424.86,""17"":1425.63},""season_elo_rating_end"":1425.63},""16792"":{""season_elo_rating_start"":1426,""weeks"":{""1"":1407,""2"":1412.96,""3"":1444.2,""4"":1436.58,""5"":1415.8,""6"":1408.69,""7"":1415.59,""8"":1410.3,""9"":1404.47,""10"":1391.62,""11"":1387.58,""12"":1377.98,""13"":1391.46,""14"":1406.72,""15"":1437.22,""16"":1425.65,""17"":1464.49},""season_elo_rating_end"":1464.49},""29820"":{""season_elo_rating_start"":1464,""weeks"":{""1"":1466.73,""2"":1475.16,""3"":1461.85,""4"":1466.77,""5"":1475.31,""6"":1465.85,""7"":1448.24,""8"":1445.75,""9"":1438.59,""10"":1416.89,""11"":1413.19,""12"":1441.05,""13"":1427.97,""14"":1420.74,""15"":1433.89,""16"":1440.15,""17"":1429.46},""season_elo_rating_end"":1429.46},""29821"":{""season_elo_rating_start"":1429,""weeks"":{""1"":1416.2,""2"":1410.97,""3"":1430.75,""4"":1418.14,""5"":1414.55,""6"":1424.24,""7"":1418.89,""8"":1414.3,""9"":1408.85,""10"":1416.58,""11"":1413.23,""12"":1403.22,""13"":1398.08,""14"":1401.8,""15"":1404.75,""16"":1411.94},""season_elo_rating_end"":1411.94}}",,,,,,,,,active,0,,2025-07-11T03:06:15.000000Z,2026-08-11T11:20:46.000000Z,0,0,0,#e879f9,
108589,3854,"[""1131785934086807552"",""4UNKKLRAKMH7JADU5ALG6J3Q5D"",""371.l.351067-371.l.351067.t.5"",""IBK7J5AFRXF73EIY32A2BKREA4""]",,Phil Baldino,male,,phil-baldino,https://www.gravatar.com/avatar/a4a0e87a3dcbd4e15abbab228a0abe8b?d=wavatar&s=48,,false,false,false,1782,"{""16820"":{""season_elo_rating_start"":1500,""weeks"":{""1"":1495.28,""2"":1497.66,""3"":1526,""4"":1543.67,""5"":1538.74,""6"":1543.89,""7"":1519.97,""8"":1523.28,""9"":1518.31,""10"":1529.36,""11"":1519.43,""12"":1504.27,""13"":1492.34,""14"":1473.57,""15"":1465.66},""season_elo_rating_end"":1465.66},""16819"":{""season_elo_rating_start"":1466,""weeks"":{""1"":1478.37,""2"":1502.44,""3"":1508.19,""4"":1504.09,""5"":1518,""6"":1525.16,""7"":1515.57,""8"":1519.36,""9"":1514.02,""10"":1520.83,""11"":1526.59,""12"":1533.47,""13"":1522.9,""15"":1541.09,""16"":1546.38},""season_elo_rating_end"":1546.38},""16818"":{""season_elo_rating_start"":1546,""weeks"":{""1"":1559.08,""2"":1573.78,""3"":1554.26,""4"":1536.7,""5"":1555.83,""6"":1566.72,""7"":1538.93,""8"":1559.59,""9"":1541.65,""10"":1530.18,""11"":1521.92,""12"":1514.74,""13"":1525.83,""14"":1514.1,""15"":1530.17},""season_elo_rating_end"":1530.17},""16817"":{""season_elo_rating_start"":1530,""weeks"":{""1"":1538.79,""2"":1543.93,""3"":1562.11,""4"":1551.99,""5"":1568.08,""6"":1596.27,""7"":1606.12,""8"":1603.76,""9"":1596.52,""10"":1602.87,""11"":1614.48,""12"":1610.43,""13"":1621.28,""14"":1610.85,""15"":1622.8},""season_elo_rating_end"":1622.8},""16816"":{""season_elo_rating_start"":1623,""weeks"":{""1"":1647.44,""2"":1652.73,""3"":1658.88,""4"":1666.36,""5"":1689.25,""6"":1676.62,""7"":1669.2,""8"":1676.58,""9"":1667.61,""10"":1633.61,""11"":1624.65,""12"":1627.07,""13"":1631.98,""14"":1632.83,""15"":1644.32,""16"":1636.21,""17"":1653.03},""season_elo_rating_end"":1653.03},""16793"":{""season_elo_rating_start"":1653,""weeks"":{""1"":1660.48,""2"":1670.24,""3"":1652.76,""4"":1655.41,""5"":1665.14,""6"":1661.59,""7"":1665.51,""8"":1635.96,""9"":1630.11,""10"":1617.4,""11"":1622.72,""12"":1631.25,""13"":1626.59,""14"":1600.2,""16"":1610.25,""17"":1620.15},""season_elo_rating_end"":1620.15},""16792"":{""season_elo_rating_start"":1620,""weeks"":{""1"":1623.61,""2"":1647.47,""3"":1656.97,""4"":1661.34,""5"":1674.98,""6"":1680.7,""7"":1690.06,""8"":1684.57,""9"":1690.37,""10"":1703.22,""11"":1709.94,""12"":1714.94,""13"":1722.47,""14"":1696.71,""16"":1706.17,""17"":1733.16},""season_elo_rating_end"":1733.16},""29820"":{""season_elo_rating_start"":1733,""weeks"":{""1"":1729.65,""2"":1741.54,""3"":1744.61,""4"":1750.4,""5"":1755.79,""6"":1765.25,""7"":1762.67,""8"":1773.13,""9"":1779.01,""10"":1786.93,""11"":1761.17,""12"":1764.64,""13"":1768.77,""14"":1775.57,""16"":1783.84,""17"":1799.91},""season_elo_rating_end"":1799.91},""29821"":{""season_elo_rating_start"":1800,""weeks"":{""1"":1791.96,""2"":1803.06,""3"":1807.53,""4"":1805.8,""5"":1784.05,""6"":1795.92,""7"":1801.27,""8"":1795.62,""9"":1807.96,""10"":1811.08,""11"":1801.53,""12"":1806.25,""13"":1818.08,""14"":1821.57,""15"":1818.62,""16"":1799.91,""17"":1782.07},""season_elo_rating_end"":1782.07}}",,,,,,,,,active,0,,2025-07-11T03:06:15.000000Z,2026-08-11T11:20:46.000000Z,0,0,0,#a1a1aa,
108590,3854,"[""1076422875726299136"",""PGQGHK7KBPVQDWLCENV37YXZZE"",""G6E5ALGBFGDWYDFVRRMVY6QYTQ""]",,Rob & GregBo,male,,rob-gregbo,https://www.gravatar.com/avatar/25dcfd76f8bc8f8f28957efa55fe2d39?d=wavatar&s=48,,false,false,false,1583,"{""16824"":{""season_elo_rating_start"":1500,""weeks"":{""1"":1481.83,""2"":1491.13,""3"":1501.16,""4"":1505.37,""5"":1520.52,""6"":1509.02,""7"":1496.08,""8"":1499.91,""9"":1486.78,""10"":1469.73,""11"":1478.29,""12"":1488.4,""13"":1500.47,""14"":1467.26,""15"":1482.21},""season_elo_rating_end"":1482.21},""16823"":{""season_elo_rating_start"":1482,""weeks"":{""1"":1476.32,""2"":1481.3,""3"":1470.56,""4"":1494.46,""5"":1478.17,""6"":1493.31,""7"":1476.12,""8"":1458.58,""9"":1467.67,""10"":1462.16,""11"":1467.28,""12"":1471.05,""13"":1475.72,""15"":1480.95,""16"":1489.61},""season_elo_rating_end"":1489.61},""16822"":{""season_elo_rating_start"":1490,""weeks"":{""1"":1493.27,""2"":1503.11,""3"":1515,""4"":1509.98,""5"":1523.53,""6"":1511.38,""7"":1544.28,""8"":1548.39,""9"":1547.59,""10"":1535.05,""11"":1514.48,""12"":1509.6,""13"":1502.55,""14"":1475.44,""15"":1467},""season_elo_rating_end"":1467},""16821"":{""season_elo_rating_start"":1467,""weeks"":{""1"":1474.8,""2"":1471,""3"":1462.12,""4"":1437.03,""5"":1433.63,""6"":1446.75,""7"":1438.1,""8"":1443.4,""9"":1450.55,""10"":1461.99,""11"":1455.19,""12"":1460.37,""13"":1442.91,""14"":1427.24,""15"":1444.49},""season_elo_rating_end"":1444.49},""16820"":{""season_elo_rating_start"":1444,""weeks"":{""1"":1437.65,""2"":1448.21,""3"":1441.84,""4"":1448.47,""5"":1433.78,""6"":1422.95,""7"":1426.08,""8"":1421.32,""9"":1415.87,""10"":1404.77,""11"":1414.7,""12"":1403.25,""13"":1398.92,""14"":1400.97,""15"":1421.19,""16"":1433.45},""season_elo_rating_end"":1433.45},""16819"":{""season_elo_rating_start"":1433,""weeks"":{""1"":1432,""2"":1436.91,""3"":1424.07,""4"":1441.49,""5"":1430.86,""6"":1440.42,""7"":1450.51,""8"":1463.34,""9"":1457.04,""10"":1463.99,""11"":1458.23,""12"":1454.84,""13"":1457.6,""14"":1442.4,""15"":1456.03},""season_elo_rating_end"":1456.03},""16818"":{""season_elo_rating_start"":1456,""weeks"":{""1"":1466.35,""2"":1459.66,""3"":1472.09,""4"":1478.9,""5"":1474.66,""6"":1468.49,""7"":1464.2,""8"":1470.09,""9"":1460.89,""10"":1472.36,""11"":1459.96,""12"":1449.02,""13"":1455.53,""14"":1465.36,""15"":1457.51,""16"":1434.84},""season_elo_rating_end"":1434.84},""16817"":{""season_elo_rating_start"":1435,""weeks"":{""1"":1409.57,""2"":1425.18,""3"":1412.9,""4"":1401.58,""5"":1392.86,""6"":1413.04,""7"":1408.35,""8"":1401.1,""9"":1396.68,""10"":1390.33,""11"":1372.44,""12"":1398.15,""13"":1392.33,""14"":1384.06,""15"":1404.7},""season_elo_rating_end"":1404.7},""16816"":{""season_elo_rating_start"":1405,""weeks"":{""1"":1396.09,""2"":1390.3,""3"":1393.06,""4"":1385.89,""5"":1401.48,""6"":1407.05,""7"":1414.15,""8"":1401.63,""9"":1416.1,""10"":1450.1,""11"":1441.33,""12"":1451.93,""13"":1464.31,""14"":1481.12,""16"":1510.99,""17"":1524.18},""season_elo_rating_end"":1524.18},""16793"":{""season_elo_rating_start"":1524,""weeks"":{""1"":1532.98,""2"":1512.02,""3"":1519.89,""4"":1513.86,""5"":1510.08,""6"":1520.95,""7"":1542.05,""8"":1547.46,""9"":1554.76,""10"":1567.47,""11"":1564.03,""12"":1544.98,""13"":1530.85,""14"":1525.39,""15"":1519.64,""16"":1495.96},""season_elo_rating_end"":1495.96},""16792"":{""season_elo_rating_start"":1496,""weeks"":{""1"":1478.59,""2"":1465.94,""3"":1454.93,""4"":1465.74,""5"":1477.11,""6"":1469.55,""7"":1462.65,""8"":1451.89,""9"":1446.09,""10"":1463.98,""11"":1447.33,""12"":1451.33,""13"":1478.5,""14"":1463.44,""15"":1432.94,""16"":1407.2},""season_elo_rating_end"":1407.2},""29820"":{""season_elo_rating_start"":1407,""weeks"":{""1"":1389.8,""2"":1404.85,""3"":1401.21,""4"":1422.7,""5"":1429.24,""6"":1425.55,""7"":1428.13,""8"":1430.62,""9"":1457.82,""10"":1508.95,""11"":1518.08,""12"":1527.38,""13"":1520.08,""14"":1533.43,""16"":1525.61,""17"":1533.66},""season_elo_rating_end"":1533.66},""29821"":{""season_elo_rating_start"":1534,""weeks"":{""1"":1550.02,""2"":1565.4,""3"":1561.23,""4"":1538.1,""5"":1541.69,""6"":1528.16,""7"":1534.71,""8"":1540.36,""9"":1540.74,""10"":1544.82,""11"":1554.74,""12"":1550.53,""13"":1568.4,""14"":1576.47,""16"":1572.42,""17"":1582.7},""season_elo_rating_end"":1582.7}}",,,,,,,,,active,0,,2025-07-11T03:06:15.000000Z,2026-08-11T11:20:46.000000Z,0,0,0,#22d3ee,
108592,3854,"[""1132354082896986112"",""R7X6Z44STRLOKLDVCF5MMYHVNQ"",""314.l.777575-314.l.777575.t.6""]",,Chris & Dom,male,,chris-dom,https://www.gravatar.com/avatar/2341691690786536ffaf917a7ad11f7f?d=wavatar&s=48,,false,false,false,1571,"{""16824"":{""season_elo_rating_start"":1500,""weeks"":{""1"":1487.85,""2"":1491.97,""3"":1510.16,""4"":1517.69,""5"":1499.86,""6"":1504.48,""7"":1517.42,""8"":1528.27,""9"":1517.84,""10"":1526.89,""11"":1517.02,""12"":1531.97,""13"":1537.18,""15"":1507.18,""16"":1490.18},""season_elo_rating_end"":1490.18},""16823"":{""season_elo_rating_start"":1490,""weeks"":{""1"":1493.32,""2"":1485.58,""3"":1481.85,""4"":1473.73,""5"":1501.19,""6"":1492.07,""7"":1509.07,""8"":1534.12,""9"":1519.64,""10"":1539.93,""11"":1532.45,""12"":1545.56,""13"":1550.07,""14"":1529.66,""15"":1535.7},""season_elo_rating_end"":1535.7},""16822"":{""season_elo_rating_start"":1536,""weeks"":{""1"":1551.7,""2"":1560.05,""3"":1577.93,""4"":1582.98,""5"":1593.53,""6"":1605.68,""7"":1617.66,""8"":1641.79,""9"":1627.07,""10"":1600.68,""11"":1605.18,""12"":1610.21,""13"":1617.26,""15"":1636.95,""16"":1639.31},""season_elo_rating_end"":1639.31},""16821"":{""season_elo_rating_start"":1639,""weeks"":{""1"":1651.35,""2"":1654.02,""3"":1653.1,""4"":1643.46,""5"":1646.86,""6"":1655.19,""7"":1640.73,""8"":1649.74,""9"":1643.1,""10"":1647.19,""11"":1654.96,""12"":1670.46,""13"":1689.82,""15"":1699.44,""16"":1705.23},""season_elo_rating_end"":1705.23},""16820"":{""season_elo_rating_start"":1705,""weeks"":{""1"":1700.81,""2"":1698.43,""3"":1676.84,""4"":1682.15,""5"":1696.84,""6"":1700.58,""7"":1705.21,""8"":1698.44,""9"":1677.04,""10"":1667.83,""11"":1681.61,""12"":1667.34,""13"":1679.27,""14"":1688.13,""15"":1694.3,""16"":1684.19},""season_elo_rating_end"":1684.19},""16819"":{""season_elo_rating_start"":1684,""weeks"":{""1"":1691.96,""2"":1667.89,""3"":1645.7,""4"":1626.88,""5"":1637.51,""6"":1642.54,""7"":1646.63,""8"":1655.48,""9"":1671.57,""10"":1679.38,""11"":1666.37,""12"":1670.34,""13"":1680.91,""14"":1664.95,""15"":1651.32},""season_elo_rating_end"":1651.32},""16818"":{""season_elo_rating_start"":1651,""weeks"":{""1"":1650.65,""2"":1638.39,""3"":1619.73,""4"":1633.98,""5"":1614.85,""6"":1627.97,""7"":1639.59,""8"":1653.09,""9"":1662.29,""10"":1658.67,""11"":1642.5,""12"":1646.72,""13"":1650.29,""14"":1654.99,""15"":1627.47,""16"":1647.02},""season_elo_rating_end"":1647.02},""16817"":{""season_elo_rating_start"":1647,""weeks"":{""1"":1640.59,""2"":1658.36,""3"":1644.32,""4"":1641.28,""5"":1625.19,""6"":1633.18,""7"":1609.21,""8"":1589.5,""9"":1593.92,""10"":1578.26,""11"":1601.1,""12"":1593.82,""13"":1617.08,""15"":1626.79,""16"":1635.16},""season_elo_rating_end"":1635.16},""16816"":{""season_elo_rating_start"":1635,""weeks"":{""1"":1630.85,""2"":1646.3,""3"":1656.54,""4"":1664.53,""5"":1641.64,""6"":1661.33,""7"":1675.98,""8"":1679.95,""9"":1665.48,""10"":1643.34,""11"":1619.14,""12"":1616.96,""13"":1628.35,""14"":1638.34,""15"":1626.85,""16"":1615.82},""season_elo_rating_end"":1615.82},""16793"":{""season_elo_rating_start"":1616,""weeks"":{""1"":1607.02,""2"":1610.76,""3"":1595.62,""4"":1580.13,""5"":1569.96,""6"":1574.28,""7"":1557.26,""8"":1586.81,""9"":1567.88,""10"":1577.73,""11"":1562.6,""12"":1581.65,""13"":1563.01,""14"":1549.52,""15"":1535.03,""16"":1525.55},""season_elo_rating_end"":1525.55},""16792"":{""season_elo_rating_start"":1526,""weeks"":{""1"":1516.59,""2"":1529.24,""3"":1498,""4"":1500.55,""5"":1486.91,""6"":1481.26,""7"":1499.99,""8"":1508.05,""9"":1502.27,""10"":1508.11,""11"":1493.72,""12"":1488.69,""13"":1461.52,""14"":1446.26,""15"":1456.84,""16"":1462.97,""17"":1467.88},""season_elo_rating_end"":1467.88},""29820"":{""season_elo_rating_start"":1468,""weeks"":{""1"":1471.35,""2"":1462.92,""3"":1466.56,""4"":1458.59,""5"":1446.04,""6"":1453.88,""7"":1459.48,""8"":1452.95,""9"":1473.42,""10"":1498.72,""11"":1502.93,""12"":1499.46,""13"":1512.54,""14"":1499.19,""15"":1477.72,""16"":1536.16},""season_elo_rating_end"":1536.16},""29821"":{""season_elo_rating_start"":1536,""weeks"":{""1"":1525.6,""2"":1514.5,""3"":1529.99,""4"":1553.89,""5"":1541.68,""6"":1555.21,""7"":1546.94,""8"":1530.45,""9"":1548.29,""10"":1557.17,""11"":1560.52,""12"":1579.05,""13"":1567.22,""14"":1561.52,""15"":1541.29,""16"":1571.12},""season_elo_rating_end"":1571.12}}",,,,,,,,,active,0,,2025-07-11T03:06:15.000000Z,2026-08-11T11:20:46.000000Z,0,0,0,#2dd4bf,
259920,3854,"[""1132133267961937920""]",,gatta,,,gatta-1,https://www.gravatar.com/avatar/88c9726d5c7f0ec80917c40c433e67c7?d=wavatar&s=48,,false,false,false,1500,[],,,,,,,,,active,0,,2026-08-11T08:34:47.000000Z,2026-08-11T11:24:01.000000Z,0,0,0,#ef4444,
259921,3854,"[""1256060338705530880""]",,johngalt1957,,,johngalt1957,https://www.gravatar.com/avatar/6cbd12ab3228f1265d8d7e630b62de25?d=wavatar&s=48,,false,false,false,1500,[],,,,,,,,,active,0,,2026-08-11T08:34:47.000000Z,2026-08-11T11:24:01.000000Z,0,0,0,#10b981,
259922,3854,"[""741128841325649920""]",,My Back Hurts,,,my-back-hurts,https://www.gravatar.com/avatar/9c8a49c331f22587be4ae5664a9d2a03?d=wavatar&s=48,,false,false,false,1500,[],,,,,,,,,active,0,,2026-08-11T08:34:47.000000Z,2026-08-11T11:24:01.000000Z,0,0,0,#3b82f6,
259923,3854,"[""474652482639753216""]",,ernie706,,,ernie706,https://www.gravatar.com/avatar/4f9a77b4f3aa7039dfacb785c4de8e84?d=wavatar&s=48,,false,false,false,1500,[],,,,,,,,,active,0,,2026-08-11T08:34:47.000000Z,2026-08-11T11:24:01.000000Z,0,0,0,#8b5cf6,
259924,3854,"[""1000573213660807168""]",,JPod17,,,jpod17,https://www.gravatar.com/avatar/88d847396a62371d5ee1684265391170?d=wavatar&s=48,,false,false,false,1500,[],,,,,,,,,active,0,,2026-08-11T08:34:47.000000Z,2026-08-11T11:24:01.000000Z,0,0,0,#d946ef,
259925,3854,"[""1025104820690112512""]",,jasonbonanno,,,jasonbonanno,https://www.gravatar.com/avatar/5f379320affb072498501a47e5c51a45?d=wavatar&s=48,,false,false,false,1500,[],,,,,,,,,active,0,,2026-08-11T08:34:47.000000Z,2026-08-11T11:24:01.000000Z,0,0,0,#ec4899,
259926,3854,"[""741129160759619584""]",,rondro9,,,rondro9,https://www.gravatar.com/avatar/699519ae4162b34b57c4b1232f86ce21?d=wavatar&s=48,,false,false,false,1500,[],,,,,,,,,active,0,,2026-08-11T08:34:47.000000Z,2026-08-11T11:24:01.000000Z,0,0,0,#14b8a6,
259927,3854,"[""1269141231489789952""]",,HarrySells,,,harrysells,https://www.gravatar.com/avatar/6ecdeba5b1eddb9bb41f185be8d7bab9?d=wavatar&s=48,,false,false,false,1500,[],,,,,,,,,active,0,,2026-08-11T08:34:47.000000Z,2026-08-11T11:24:01.000000Z,0,0,0,#0ea5e9,
259928,3854,"[""1133933926268948480""]",,JulianoBreadman,,,julianobreadman,https://www.gravatar.com/avatar/906d6c2f1f486cf3b387059244edd38d?d=wavatar&s=48,,false,false,false,1500,[],,,,,,,,,active,0,,2026-08-11T08:34:47.000000Z,2026-08-11T11:24:01.000000Z,0,0,0,#7c3aed,