gsis_id,name,position,team,fn_player_id,total_pts,avg_started_pts,best_week,started_weeks,total_weeks,times_drafted,as_keeper,avg_round,avg_value,times_added,times_dropped,overall_rank,pos_rank,rings,championship_contributions
00-0030506,Travis Kelce,TE,KC,341,2341.46,15.2,38.8,154,175,12,0,3.6,17.48,0,0,1,1,1,1
00-0033280,Christian McCaffrey,RB,SF,954,2314.26,22.25,48.7,104,132,9,0,1.2,14.23,1,3,2,1,1,1
00-0030564,DeAndre Hopkins,WR,TEN,338,2205.04,17.09,39,129,180,13,0,5.2,5.74,0,2,3,1,2,2
00-0033873,Patrick Mahomes,QB,KC,945,2196.78,21.97,40,100,122,8,0,4.6,17.85,0,0,4,1,1,1
00-0034857,Josh Allen,QB,BUF,1205,2161.16,23.49,51.88,92,102,6,0,3.8,26.43,3,2,5,2,1,1
00-0031381,Davante Adams,WR,LV,451,2161.1,17.57,44.6,123,162,11,0,3.4,10.05,5,5,6,2,2,2
00-0033040,Tyreek Hill,WR,MIA,848,2100.7,18.27,57.9,115,131,9,0,2.4,11.6,1,1,7,3,0,1
00-0031408,Mike Evans,WR,TB,447,2083,15.9,45,131,170,12,0,3.5,6.82,1,1,8,4,2,2
00-0023459,Aaron Rodgers,QB,PIT,52,2057.84,20.79,43.76,99,155,12,0,6.1,4.25,5,6,9,3,1,0
00-0033906,Alvin Kamara,RB,NO,956,1960.52,17.5,44.7,112,142,9,0,3,14.81,0,0,10,2,2,2
00-0031588,Stefon Diggs,WR,HOU,594,1957,16.17,44.8,121,145,9,0,3.6,8.33,4,3,11,5,3,4
00-0019596,Tom Brady,QB,FA,36,1947.56,19.67,37.74,99,145,10,0,6.4,7.25,6,6,12,4,1,1
00-0030279,Keenan Allen,WR,CHI,334,1946.16,16.63,45.46,117,159,12,0,4.1,3.06,3,5,13,6,1,1
00-0029263,Russell Wilson,QB,PIT,231,1921.7,19.03,39.22,101,160,11,0,6.7,8.4,3,2,14,5,0,1
00-0027793,Antonio Brown,WR,FA,,1899.7,21.59,47.6,88,122,8,0,2.6,10.63,2,2,15,7,0,1
00-0027944,Julio Jones,WR,FA,,1777.7,18.33,50.8,97,134,10,0,2.7,3.67,1,1,16,8,0,0
00-0034796,Lamar Jackson,QB,BAL,1209,1713.98,20.16,42.62,85,109,7,0,4.4,14.39,1,0,17,6,2,2
00-0020531,Drew Brees,QB,FA,,1696.32,20.19,40.54,84,116,8,0,5.5,5.11,0,1,18,7,0,0
00-0032764,Derrick Henry,RB,BAL,729,1691.12,17.43,47.7,97,150,10,0,3.6,10.16,4,4,19,3,1,2
00-0033045,Ezekiel Elliott,RB,DAL,728,1540.26,17.91,40.9,86,121,9,0,3.8,8.23,2,3,20,4,1,1
00-0033077,Dak Prescott,QB,DAL,725,1519.22,19.23,39.8,79,122,9,0,10,5.86,1,2,21,8,2,2
00-0026498,Matthew Stafford,QB,LAR,99,1516.3,17.43,34.9,87,140,10,0,9,1.03,13,14,22,9,2,1
00-0034844,Saquon Barkley,RB,PHI,1216,1490.3,16.94,46.2,88,106,8,0,1.3,9.04,1,2,23,5,1,1
00-0029597,Justin Tucker,K,BAL,301,1482,9.5,23,156,171,12,0,10.5,5.89,0,0,24,1,1,1
00-0026143,Matt Ryan,QB,FA,,1476.88,17.58,40.16,84,121,9,0,7.4,4.1,3,4,25,10,1,2
00-0033908,Cooper Kupp,WR,LAR,978,1398.4,16.65,37.6,84,119,9,0,4.9,4.81,2,4,26,9,2,2
00-0035700,Josh Jacobs,RB,GB,1533,1397,15.7,48.3,89,106,7,0,3,12.99,0,0,27,6,1,2
00-0036389,Jalen Hurts,QB,PHI,1888,1380.06,22.26,35.14,62,72,5,0,4.4,18.5,0,0,28,11,0,0
00-0030496,Le'Veon Bell,RB,FA,,1366.7,19.81,51.8,69,112,8,0,2.6,8.72,2,3,29,7,0,1
00-0033897,Joe Mixon,RB,HOU,955,1355.1,15.76,55.1,86,123,9,0,3.1,5.71,0,1,30,8,0,0
00-0032241,Todd Gurley,RB,FA,,1344.5,18.94,49.6,71,87,6,0,2.5,14.52,0,0,31,9,1,1
00-0031235,Odell Beckham,WR,MIA,455,1314.66,18.52,44.3,71,111,9,0,4.6,1.7,4,7,32,10,2,2
00-0033293,Aaron Jones,RB,MIN,1104,1268,14.57,49.2,87,122,8,0,3.9,7.94,3,2,33,10,2,2
00-0036322,Justin Jefferson,WR,MIN,1941,1266.24,17.35,39.6,73,94,6,0,2.7,11.08,0,0,34,11,1,1
00-0031544,Amari Cooper,WR,CLE,586,1261,13,39.6,97,144,10,0,3.9,3.15,2,2,35,12,1,1
00-0027656,Rob Gronkowski,TE,FA,,1251.1,14.89,41.9,84,120,7,0,3.1,7.3,3,2,36,2,2,2
00-0035676,A.J. Brown,WR,PHI,1560,1231.2,15.99,39.6,77,92,6,0,2.5,6.75,2,1,37,13,0,1
00-0031236,Brandin Cooks,WR,DAL,450,1224.6,14.24,37.6,86,140,10,0,5.7,1.64,1,2,38,14,0,1
00-0030035,Adam Thielen,WR,CAR,540,1223.8,15.3,32.3,80,112,8,0,6.3,3.99,4,3,39,15,1,1
00-0033699,Austin Ekeler,RB,WAS,1148,1210.5,18.62,41.5,65,109,8,0,5,6.79,3,3,40,11,1,1
00-0033288,George Kittle,TE,SF,1088,1205.8,13.4,40.1,90,123,8,0,4.6,13.04,3,3,41,3,2,2
00-0036358,CeeDee Lamb,WR,DAL,1937,1202.6,16.7,42.2,72,91,6,0,2.8,9.56,1,1,42,16,2,2
00-0027874,Demaryius Thomas,WR,FA,,1186.5,16.25,42.6,73,87,7,0,4.3,6.04,0,1,43,17,2,2
00-0027029,LeSean McCoy,RB,FA,,1180.2,14.94,33.2,79,106,8,0,4,6.19,0,1,44,12,0,0
00-0022924,Ben Roethlisberger,QB,FA,,1173.72,19.24,44.78,61,95,8,0,10.3,3.3,0,1,45,12,0,0
00-0027942,A.J. Green,WR,FA,,1172.5,16.28,44.7,72,112,8,0,2.9,0.16,5,6,46,18,0,0
00-0030061,Zach Ertz,TE,WAS,342,1169,11.46,40.5,102,152,8,0,5.9,7.54,13,11,47,4,1,2
00-0036223,Jonathan Taylor,RB,IND,1907,1165.4,16.89,53.4,69,92,6,0,2.5,12.23,0,0,48,13,0,0
00-0029608,T.Y. Hilton,WR,FA,,1164.6,14.74,37.3,79,109,8,0,4.1,3,3,3,49,19,0,0
00-0034827,D.J. Moore,WR,CHI,1241,1147.98,13.05,49,88,110,8,0,5.3,4.27,2,2,50,20,0,0
00-0022942,Philip Rivers,QB,FA,44,1146.92,18.21,28.96,63,108,7,0,10.1,2.41,1,1,51,13,2,2
00-0036355,Justin Herbert,QB,LAC,1884,1137.82,20.32,42.82,56,73,5,0,7.4,9.12,3,3,52,14,0,0
00-0033893,Dalvin Cook,RB,BAL,952,1132.3,19.19,48.6,59,82,7,0,2.3,4.4,3,5,53,14,2,2
00-0027966,Mark Ingram,RB,FA,,1128,14.84,35.5,76,116,9,0,7.1,5.82,4,5,54,15,2,2
00-0027150,Julian Edelman,WR,FA,,1127.2,16.1,33.9,70,95,6,0,4.8,1.07,2,3,55,21,2,1
00-0028009,DeMarco Murray,RB,FA,,1122.3,18.4,37.8,61,74,5,0,3,16.78,0,1,56,16,0,0
00-0035228,Kyler Murray,QB,ARI,1517,1110.66,19.15,37.92,58,89,6,0,8.3,5.28,1,2,57,15,0,2
00-0036900,Ja'Marr Chase,WR,CIN,2366,1102.72,18.08,55.4,61,72,5,0,2.2,14.73,0,0,58,22,0,0
DEF-0022,New England Patriots,DEF,NE,4,1101,9.25,37,119,159,12,0,12.7,7.64,17,18,59,1,1,2
00-0029604,Kirk Cousins,QB,ATL,230,1086.4,18.41,35.86,59,120,8,0,11.4,4.58,8,8,60,16,0,0
00-0027939,Cam Newton,QB,FA,,1083,20.06,36.14,54,104,8,0,7.5,3.49,0,1,61,17,0,0
00-0029668,Andrew Luck,QB,FA,,1070.54,21.41,35.66,50,75,6,0,5,1.04,0,1,62,18,0,0
00-0027685,Emmanuel Sanders,WR,FA,,1057.72,13.92,39.6,76,124,8,0,7,2.89,2,2,63,23,0,0
00-0032765,Michael Thomas,WR,FA,,1038.5,17.31,41.2,60,97,8,0,4.6,1.37,0,3,64,24,0,0
00-0033553,James Conner,RB,ARI,967,1034.3,15.21,38.2,68,104,8,0,4.8,6.96,0,2,65,17,1,3
00-0022921,Larry Fitzgerald,WR,FA,,1026.24,14.87,37.2,69,103,8,0,6,4.21,0,1,66,25,1,2
00-0032144,Melvin Gordon,RB,FA,,1020.6,15.7,36.1,65,110,8,0,4.8,6.42,0,2,67,18,1,1
00-0031428,Allen Robinson,WR,NYG,,1020.1,14.17,43.3,72,99,8,0,4.4,0.13,5,7,68,26,1,2
00-0035640,DK Metcalf,WR,SEA,1558,1013.9,12.52,40.1,81,107,7,0,5.1,4.02,0,0,69,27,1,1
00-0034791,Nick Chubb,RB,CLE,1221,1010.3,16.56,39.3,61,100,8,0,4,1.47,0,3,70,19,1,1
00-0034753,Mark Andrews,TE,BAL,1268,990.1,12.07,41.7,82,104,7,0,5.7,11.27,2,2,71,5,0,0
00-0031382,Jarvis Landry,WR,FA,,986.98,14.73,36.8,67,104,8,0,6.6,4.48,3,4,72,28,1,1
00-0031285,Devonta Freeman,RB,FA,,982.7,16.38,42.3,60,87,6,0,6,8.86,5,6,73,20,0,0
00-0027696,Jimmy Graham,TE,FA,,977.7,13.39,34.4,73,103,6,0,4.7,8.94,2,2,74,6,1,1
DEF-0003,Baltimore Ravens,DEF,BAL,31,971,7.89,29,123,163,11,0,11,3.02,15,14,75,2,2,4
00-0036963,Amon-Ra St. Brown,WR,DET,2372,971,17.34,39.4,56,63,4,0,2,15.19,2,1,75,29,0,0
00-0033856,Leonard Fournette,RB,FA,,965.6,16.94,44.1,57,91,6,0,4.2,9.33,1,1,77,21,0,0
DEF-0004,Buffalo Bills,DEF,BUF,1,961,8.58,32,112,135,7,0,11.3,2.63,24,19,78,3,2,2
00-0027891,Golden Tate,WR,FA,,959.7,13.33,33.2,72,97,7,0,6,2.27,1,1,79,30,1,1
00-0033921,Chris Godwin,WR,TB,977,953.6,14.9,41.2,64,102,8,0,6.9,2.17,2,5,80,31,0,1
DEF-0026,Philadelphia Eagles,DEF,PHI,18,947,8.23,35,115,148,11,0,11.9,4.3,11,13,81,4,3,5
00-0026184,Matt Forte,RB,FA,,945.6,18.91,37.7,50,69,5,0,3.6,9.92,1,2,82,22,1,1
00-0029137,Alshon Jeffery,WR,FA,,939.5,15.15,48.9,62,103,8,0,6,1.6,0,1,83,32,0,1
00-0033923,Kareem Hunt,RB,KC,961,937.9,15.38,45.6,61,128,6,0,6.3,6.31,5,2,84,23,0,0
00-0025418,Greg Olsen,TE,FA,,935.6,12.15,33.4,77,100,7,0,6.1,6.03,3,4,85,7,0,1
00-0027902,Dez Bryant,WR,FA,,906.1,15.62,35.4,58,82,6,0,3.3,0.51,2,3,86,33,1,1
00-0032187,David Johnson,RB,FA,,898.9,18.73,44.9,48,85,6,0,3,2.23,4,3,87,24,2,2
00-0035685,David Montgomery,RB,DET,1531,889.54,13.28,34.1,67,102,7,0,5,5.66,0,1,88,25,1,1
00-0033106,Jared Goff,QB,DET,720,871.18,17.08,35.12,51,96,6,0,12,7.7,9,8,89,19,0,2
00-0024333,Stephen Gostkowski,K,FA,,871,9.9,22,88,95,8,0,12,5.42,2,4,90,2,0,0
00-0033537,Deshaun Watson,QB,CLE,942,861.62,21.02,41.74,41,65,4,0,6,8.56,4,4,91,20,0,0
DEF-0029,Seattle Seahawks,DEF,SEA,15,852,8.61,32,99,119,7,0,9.1,4.83,21,17,92,5,2,3
00-0026176,Jordy Nelson,WR,FA,,847.1,16.29,35.9,52,67,5,0,4,7.27,0,1,93,34,0,1
00-0036275,D'Andre Swift,RB,CHI,1902,846.3,14.1,28.4,60,88,6,0,4.7,5.96,0,0,94,26,0,0
00-0024334,Brandon Marshall,WR,FA,,841.6,16.18,34.1,52,64,5,0,3.4,4.63,1,3,95,35,0,1
DEF-0010,Denver Broncos,DEF,DEN,11,841,8.09,32,104,140,11,0,10.8,2.27,13,15,96,6,1,1
00-0033303,Harrison Butker,K,KC,1126,833,8.41,21,99,109,8,0,12.4,2.72,9,9,97,3,0,1
00-0034837,Calvin Ridley,WR,TEN,1235,829.2,13.16,33.9,63,94,7,0,5.6,-1.42,1,3,98,36,0,0
00-0032211,Tyler Lockett,WR,SEA,595,828.6,14.29,53,58,109,7,0,6.7,3.63,7,5,99,37,0,0
00-0035659,Terry McLaurin,WR,WAS,1565,823.4,12.87,30.3,64,103,6,0,4.7,1.85,1,0,100,38,0,0
00-0036442,Joe Burrow,QB,CIN,1882,807.54,18.35,39.24,44,89,6,0,6.8,6.4,1,2,101,21,0,0
DEF-0027,Pittsburgh Steelers,DEF,PIT,10,796,8.21,26,97,141,8,0,12.3,3.9,18,16,102,7,1,1
00-0033857,JuJu Smith-Schuster,WR,NE,972,782.1,14.22,37.9,55,80,6,0,5.3,-2.15,2,3,103,39,1,2
00-0036410,Tee Higgins,WR,CIN,1940,779.9,14.44,40.1,54,89,5,0,4.2,1.72,1,0,104,40,0,0
00-0034348,Courtland Sutton,WR,DEN,1236,775.52,12.31,29.7,63,96,6,0,7,-2.38,7,7,105,41,1,0
00-0028002,Randall Cobb,WR,NYJ,,764.4,14.16,35.3,54,76,7,0,6.3,-2.04,4,6,106,42,0,0
DEF-0019,Los Angeles Rams,DEF,LAR,28,757,8.23,32,92,140,8,0,10.4,4.82,15,14,107,8,0,2
00-0036613,Jaylen Waddle,WR,MIA,2369,754.82,13.24,40.1,57,78,5,0,5.4,3.61,0,0,108,43,0,0
00-0039139,Jahmyr Gibbs,RB,DET,3146,753.8,18.39,55.4,41,46,3,0,2,18.91,0,0,109,27,1,1
00-0031280,Derek Carr,QB,NO,439,752.14,16,35.82,47,103,7,0,12.3,-0.5,11,9,110,22,0,0
DEF-0016,Kansas City Chiefs,DEF,KC,12,749,7.42,25,101,133,8,0,11.8,3.33,26,24,111,9,0,3
00-0035229,T.J. Hockenson,TE,MIN,1591,748.8,12.08,39.9,62,85,6,0,7.2,6.52,4,6,112,8,0,1
00-0030431,Robert Woods,WR,HOU,,748.8,15.28,37.1,49,77,5,0,5.4,4.3,8,8,112,44,0,0
00-0010346,Peyton Manning,QB,FA,,743.84,21.88,46.28,34,42,3,0,2.3,2.32,0,1,114,23,1,1
00-0038542,Bijan Robinson,RB,ATL,3145,733.7,17.47,39.9,42,45,3,0,1,15.89,0,0,115,28,0,0
00-0023853,Matt Prater,K,ARI,76,727,8.26,19,88,97,7,0,13.3,1.23,14,16,116,4,1,2
00-0025394,Adrian Peterson,RB,FA,,722.1,12.67,33.1,57,105,8,0,6.1,-1.59,11,12,117,29,0,0
00-0039075,Puka Nacua,WR,LAR,3195,707.3,20.8,46.5,34,45,2,0,2,14.51,1,0,118,45,1,1
DEF-0028,San Francisco 49ers,DEF,SF,30,697,7.58,21,92,114,9,0,10.3,3.8,11,11,119,10,0,1
00-0029615,Lamar Miller,RB,FA,,687.5,12.97,38.6,53,80,6,0,4.8,6.61,0,0,120,30,0,1
00-0032569,Wil Lutz,K,DEN,907,679,9.43,18,72,74,4,0,13,7.71,8,7,121,5,0,1
00-0033787,Jake Elliott,K,PHI,1091,678,7.7,19,88,95,7,0,12.7,0.17,9,10,122,6,2,2
00-0025580,Mason Crosby,K,FA,,676,7.77,22,87,93,7,0,13.1,2.2,11,12,123,7,0,0
00-0026189,DeSean Jackson,WR,FA,,672.9,12.23,34.3,55,88,7,0,7.4,-3.14,3,4,124,46,0,1
00-0035719,Deebo Samuel,WR,SF,1589,671.2,13.98,35.8,48,93,6,0,5,2.21,1,0,125,47,1,1
00-0033881,Evan Engram,TE,JAX,990,662.4,11.62,39.2,57,105,7,0,7.1,0.44,5,5,126,9,0,0
00-0025389,Calvin Johnson,WR,FA,,660.4,17.38,50.9,38,43,3,0,1.3,7.08,0,0,127,48,0,0
00-0036912,DeVonta Smith,WR,PHI,2367,656,12.15,33.3,54,72,5,0,5.8,3.62,0,0,128,49,0,0
00-0025399,Marshawn Lynch,RB,FA,,641.7,14.26,41.3,45,59,5,0,3,2.67,0,1,129,31,0,0
DEF-0013,Houston Texans,DEF,HOU,32,629,7.31,22,86,106,7,0,9.9,3.79,15,15,130,11,0,0
00-0035261,Tony Pollard,RB,TEN,1545,624.4,13.88,36.9,45,85,7,0,7.7,3.18,4,5,131,32,1,0
00-0034351,Dallas Goedert,TE,PHI,1271,622.6,9.73,28.5,64,106,8,0,9.6,2.06,5,5,132,10,1,1
00-0031610,Darren Waller,TE,MIA,637,621.6,12.69,45,49,77,4,0,4,3.48,5,4,133,11,1,1
00-0036893,Najee Harris,RB,PIT,2339,620.06,13.19,29.6,47,59,5,0,4.4,3.14,0,1,134,33,0,0
00-0030472,Jordan Reed,TE,FA,,617.5,12.6,33.9,49,86,5,0,6.4,3.36,1,1,135,12,1,1
00-0030513,Latavius Murray,RB,BUF,,617.4,14.03,36.7,44,102,6,0,8.8,2.36,17,15,136,34,0,0
00-0038120,Breece Hall,RB,NYJ,2757,615.96,13.69,43.1,45,51,4,0,3.8,7.64,0,1,137,35,0,0
00-0029293,Marvin Jones,WR,FA,,613,11.57,38.5,53,102,7,0,8.6,-0.55,3,4,138,50,0,0
00-0032950,Carson Wentz,QB,KC,719,611.64,16.53,29.42,37,75,4,0,8.8,1.37,5,4,139,24,0,0
00-0036252,Michael Pittman,WR,IND,1947,609.4,12.19,27.5,50,81,6,0,7.3,2.05,1,2,140,51,1,3
00-0037248,James Cook,RB,BUF,2764,606.6,13.79,33.6,44,52,4,0,5.3,12.48,2,2,141,36,0,0
00-0030456,Giovani Bernard,RB,FA,,604.6,13.44,27.9,45,78,6,0,6.8,1.42,4,6,142,37,0,1
DEF-0021,Minnesota Vikings,DEF,MIN,24,603,7.63,35,79,120,7,0,11.9,2.22,17,16,143,12,0,1
00-0037239,Chris Olave,WR,NO,2803,594.9,13.22,36.8,45,68,4,0,5.5,2.54,0,0,144,52,0,0
00-0022127,Jason Witten,TE,FA,,594.4,9.59,27.4,62,86,5,0,8,4.58,1,0,145,13,1,1
00-0028434,Doug Baldwin,WR,FA,,592.8,13.47,32.2,44,61,3,0,3.7,3.53,3,1,146,53,0,0
DEF-0001,Arizona Cardinals,DEF,ARI,19,588,7.84,28,75,95,5,0,11,6.79,18,16,147,13,1,1
00-0029621,Greg Zuerlein,K,NYJ,,585,8.73,18,67,70,5,0,12.2,0.88,6,6,148,8,0,0
00-0039040,De'Von Achane,RB,MIA,,577.4,16.5,40.5,35,47,3,0,4.7,16.91,0,0,149,38,1,1
00-0026213,Jamaal Charles,RB,FA,,577.2,19.24,31.8,30,44,5,0,3.4,1.53,1,4,150,39,0,0
00-0031062,James White,RB,FA,,576.8,13.41,31.2,43,78,6,0,9,3.26,4,4,151,40,0,1
00-0030485,Eddie Lacy,RB,FA,,576.8,14.07,28.2,41,53,5,0,3.4,0.56,1,3,151,40,1,1
00-0033009,Tyler Boyd,WR,TEN,746,576.2,13.72,33.8,42,94,6,0,8.5,-1.54,4,4,153,54,1,1
00-0020578,Matt Bryant,K,FA,,572,8.54,18,67,74,6,0,12.7,0.98,3,6,154,9,0,3
00-0031136,Chris Boswell,K,PIT,539,569.08,8.02,24,71,73,3,0,12.7,2.99,16,12,155,10,1,2
00-0037840,Kyren Williams,RB,LAR,2759,567.4,14.55,38.4,39,54,2,0,2,16.04,2,0,156,42,0,0
DEF-0005,Carolina Panthers,DEF,CAR,27,560,7.47,23,75,85,3,0,10,0.82,17,18,157,14,0,1
00-0036973,Travis Etienne,RB,JAX,2338,554.4,12.6,36.4,44,59,4,0,3.8,9.83,0,0,158,43,0,0
00-0023500,Frank Gore,RB,FA,,552.5,10.83,24.4,51,83,5,0,6.2,5.67,5,5,159,44,1,1
00-0031503,Jameis Winston,QB,CLE,569,551.62,18.39,34.74,30,54,4,0,11.5,0.76,8,8,160,25,0,0
DEF-0012,Green Bay Packers,DEF,GB,23,549,6.78,23,81,108,5,0,13.2,0.43,26,19,161,15,0,4
00-0036997,Javonte Williams,RB,DEN,2341,542,12.04,29.8,45,62,5,0,5.8,2.22,0,1,162,45,1,1
00-0024389,Delanie Walker,TE,FA,,541.8,11.29,30.5,48,72,6,0,7.2,4.68,1,1,163,14,0,0
DEF-0009,Dallas Cowboys,DEF,DAL,16,537,9.59,37,56,81,6,0,13.2,4.53,18,16,164,16,2,3
00-0033594,Chris Carson,RB,FA,,534.4,14.84,26.8,36,56,4,0,4.3,2.54,1,2,165,46,0,0
DEF-0006,Chicago Bears,DEF,CHI,21,530,7.68,28,69,87,6,0,10.3,2.97,17,16,166,17,3,3
00-0028660,Dan Bailey,K,FA,,530,8.28,19,64,74,5,0,13,1.66,5,6,166,11,1,1
00-0036212,Tua Tagovailoa,QB,MIA,1883,528.6,18.88,29.18,28,41,2,0,7,-1.92,7,6,168,26,1,1
00-0033885,David Njoku,TE,CLE,992,524,11.39,27.1,46,67,6,0,8.7,1.32,6,8,169,15,0,0
00-0038134,Kenneth Walker III,RB,SEA,,523.3,12.46,30.6,42,61,4,0,5.8,3.23,2,2,170,47,2,2
00-0026986,Michael Crabtree,WR,FA,,522.6,12.15,32,43,76,5,0,7.4,1.65,1,1,171,55,0,0
00-0031045,Carlos Hyde,RB,FA,,521.9,13.05,32.2,40,81,7,0,9.3,0.41,6,8,172,48,0,0
00-0035243,Miles Sanders,RB,CAR,1539,491.9,12.3,35.2,40,67,5,0,4.6,2.35,3,4,173,49,0,0
00-0027690,Eric Decker,WR,FA,,488.7,14.81,49.4,33,59,5,0,6.6,0.45,0,2,174,56,0,0
DEF-0007,Cincinnati Bengals,DEF,CIN,6,488,7.39,26,66,78,3,0,9.3,1.54,25,22,175,18,1,3
00-0037744,Trey McBride,TE,ARI,2843,485,14.7,29.4,33,43,2,0,3.5,25.42,2,0,176,16,1,1
00-0034855,Baker Mayfield,QB,TB,1206,479.8,16.54,34.56,29,74,3,0,9,0.6,9,7,177,27,0,0
00-0026995,Jeremy Maclin,WR,FA,,478.5,14.95,42.7,32,52,4,0,5,2.37,0,1,178,57,0,0
00-0036162,Tyler Bass,K,BUF,2088,472,7.74,23,61,64,3,0,11.3,1.08,5,3,179,12,1,1
00-0037247,George Pickens,WR,PIT,2811,471.7,13.48,33.4,35,58,4,0,7,5.1,3,3,180,58,1,1
00-0036554,Nico Collins,WR,HOU,2375,463.8,13.25,35.8,35,49,4,0,6.8,2.29,2,3,181,59,0,0
00-0037740,Garrett Wilson,WR,NYJ,2802,462.4,12.17,30,38,56,3,0,2.7,-0.74,2,2,182,60,0,0
00-0036970,Kyle Pitts,TE,ATL,2414,461.8,9.42,45.6,49,74,5,0,6,2.92,1,2,183,17,0,0
00-0035662,Marquise Brown,WR,KC,1561,460.5,11.51,33.5,40,88,5,0,8,-4.94,8,7,184,61,1,1
00-0036261,Brandon Aiyuk,WR,SF,1945,454.4,11.36,26.6,40,72,6,0,8,-3.13,1,3,185,62,0,0
00-0033702,Younghoe Koo,K,ATL,1147,454,7.96,21,57,61,5,0,12.8,1.3,10,13,186,13,0,0
00-0036875,Rhamondre Stevenson,RB,NE,2344,453.8,11.34,27.2,40,71,4,0,6.3,2.88,4,3,187,50,2,2
00-0022803,Eli Manning,QB,FA,,449.36,15.5,38,29,69,5,0,10.8,-2.05,2,3,188,28,1,1
DEF-0018,Los Angeles Chargers,DEF,LAC,14,449,7.48,27,60,76,3,0,12.3,-0.99,29,27,189,19,1,1
00-0025944,Steven Hauschka,K,FA,,447,9.31,19,48,53,3,0,11.3,2.32,3,3,190,14,0,1
00-0035216,Diontae Johnson,WR,CAR,1654,446.1,12.39,30.5,36,70,5,0,6.2,-0.59,1,2,191,63,0,1
DEF-0030,Tampa Bay Buccaneers,DEF,TB,25,446,7.96,28,56,81,4,0,11.5,1.97,14,13,192,20,0,1
00-0023564,Darren Sproles,RB,FA,,445.3,11.13,31.2,40,62,5,0,6.8,-1.52,3,4,193,51,2,3
00-0027973,Andy Dalton,QB,CAR,187,444.12,15.86,31,28,71,4,0,11.3,0.42,10,10,194,29,0,0
00-0034161,Daniel Carlson,K,LV,1313,444,8.38,21,53,54,3,0,12.7,4.15,6,6,195,15,0,0
DEF-0014,Indianapolis Colts,DEF,IND,2,443,7.15,26,62,86,3,0,14,2.29,21,19,196,21,1,2
00-0026968,Ryan Succop,K,FA,,439,8.28,21,53,57,2,0,14,-0.14,6,5,197,16,1,2
00-0033932,Kenny Golladay,WR,FA,,438.1,14.13,28.3,31,55,5,0,8.2,-1.98,2,4,198,64,0,0
00-0016919,Adam Vinatieri,K,FA,,436,8.38,23,52,58,5,0,13,1.71,6,6,199,17,0,2
DEF-0020,Miami Dolphins,DEF,MIA,3,435,7.5,25,58,76,2,0,13,1.97,26,19,200,22,0,1
00-0031687,Raheem Mostert,RB,MIA,697,432.1,12.71,45.2,34,60,5,0,7.8,-2.14,6,7,201,52,0,0
00-0027981,Kyle Rudolph,TE,FA,,430.2,8.78,22.3,49,75,5,0,7.8,0.33,8,6,202,18,1,2
00-0029664,Josh Gordon,WR,FA,,428.4,14.77,48.1,29,76,4,0,6,-2.86,7,6,203,65,0,0
00-0029822,Brandon McManus,K,GB,542,427,7.62,18,56,61,3,0,12.7,1.04,13,10,204,18,2,2
00-0032780,Jordan Howard,RB,FA,,426.3,11.22,29.7,38,61,4,0,5.5,-1.66,3,2,205,53,0,0
00-0037692,Brandon Aubrey,K,DAL,3409,422.6,9.6,23,44,46,2,0,10.5,14.12,3,2,206,19,0,0
00-0020337,Steve Smith,WR,FA,,420.7,12.75,43.6,33,49,4,0,9,-1.59,1,2,207,66,1,1
00-0031051,John Brown,WR,FA,,420.52,12.74,34.7,33,72,6,0,8.5,-3.45,5,7,208,67,0,1
DEF-0015,Jacksonville Jaguars,DEF,JAX,9,420,7.92,25,53,63,4,0,11.8,5.34,13,13,209,23,0,2
00-0038543,Jaxon Smith-Njigba,WR,SEA,3169,415,16.6,37.1,25,45,3,0,7,14.86,3,3,210,68,0,0
00-0026345,Pierre Garcon,WR,FA,,402.8,13.89,30.8,29,60,6,0,8.8,-1.03,1,3,211,69,0,0
00-0029854,C.J. Anderson,RB,FA,,400.9,14.32,30.4,28,43,3,0,4,-1.36,5,4,212,54,1,0
00-0026901,Mike Wallace,WR,FA,,400.9,11.14,26.5,36,60,5,0,10.2,-0.28,2,2,212,70,0,0
DEF-0023,New Orleans Saints,DEF,NO,29,396,7.62,24,52,76,5,0,12.6,1.08,16,16,214,24,1,1
00-0037256,Rachaad White,RB,TB,2770,395.3,13.18,27.9,30,62,3,0,6.7,6.83,1,0,215,55,0,0
00-0033090,Hunter Henry,TE,NE,757,394.1,8.76,24.5,45,96,4,0,8.5,0.68,17,14,216,19,0,0
00-0026796,Arian Foster,RB,FA,,394.1,17.13,39.3,23,36,4,0,4.8,-1.86,0,2,216,56,0,0
00-0031492,Jason Myers,K,SEA,694,393,8.54,19,46,48,2,0,14.5,2.71,13,11,218,20,1,3
00-0036328,Antonio Gibson,RB,NE,1957,391.4,12.23,36.6,32,60,4,0,5.8,2.54,5,5,219,57,0,0
00-0032268,Marcus Mariota,QB,WAS,570,388.88,16.91,35.92,23,46,1,0,7,-4.16,9,7,220,30,0,0
00-0031325,Sammy Watkins,WR,FA,,386.2,11.03,46.8,35,106,8,0,8.4,-4.72,4,5,221,71,1,1
00-0031387,Eric Ebron,TE,FA,,383.3,10.09,31.5,38,66,6,0,13.5,3.25,8,9,222,20,1,0
00-0039851,Drake Maye,QB,NE,3526,382.72,25.51,42.44,15,16,1,0,11,31.93,0,0,223,31,0,0
00-0034775,Christian Kirk,WR,JAX,1239,380.8,12.28,37.8,31,84,5,0,7.6,-3.35,7,8,224,72,0,1
00-0033127,Will Fuller,WR,FA,,376.2,16.36,53.7,23,63,6,0,8.7,-6.41,2,6,225,73,0,0
DEF-0008,Cleveland Browns,DEF,CLE,7,376,6.48,23,58,87,5,0,13.4,-0.51,17,14,226,25,1,2
00-0037834,Brock Purdy,QB,SF,2747,372.32,21.9,43.92,17,39,2,0,12.5,0.28,3,2,227,32,2,2
00-0026201,Martellus Bennett,TE,FA,,370.6,9.75,25.3,38,64,5,0,8.6,3.75,2,3,228,21,0,0
00-0027061,Jared Cook,TE,FA,,370,8.41,31.1,44,82,6,0,9.8,3.3,7,6,229,22,0,0
00-0029701,Ryan Tannehill,QB,FA,,369.4,17.59,32.36,21,55,3,0,8,-1.57,10,9,230,33,0,0
00-0029141,Alfred Morris,RB,FA,,368.1,11.15,24.9,33,66,5,0,7.6,-1.52,5,6,231,58,0,1
00-0039064,Zay Flowers,WR,BAL,3174,367.5,10.81,29.7,34,47,3,0,7.7,3.37,0,0,232,74,0,0
00-0021429,Carson Palmer,QB,FA,,367.02,19.32,29.56,19,41,4,0,12,-0.62,4,6,233,34,1,1
00-0032058,Tevin Coleman,RB,FA,,363.9,11.03,32.6,33,65,7,0,9.6,-2.22,5,8,234,59,0,0
00-0023252,Robbie Gould,K,FA,,360,8.18,18,44,47,4,0,14.8,0.9,7,10,235,21,0,2
00-0022044,Andre Johnson,WR,FA,,357.4,14.89,49.9,24,40,3,0,3.7,0.05,2,3,236,75,0,0
00-0036264,Jordan Love,QB,GB,1887,349.56,15.89,34.3,22,42,1,0,10,-2.31,4,2,237,35,1,1
00-0039065,Sam LaPorta,TE,DET,3198,344.6,11.49,29,30,40,3,0,8,9.61,1,2,238,23,0,0
00-0035831,James Robinson,RB,NO,,342.7,14.9,31.7,23,41,2,0,7.5,-2.16,1,1,239,60,0,0
00-0026019,Danny Woodhead,RB,FA,,341.8,12.21,36,28,43,5,0,8.4,0.51,1,4,240,61,0,2
00-0032726,Ka'imi Fairbairn,K,HOU,882,341,8.12,22,42,43,2,0,14,5.74,14,12,241,22,0,2
00-0031941,Jamison Crowder,WR,WAS,,339.9,11.72,27.1,29,65,4,0,7.5,-3.44,9,9,242,76,0,0
00-0039338,Brock Bowers,TE,LV,3587,336.3,12.46,43.3,27,31,2,0,4.5,17.75,0,0,243,24,0,0
00-0027325,LeGarrette Blount,RB,FA,,335.9,11.2,26.4,30,51,4,0,9.3,1.37,4,4,244,62,0,1
00-0037238,Drake London,WR,ATL,2800,334.9,11.55,38.8,29,58,4,0,4.5,0.42,0,0,245,77,0,0
00-0036945,Justin Fields,QB,PIT,2323,334.42,18.58,42.72,18,43,3,0,10,2.19,7,8,246,36,0,0
00-0038597,Chase Brown,RB,CIN,3165,333.5,15.16,26.7,22,33,2,0,5.5,19.77,2,1,247,63,0,0
00-0021547,Antonio Gates,TE,FA,,332.6,11.09,29.6,30,58,5,0,11,4.89,2,3,248,25,0,0
00-0031376,Jerick McKinnon,RB,FA,,330.5,12.71,34.2,26,59,3,0,12.3,-3.8,11,11,249,64,0,0
00-0024221,Vernon Davis,TE,FA,,330.4,10.01,38,33,49,4,0,8.8,0.49,8,8,250,26,1,1
00-0036555,Chuba Hubbard,RB,CAR,2346,330.1,12.7,32.5,26,64,4,0,10,2.48,5,4,251,65,0,0
00-0028067,Julius Thomas,TE,FA,,323.6,11.56,35.4,28,56,4,0,8.5,-1.12,2,4,252,27,0,0
00-0034960,Jakobi Meyers,WR,LV,1583,322.6,10.08,21.3,32,80,5,0,11.2,-1.05,3,2,253,78,0,0
00-0032392,Austin Hooper,TE,NE,758,321.1,11.47,25.7,28,46,2,0,11,7.14,10,10,254,28,0,1
00-0026858,Graham Gano,K,NYG,112,321,7.3,18,44,46,2,0,14.5,0.2,12,10,255,23,0,2
00-0038041,Jake Ferguson,TE,DAL,2848,319.9,10,23.9,32,42,2,0,9.5,4.67,2,1,256,29,0,0
00-0035644,Noah Fant,TE,SEA,1590,317.1,10.93,24.7,29,36,2,0,9.5,1.52,4,4,257,30,1,1
00-0036854,Evan McPherson,K,CIN,2453,317,7.2,24,44,51,4,0,12,-0.67,6,6,258,24,1,1
00-0029613,Doug Martin,RB,FA,,316.8,10.22,23.5,31,70,5,0,3.6,-3.57,2,1,259,66,0,0
00-0034794,Jason Sanders,K,MIA,1412,316,8.54,22,37,37,3,0,14.7,3.86,7,7,260,25,0,0
00-0031547,DeVante Parker,WR,FA,,315.4,10.51,21.6,30,67,7,0,9.3,-4.09,6,8,261,79,0,0
00-0021678,Tony Romo,QB,FA,,314.66,15.73,40.94,20,31,3,0,9.7,-3.2,1,2,262,37,0,0
00-0032257,Duke Johnson,RB,FA,,314.3,11.64,29.6,27,74,6,0,9.3,0.97,7,6,263,67,0,1
00-0036360,Clyde Edwards-Helaire,RB,KC,1908,310.1,11.49,22.4,27,45,4,0,5.5,-3.54,1,2,264,68,0,0
00-0035710,Daniel Jones,QB,NYG,1520,309.8,17.21,29.18,18,35,2,0,13.5,-5.92,12,13,265,38,0,0
00-0029567,Nick Foles,QB,FA,,309.44,19.34,45.24,16,20,1,0,4,-12.4,3,3,266,39,1,0
00-0031299,Jordan Matthews,TE,CAR,,308.8,12.87,28.3,24,43,4,0,7.3,5.73,1,2,267,31,0,0
00-0023496,Vincent Jackson,WR,FA,,307.2,12.29,35.8,25,42,4,0,7.8,-1.74,1,2,268,80,0,0
00-0029000,Cole Beasley,WR,FA,,303.3,10.46,28,29,58,3,0,12.7,-3.5,12,9,269,81,1,2
00-0036158,J.K. Dobbins,RB,LAC,1905,302,10.79,24.5,28,52,5,0,7.4,-6.47,1,3,270,69,0,0
00-0030565,Geno Smith,QB,SEA,320,301.48,14.36,24.06,21,30,1,0,15,-0.37,7,6,271,40,0,0
00-0031359,Kelvin Benjamin,TE,FA,,301.1,11.58,29.8,26,47,4,0,7,5.61,0,1,272,32,0,1
00-0029576,Blair Walsh,K,FA,,301,8.85,23,34,38,2,0,12,-0.29,7,6,273,26,0,0
00-0031301,Jeremy Hill,RB,FA,,300.5,13.07,29.3,23,45,4,0,7.3,2.7,0,1,274,70,0,0
00-0037224,Cameron Dicker,K,LAC,3027,292,8.59,21,34,36,3,0,12.7,6.95,6,6,275,27,0,1
00-0024217,Reggie Bush,RB,FA,,289.7,13.8,29.1,21,28,3,0,6.3,-0.21,0,1,276,71,0,0
00-0025465,James Jones,WR,FA,,287.5,10.27,28.8,28,41,3,0,10.7,-1.94,0,0,277,82,0,1
00-0026373,Justin Forsett,RB,FA,,286.7,14.34,33,20,30,3,0,9.3,-3.95,4,5,278,72,0,0
00-0027155,Rashad Jennings,RB,FA,,284.7,12.38,24.4,23,46,3,0,8.3,-1.42,2,2,279,73,0,0
00-0034109,Phillip Lindsay,RB,FA,,282,12.82,28.9,22,40,2,0,6.5,0.21,1,1,280,74,0,1
00-0024242,DeAngelo Williams,RB,FA,,280.6,17.54,38.5,16,38,4,0,9.3,1.81,3,5,281,75,1,1
00-0036139,Rico Dowdle,RB,DAL,1928,280.1,14,33.9,20,31,1,0,9,0.33,3,1,282,76,0,0
DEF-0032,Washington Commanders,DEF,WAS,20,276,7.67,21,36,42,3,0,12.3,-2.2,20,20,283,26,0,1
00-0030549,Tyler Eifert,TE,FA,,275.6,11.98,31.4,23,40,4,0,8.8,-1.6,4,5,284,33,0,0
00-0039163,C.J. Stroud,QB,HOU,3134,273.02,11.87,40.8,23,27,1,0,4,-5.18,1,0,285,41,0,0
00-0036407,Jerry Jeudy,WR,CLE,1938,270.7,11.77,33.3,23,82,6,0,8.8,-3.52,5,7,286,83,0,0
00-0027974,Colin Kaepernick,QB,FA,,270.36,15.9,30.68,17,39,2,0,6.5,-0.77,4,3,287,42,0,0
00-0035250,Devin Singletary,RB,NYG,1540,269.8,8.99,19.8,30,78,6,0,9.5,-1.18,8,8,288,77,0,1
00-0026164,Chris Johnson,RB,FA,,268.7,12.21,32,22,34,2,0,4.5,3.77,3,4,289,78,0,0
00-0022084,Anquan Boldin,WR,FA,,267.3,13.37,39.8,20,43,3,0,9,1.69,3,3,290,84,0,0
00-0023436,Alex Smith,QB,FA,,267.1,15.71,26.86,17,50,2,0,15,1.18,7,4,291,43,0,0
DEF-0031,Tennessee Titans,DEF,TEN,8,267,6.21,23,43,49,2,0,14.5,-0.5,26,23,292,27,0,1
00-0034845,Sony Michel,RB,FA,,266.4,11.58,22.6,23,50,4,0,6.8,-3.97,1,2,293,79,1,1
00-0032209,T.J. Yeldon,RB,FA,,266.3,13.31,26.2,20,45,2,0,8,0.27,3,1,294,80,0,0
00-0023465,Heath Miller,TE,FA,,265.9,8.86,24.5,30,38,1,0,15,2.04,4,3,295,34,0,0
00-0034383,Dalton Schultz,TE,HOU,1362,264.9,9.13,27,29,51,2,0,10,0.44,8,6,296,35,0,0
00-0039915,Ladd McConkey,WR,LAC,3573,260.5,13.02,29.1,20,28,2,0,5,3.64,1,1,297,85,0,0
00-0039910,Jayden Daniels,QB,WAS,3527,259.9,13.68,30.9,19,28,2,0,8.5,8.09,0,0,298,44,0,0
00-0030656,Isaiah Crowell,RB,FA,,259.5,10.38,30.1,25,55,3,0,6.7,-1.24,5,4,299,81,0,0
00-0039732,Bo Nix,QB,DEN,3528,258.54,19.89,32.78,13,20,1,0,6,15.67,1,0,300,45,0,0
DEF-0025,New York Jets,DEF,NYJ,5,256,5.22,20,49,69,4,0,11.5,-0.24,20,20,301,28,0,2
00-0035269,Matt Gay,K,IND,1690,255,8.23,15,31,32,2,0,13,3.15,8,9,302,28,0,1
00-0032688,Robbie Chosen,WR,FA,,254.7,11.58,29,22,52,5,0,9.2,0.41,8,9,303,86,0,0
00-0027531,Chris Ivory,RB,FA,,254.7,10.61,28.6,24,50,4,0,9,0.01,10,11,303,82,0,1
00-0026158,Joe Flacco,QB,IND,82,254.06,16.94,32.24,15,40,3,0,14,-2.28,14,14,305,46,0,1
00-0036971,Trevor Lawrence,QB,JAX,2322,252.96,18.07,32.18,14,37,4,0,11.3,2.03,4,5,306,47,0,1
00-0030578,Cordarrelle Patterson,RB,PIT,335,252,11.45,27.5,22,42,3,0,8,-2.55,2,2,541,166,0,0
00-0037197,Isiah Pacheco,RB,KC,2798,250,11.36,29.5,22,56,4,0,6,-4.53,3,3,307,83,0,0
00-0033110,Tyler Higbee,TE,LAR,759,249.6,8.91,28.4,28,37,4,0,9.5,-0.1,2,3,308,36,0,0
00-0025565,Nick Folk,K,TEN,75,249,8.59,21,29,33,1,0,13,-0.12,9,9,309,29,0,0
00-0026153,Jonathan Stewart,RB,FA,,248,11.27,21.6,22,44,3,0,7.7,-0.32,4,4,310,84,0,0
00-0036894,Pat Freiermuth,TE,PIT,2416,245.2,9.81,21,25,37,2,0,8.5,0.28,5,3,311,37,0,0
00-0028040,Jordan Cameron,TE,FA,,244.4,9.78,30.6,25,42,4,0,9.8,1.29,1,3,312,38,0,0
00-0027265,Victor Cruz,WR,FA,,243.8,13.54,34.8,18,28,3,0,6.7,-8.64,1,3,313,87,0,0
00-0024226,Jay Cutler,QB,FA,,240.8,14.16,25.54,17,38,2,0,9,-3.02,9,8,314,48,1,1
00-0038124,Christian Watson,WR,GB,2838,238.2,13.23,27.6,18,41,3,0,8.7,-7.17,6,5,315,88,0,0
00-0026144,Darren McFadden,RB,FA,,236.14,11.81,24.2,20,43,3,0,6,-4.53,4,5,316,85,0,0
00-0035664,Darrell Henderson,RB,FA,,236.1,11.81,24.7,20,53,4,0,8.5,-5.3,4,6,317,86,1,1
00-0029708,Kendall Wright,WR,FA,,235.1,13.83,27,17,37,3,0,11.3,-0.65,1,2,318,89,0,0
00-0037261,Khalil Shakir,WR,BUF,2810,234.1,11.71,21.6,20,33,2,0,8.5,-1.57,2,2,319,90,0,0
00-0031407,Blake Bortles,QB,FA,,233.78,16.7,32.78,14,37,2,0,12,-0.33,4,4,320,49,0,1
00-0036326,Chase Claypool,WR,BUF,1946,229.44,10.93,21.3,21,30,2,0,8.5,-5.24,4,3,321,91,0,1
00-0034869,Sam Darnold,QB,MIN,1208,228.38,17.57,34.58,13,20,0,0,,,8,6,322,50,0,0
DEF-0011,Detroit Lions,DEF,DET,22,227,6.88,20,33,51,1,0,14,-0.1,10,3,323,29,0,0
00-0033118,Kenyan Drake,RB,GB,,226.7,9.86,23.5,23,68,4,0,5.8,4.13,4,2,324,87,1,1
00-0037228,Jaylen Warren,RB,PIT,2791,226.1,11.3,19.8,20,53,3,0,9.7,3.21,5,5,325,88,0,1
00-0030287,Andre Ellington,RB,FA,,225,12.5,30.4,18,40,2,0,4,-0.68,1,1,326,89,1,1
00-0032385,Sterling Shepard,WR,TB,751,223.5,12.42,27.1,18,79,6,0,10.2,-3.2,6,7,327,92,0,0
espn-4890973,Ashton Jeanty,RB,LV,3914,223.4,14.89,33.5,15,16,1,0,1,11.36,0,0,328,90,0,0
00-0022427,Wes Welker,WR,FA,,222.3,14.82,27.7,15,27,2,0,6.5,-2.13,1,2,329,93,0,0
00-0026988,Knowshon Moreno,RB,FA,,221.5,17.04,35.4,13,20,1,0,9,-9.5,1,2,330,91,0,0
00-0032055,Devin Funchess,TE,FA,,219.7,11.56,26.2,19,28,3,0,9.3,-2.54,2,4,331,39,0,0
00-0037746,Brian Robinson,RB,WAS,2765,218.1,9.91,28.9,22,56,4,0,9.8,-2.39,2,3,332,92,0,0
00-0031590,Jay Ajayi,RB,FA,,218.1,12.12,28.6,18,31,3,0,6,-0.07,2,2,332,92,1,1
00-0031203,Cairo Santos,K,CHI,541,217,8.35,15,26,26,2,0,14.5,-1.09,6,4,334,30,0,0
00-0034777,D.J. Chark,WR,LAC,1266,215.4,11.97,30.4,18,37,2,0,7,-9.18,4,3,335,94,0,0
00-0032063,Mike Davis,RB,FA,,213.7,12.57,29.9,17,31,2,0,9.5,-5.62,6,6,336,94,0,0
00-0031273,Cameron Brate,TE,FA,,213.4,8.89,20.6,24,33,1,0,14,3.11,12,9,337,40,0,1
00-0020498,Reggie Wayne,WR,FA,,212.8,13.3,24.9,16,20,2,0,6,-6.48,0,0,338,95,0,0
00-0030414,Spencer Ware,RB,FA,,212.3,13.27,32.9,16,21,0,0,,,5,3,339,95,0,1
00-0028087,Dion Lewis,RB,FA,,207,10.89,23.3,19,43,2,0,8,-2.77,7,5,340,96,0,1
00-0037258,Dameon Pierce,RB,HOU,2766,205.8,12.11,25.9,17,28,2,0,3.5,-4.93,0,0,341,97,0,0
00-0027996,Torrey Smith,WR,FA,,205.5,12.09,27.6,17,40,5,0,10.4,-3.18,4,7,342,96,0,0
00-0029665,Robert Griffin III,QB,FA,,205.28,15.79,27.64,13,23,3,0,10,-9.17,2,3,343,51,0,0
00-0030896,Chandler Catanzaro,K,FA,,204,7.29,16,28,30,1,0,13,-1.24,5,3,344,31,1,1
00-0039893,Brian Thomas Jr.,WR,JAX,3564,200,9.09,23,22,28,2,0,5.5,6.85,0,0,345,97,0,0
00-0026281,Gary Barnidge,TE,FA,,199.1,9.96,18.9,20,21,1,0,7,-2.22,2,2,346,41,0,0
00-0030710,Trey Burton,TE,FA,,198.7,10.46,27.6,19,27,2,0,8,-1.96,6,7,347,42,1,1
00-0030181,Jack Doyle,TE,FA,,198.5,9.45,30.1,21,41,2,0,10,1.62,4,2,348,43,0,0
00-0024466,Marques Colston,WR,FA,,197.8,10.41,23.7,19,29,3,0,6.3,-3.01,0,1,349,98,0,0
espn-4685472,Tetairoa McMillan,WR,CAR,3943,196.4,13.09,33,15,16,1,0,6,4.32,0,0,350,99,0,0
00-0031345,Jimmy Garoppolo,QB,LAR,487,196.24,16.35,29.66,12,29,2,0,13.5,-8.68,6,7,351,52,0,0
00-0026035,Danny Amendola,WR,FA,,196.02,10.89,22.2,18,48,2,0,6.5,-8.99,7,6,352,100,0,0
00-0034972,Alexander Mattison,RB,LV,1669,195,10.83,23.1,18,76,4,0,9.5,-5.14,3,2,353,98,0,0
00-0033858,Jonnu Smith,TE,MIA,993,193.7,9.22,24.4,21,33,2,0,13.5,-2.44,11,11,355,44,0,0
00-0039067,Rashee Rice,WR,KC,3178,192.4,12.83,29.4,15,32,3,0,9,-5.28,1,2,356,101,0,0
00-0034816,Ronald Jones,RB,FA,,191.7,10.09,26.1,19,37,4,0,10.8,-2.95,9,10,357,100,0,0
00-0028118,Tyrod Taylor,QB,NYJ,210,191.14,14.7,24.38,13,35,2,0,12,2.34,5,4,358,53,1,1
00-0029632,Mohamed Sanu,WR,FA,,191.1,12.74,28,15,53,5,0,11.8,-2.48,11,13,359,102,0,1
00-0034764,Michael Gallup,WR,LV,,190.6,10.03,23.8,19,65,6,0,11,-4.16,1,4,360,103,0,0
00-0024204,Fred Jackson,RB,FA,,190.1,12.67,23.8,15,35,3,0,11.7,7.04,0,1,361,101,1,1
00-0023682,Ryan Fitzpatrick,QB,FA,,188.56,18.86,25.8,10,20,0,0,,,13,9,362,54,0,0
00-0033556,Tarik Cohen,RB,NYJ,,188.54,9.92,23.1,19,44,3,0,7,0.85,3,3,363,102,0,0
00-0027994,Shane Vereen,RB,FA,,188.2,11.76,28.4,16,40,3,0,7.3,0.25,1,2,364,103,0,0
00-0039361,Bucky Irving,RB,TB,3544,187.6,15.63,27.5,12,27,1,0,2,-4.42,2,1,365,104,0,0
00-0034829,Mike Gesicki,TE,CIN,1269,186.1,9.79,23.8,19,38,4,0,12.3,1,7,9,366,45,0,2
00-0039337,Malik Nabers,WR,NYG,3561,185.6,10.92,37.7,17,21,2,0,3,-1.56,0,1,367,104,0,0
00-0035849,Rodrigo Blankenship,K,FA,,182,9.1,15,20,21,3,0,14.3,0.17,1,3,368,32,1,1
00-0033871,Corey Davis,WR,FA,,177.9,13.68,35.2,13,59,4,0,8.3,-6.1,7,8,369,105,0,0
00-0030332,Brett Maher,K,LAR,,176,8,22,22,23,1,0,15,-0.05,5,4,370,33,0,0
00-0035358,Chase McLaughlin,K,TB,1869,176,6.29,17,28,29,1,0,13,2.97,6,4,370,33,0,0
00-0030542,Terrance Williams,WR,FA,,175.7,11.71,27.3,15,39,2,0,8.5,-4.6,1,1,372,106,0,0
00-0031549,Nelson Agholor,WR,BAL,590,175.2,10.95,27.1,16,37,3,0,8.7,-7.02,9,10,373,107,1,2
00-0031373,Martavis Bryant,WR,FA,,174.9,12.49,27.8,14,33,2,0,7,-3.55,3,2,374,108,1,0
00-0033951,Marlon Mack,RB,ARI,,174.4,12.46,28.9,14,37,3,0,8,-3.09,3,4,375,105,0,0
00-0034681,Chase Edmonds,RB,TB,1318,174,9.67,17.9,18,42,3,0,7,-3.72,5,6,376,106,0,0
00-0033862,Zane Gonzalez,K,WAS,1121,173,8.24,16,21,25,1,0,15,-0.6,2,1,377,35,0,0
00-0038996,Tucker Kraft,TE,GB,3206,172.5,11.5,33.3,15,23,1,0,7,-2.76,2,1,378,46,0,0
00-0030874,Damien Williams,RB,ARI,,172.2,13.25,30.3,13,27,1,0,3,-5.15,5,3,379,107,0,0
00-0028825,Terrelle Pryor,WR,FA,,172.16,10.76,19.94,16,30,2,0,8.5,-6.12,0,1,595,171,0,0
00-0033948,Jamaal Williams,RB,NO,962,171.6,10.09,27.6,17,58,4,0,7.8,-2.58,9,7,380,108,0,0
espn-4431459,Tyler Warren,TE,IND,3974,171.6,11.44,18.3,15,16,1,0,7,10.33,0,0,380,47,0,0
00-0023462,Roddy White,WR,FA,,171.1,13.16,25,13,29,3,0,6,-3.9,0,1,382,109,0,0
00-0028064,Bilal Powell,RB,FA,,170,13.08,29,13,47,3,0,12.3,0.76,8,9,383,109,0,1
00-0036309,Darnell Mooney,WR,ATL,2079,169.9,9.99,23.1,17,48,4,0,11.5,-3.99,8,9,384,110,1,1
00-0034983,Hunter Renfrow,WR,CAR,1579,169.7,14.14,28.7,12,24,2,0,9,-11.86,3,4,385,111,0,0
00-0030821,Allen Hurns,WR,FA,,169.3,10.58,23.2,16,36,2,0,10,-6.51,4,5,386,112,0,0
00-0036196,Gabriel Davis,WR,JAX,1950,168.7,12.05,32.1,14,40,4,0,11,-1.81,1,3,387,113,0,1
00-0029697,Coby Fleener,TE,FA,,168.6,7.66,25.6,22,46,4,0,8.5,0.08,6,7,388,48,0,0
00-0034349,Kerryon Johnson,RB,FA,,168.3,11.22,19.9,15,28,3,0,7.7,-5.66,1,3,389,110,0,0
00-0031375,Terrance West,RB,FA,,168.3,12.02,28.3,14,26,1,0,10,-9.64,4,3,389,110,0,0
00-0033925,D'Onta Foreman,RB,CLE,958,167.8,13.98,33,12,29,0,0,,,8,5,391,112,0,0
00-0038994,Jordan Addison,WR,MIN,3170,167.3,12.87,39.3,13,42,3,0,9,0.04,3,3,392,114,1,1
00-0027861,C.J. Spiller,RB,FA,,167.3,8.81,23.7,19,35,3,0,4.3,-5.3,1,2,392,113,0,0
DEF-0002,Atlanta Falcons,DEF,ATL,26,167,5.39,25,31,44,0,0,,,19,14,394,30,0,2
00-0037240,Jameson Williams,WR,DET,2805,166.4,11.89,26.9,14,54,4,0,10.5,-2.37,4,4,395,115,0,0
00-0027864,Ryan Mathews,RB,FA,,166.2,9.78,21.1,17,52,4,0,6.8,-0.55,2,2,396,114,0,0
00-0030404,Chris Thompson,RB,FA,,162.8,11.63,24.8,14,35,3,0,11,-5.66,3,5,397,115,0,1
00-0027218,Joique Bell,RB,FA,,161.6,12.43,24.7,13,34,2,0,6.5,2.92,1,1,398,116,0,0
00-0004091,Phil Dawson,K,FA,,161,7.32,20,22,25,2,0,12.5,1.5,2,2,399,36,0,0
00-0031260,Logan Thomas,TE,SF,,159.9,8.42,20.7,19,35,1,0,7,-8.95,7,6,400,49,0,0
00-0031577,Javorius Allen,RB,FA,,159.9,15.99,35,10,26,0,0,,,4,3,400,117,0,0
00-0033357,Taysom Hill,QB,NO,,159.32,15.93,41.52,10,30,1,0,13,-5.4,9,6,611,68,0,0
00-0006101,Tony Gonzalez,TE,FA,,159.3,13.28,38.9,12,13,1,0,5,15.84,0,0,402,50,0,0
00-0024813,Pierre Thomas,RB,FA,,156.7,13.06,30.1,12,26,1,0,9,-1.36,1,1,403,118,0,1
00-0026195,Ray Rice,RB,FA,,155.8,11.98,26.2,13,16,2,0,3.5,-6.03,0,1,404,119,0,0
00-0033757,Robert Tonyan,TE,MIN,1160,155.7,10.38,33.8,15,25,1,0,7,-9.05,4,4,405,51,0,0
00-0030107,Theo Riddick,RB,FA,,152.5,11.73,26.2,13,39,2,0,11.5,0.6,6,5,406,120,0,0
00-0038977,Tank Dell,WR,HOU,3188,152.3,8.96,28.9,17,25,1,0,5,-6.47,2,2,407,116,0,0
DEF-0017,Las Vegas Raiders,DEF,LV,13,152,6.91,19,22,30,2,0,14.5,-0.74,16,16,408,31,0,0
00-0035311,Myles Gaskin,RB,MIN,1541,151.3,10.81,19.2,14,28,1,0,6,0,1,0,409,121,0,0
00-0030098,Dustin Hopkins,K,CLE,400,151,8.39,14,18,18,1,0,15,-1.27,3,2,410,37,0,0
00-0035657,Damien Harris,RB,FA,,150.5,11.58,25.3,13,49,4,0,9.3,-3.99,1,2,411,122,0,0
00-0034450,Greg Joseph,K,NYJ,1450,150,6.52,17,23,24,1,0,15,-0.33,5,6,412,38,0,2
00-0021940,Josh Brown,K,LAR,,150,9.38,17,16,25,3,0,15,0.94,0,1,412,38,0,0
00-0030850,Cody Parkey,K,FA,,150,10,21,15,16,2,0,12.5,0.69,0,1,412,38,0,0
00-0039849,Marvin Harrison Jr.,WR,ARI,3560,148.9,7.84,23.1,19,30,2,0,3,-4.53,0,0,415,117,0,0
00-0030536,Zac Stacy,RB,FA,,145.6,16.18,35.8,9,18,1,0,3,-8.23,0,1,416,123,0,0
00-0035192,Joey Slye,K,NE,1841,145,8.06,15,18,22,0,0,,,4,2,417,41,0,0
00-0023096,Nick Novak,K,FA,,144,8.47,15,17,19,1,0,14,2.83,3,4,418,42,0,0
00-0038933,Dalton Kincaid,TE,BUF,3197,143.6,7.98,17.6,18,46,3,0,9.7,-2.01,0,0,419,52,1,1
00-0033895,Gerald Everett,TE,CHI,1032,142.4,7.12,16.8,20,43,2,0,12,-1.84,8,7,420,53,0,0
00-0029269,Travis Benjamin,WR,FA,,142.3,11.86,29.4,12,24,1,0,7,-5.28,3,3,421,118,0,0
00-0034521,Allen Lazard,WR,NYJ,1238,141.1,12.83,18.7,11,37,3,0,10.7,-6,4,5,422,119,1,1
00-0034184,Gus Edwards,RB,LAC,1426,140.9,11.74,29.4,12,46,3,0,9.3,-8.35,7,6,423,124,0,0
00-0033308,Matt Breida,RB,NYG,,139.1,9.94,24.9,14,39,3,0,10.3,-3.99,6,7,424,125,0,0
espn-4685702,Quinshon Judkins,RB,CLE,3923,138.5,12.59,26.4,11,16,1,0,8,2.04,0,0,425,126,1,1
00-0032160,Tyrell Williams,WR,FA,,138.1,11.51,22.7,12,38,3,0,11,-4.57,7,8,426,120,1,2
00-0022736,Steven Jackson,RB,NE,,137.7,9.84,21.4,14,26,2,0,5.5,-1.19,0,0,427,127,0,0
00-0032426,Alex Collins,RB,FA,,136.2,10.48,23.8,13,30,1,0,3,-5.37,4,3,428,128,0,0
00-0025637,Ahmad Bradshaw,RB,FA,,136.1,13.61,21.8,10,18,1,0,6,-10.49,3,3,429,129,0,0
00-0035535,Darius Slayton,WR,NYG,1578,136,9.71,15,14,28,1,0,10,-4.64,9,9,430,121,1,1
espn-4432710,TreVeyon Henderson,RB,NE,3915,133.1,14.79,32.3,9,14,1,0,3,5.52,0,0,431,130,0,0
00-0029421,Randy Bullock,K,FA,,133,6.05,17,22,23,1,0,14,-0.85,4,2,432,43,0,0
00-0028083,Jacquizz Rodgers,RB,FA,,132.6,12.05,26.2,11,24,2,0,14.5,-3.78,3,4,433,131,0,0
00-0037267,Jerome Ford,RB,CLE,2762,129.5,8.63,19.1,15,24,2,0,10,-6.15,2,2,435,132,0,0
00-0029580,Rishard Matthews,WR,FA,,128.8,12.88,24.3,10,40,2,0,10,-6.99,5,4,436,123,0,0
00-0028052,Cecil Shorts,WR,FA,,128,9.14,18.4,14,32,3,0,10.3,-4.28,0,1,437,124,0,0
00-0036251,Zack Moss,RB,CIN,1903,126.8,7.46,22.5,17,49,4,0,9.8,-5.23,4,5,438,133,0,0
00-0032200,Ty Montgomery,RB,FA,,126.4,12.64,29,10,21,2,0,9,-5.51,6,7,587,188,1,1
00-0030663,Willie Snead,WR,FA,,124.7,9.59,25,13,35,2,0,8.5,-8.02,4,4,439,125,1,1
00-0038117,Wan'Dale Robinson,WR,NYG,2806,123.4,10.28,30.6,12,27,0,0,,,5,4,440,126,0,0
00-0033282,Curtis Samuel,WR,BUF,973,121.3,10.11,22.9,12,45,4,0,10.8,-8.46,9,7,442,127,0,0
00-0032104,Ameer Abdullah,RB,LV,578,121.3,8.66,19.9,14,33,3,0,4.3,-6.81,6,5,442,134,0,0
00-0036290,Cole Kmet,TE,CHI,1972,121,10.08,24,12,53,4,0,11,2.61,5,4,444,54,1,0
00-0030390,Caleb Sturgis,K,FA,,121,8.07,13,15,17,1,0,14,-3.68,4,4,444,44,0,0
00-0034115,Jeffery Wilson,RB,FA,,120.6,12.06,27.4,10,48,1,0,14,-6.02,7,3,446,135,0,0
00-0036265,AJ Dillon,RB,GB,1910,120.3,13.37,22.1,9,50,3,0,8,-0.87,1,2,447,136,0,1
00-0029262,Rueben Randle,WR,FA,,120.3,10.02,16.9,12,34,2,0,15,-1.51,1,0,447,128,0,0
00-0032087,Josh Lambo,K,FA,,119,7.44,16,16,17,1,0,15,-0.06,9,10,449,45,0,1
DEF-0024,New York Giants,DEF,NYG,17,118,7.38,23,16,18,2,0,13.5,-1.23,14,14,450,32,0,0
00-0034367,Nyheim Hines,RB,CLE,1232,117,9,28.5,13,34,3,0,11,-1.67,9,10,451,137,0,2
00-0036567,Elijah Mitchell,RB,SF,2348,115.9,14.49,27.8,8,29,3,0,9.7,-8.57,3,5,452,138,0,0
espn-5083076,Harold Fannin,TE,CLE,3975,115.2,10.47,25.4,11,13,0,0,,,1,0,453,55,0,0
00-0028112,Charles Clay,TE,FA,,113.9,7.12,16.2,16,44,1,0,10,-2.11,6,4,454,56,0,0
00-0029689,Dwayne Allen,TE,FA,,113.2,8.09,17.3,14,22,4,0,12.5,-3.46,1,4,455,57,0,0
00-0037816,Romeo Doubs,WR,GB,2828,111.6,9.3,18.5,12,41,3,0,12,-3.99,5,5,456,129,0,0
00-0028237,Chris Hogan,WR,FA,,110.6,12.29,22.8,9,34,3,0,7.7,-6.24,0,1,457,130,0,0
00-0027005,Hakeem Nicks,WR,FA,,110,8.46,23.2,13,16,2,0,6.5,-6.59,1,2,458,131,0,0
00-0039918,Caleb Williams,QB,CHI,3525,109.82,15.69,27.66,7,18,2,0,12,10.31,1,2,459,56,0,0
00-0031339,Donte Moncrief,WR,FA,,109.4,9.12,18.4,12,38,3,0,6.3,-11.47,2,4,460,132,0,1
00-0038129,Cade Otton,TE,TB,2851,108.1,10.81,29.1,10,19,0,0,,,7,4,461,58,0,0
espn-4567750,Emeka Egbuka,WR,TB,3953,108,10.8,31.3,10,16,1,0,7,2.63,0,0,462,133,0,0
00-0031569,Jeremy Langford,RB,FA,,104.9,17.48,37.2,6,13,1,0,6,-9.11,1,1,463,139,0,0
00-0024275,Maurice Jones-Drew,RB,FA,,103.92,11.55,26.4,9,17,2,0,5.5,-3.1,0,1,464,140,0,0
00-0029638,Michael Floyd,WR,FA,,102.5,10.25,15.4,10,49,4,0,9,-4.27,2,3,465,134,1,1
00-0030668,Charcandrick West,RB,FA,,102.3,14.61,31.1,7,10,0,0,,,2,1,466,141,0,0
00-0026224,Harry Douglas,WR,FA,,102.2,14.6,25.4,7,13,1,0,14,-3.35,1,1,467,135,0,0
00-0022943,Ben Watson,TE,FA,,99.6,8.3,29.7,12,22,0,0,,,8,6,468,59,0,0
00-0039894,Xavier Worthy,WR,KC,3566,99.2,7.09,16.8,14,28,2,0,5.5,-4.97,1,1,469,136,0,0
00-0030432,Christine Michael,RB,FA,,97.2,16.2,25.1,6,22,1,0,10,-1.87,2,3,470,142,0,0
yahoo-40835,Jake Bates,K,DET,3792,97,6.06,15,16,17,1,0,10,0.6,2,1,471,46,0,0
00-0032972,Devontae Booker,RB,FA,,96.5,12.06,17.5,8,27,3,0,13.3,-2.36,5,6,472,143,0,0
00-0039384,Tyrone Tracy,RB,NYG,3693,96.5,13.79,22.7,7,25,1,0,7,-3.11,2,1,472,143,0,0
00-0033119,Jacoby Brissett,QB,ARI,723,96.14,16.02,27.64,6,13,0,0,,,2,0,474,57,0,0
00-0029683,Ronnie Hillman,RB,FA,,95,11.88,26.3,8,28,2,0,11.5,-3.57,1,0,475,145,0,0
00-0034830,Hayden Hurst,TE,LAC,1276,93.7,7.81,13.2,12,27,1,0,10,-0.2,4,4,476,60,0,0
00-0026003,Dan Carpenter,K,MIA,,93,6.64,16,14,15,1,0,11,-0.89,4,5,477,47,0,0
00-0029051,Jarrett Boykin,WR,GB,,93,10.33,24.3,9,11,1,0,14,-8.56,0,1,477,137,0,1
00-0029675,Trent Richardson,RB,FA,,92.9,9.29,19.9,10,26,2,0,3.5,-2.6,0,0,479,146,0,0
00-0031418,Austin Seferian-Jenkins,TE,FA,,92.4,8.4,18.6,11,22,0,0,,,8,5,480,61,0,1
00-0036259,Jauan Jennings,WR,SF,1965,91.6,11.45,25.1,8,21,1,0,9,-1.71,6,5,481,138,0,0
00-0024313,Owen Daniels,TE,FA,,91.5,7.04,23.7,13,23,2,0,7,-3.95,2,2,482,62,0,0
00-0027758,Riley Cooper,WR,FA,,91.4,18.28,36.9,5,14,1,0,9,-5.25,2,3,483,139,0,0
00-0027681,Brandon LaFell,WR,FA,,90.9,11.36,20.8,8,26,0,0,,,3,1,484,140,0,0
00-0034838,Royce Freeman,RB,DAL,,90.8,8.25,16.7,11,32,2,0,6.5,-4.73,4,5,485,147,0,0
espn-4685382,Omarion Hampton,RB,LAC,3916,90.8,12.97,27.5,7,16,1,0,3,-3.4,0,0,485,147,0,0
00-0039165,Zach Charbonnet,RB,SEA,3153,89.3,11.16,38.3,8,49,3,0,9,-2.16,3,3,487,149,1,1
00-0027094,Andre Brown,RB,FA,,89,14.83,20.8,6,15,1,0,16,-1.19,0,0,488,150,0,0
00-0037525,Jordan Mason,RB,SF,3020,88.4,6.31,23.6,14,30,1,0,8,-4.06,5,5,489,151,0,0
00-0030288,Rex Burkhead,RB,FA,,88.4,8.84,25.3,10,22,2,0,9.5,-6.39,8,8,489,151,0,0
00-0035289,Gardner Minshew,QB,LV,1527,88.36,17.67,23.96,5,9,0,0,,,5,4,491,58,0,1
00-0038562,Jake Moody,K,SF,3281,87,5.44,14,16,17,1,0,12,-1.27,3,3,492,48,1,1
00-0028058,Alex Henery,K,PHI,,87,7.91,20,11,11,1,0,15,-0.49,0,0,492,48,0,0
00-0039919,Rome Odunze,WR,CHI,3562,87,7.91,18.4,11,23,2,0,7.5,-4.84,3,3,492,141,0,0
00-0028986,Case Keenum,QB,HOU,297,86.84,21.71,28.6,4,12,0,0,,,3,1,495,59,1,1
00-0039146,Jayden Reed,WR,GB,3168,86,7.17,19.7,12,25,2,0,8.5,-4.27,4,3,496,142,0,0
00-0038544,Quentin Johnston,WR,LAC,3172,85,8.5,20.4,10,27,1,0,10,-9.09,9,8,497,143,0,0
00-0030547,Denard Robinson,RB,FA,,84.3,12.04,19,7,13,0,0,,,3,2,614,193,0,0
00-0033526,Samaje Perine,RB,DEN,957,83.5,11.93,21.5,7,28,2,0,11.5,-3.29,12,11,499,154,0,0
00-0033879,O.J. Howard,TE,FA,,83.5,7.59,21.3,11,26,3,0,8.3,-1.87,6,9,499,63,0,0
00-0036906,Khalil Herbert,RB,CHI,2356,83,10.37,19.2,8,33,2,0,8.5,-5.32,5,5,501,155,0,0
00-0030525,Tavon Austin,WR,FA,,82.4,10.3,25.9,8,32,2,0,8,-4.54,7,6,502,144,1,1
00-0035145,Austin Seibert,K,WAS,,82,10.25,17,8,14,0,0,,,2,0,503,50,0,0
00-0032602,J.D. McKissic,RB,FA,,81,10.12,23.2,8,37,2,0,12,-5.04,6,6,504,156,0,0
00-0031384,Richard Rodgers,TE,FA,,80,10,30.2,8,14,1,0,15,2.24,2,2,505,64,0,0
00-0039409,Cam Little,K,JAX,3626,79,7.18,15,11,13,1,0,14,4.34,1,1,506,51,0,0
00-0036040,Juwan Johnson,TE,NO,1966,77.2,11.03,19.2,7,20,1,0,12,-2.53,7,5,507,65,0,0
00-0031431,Marqise Lee,WR,FA,,74.4,14.88,21.6,5,18,1,0,15,-3.34,4,3,508,145,0,0
00-0027890,Ben Tate,RB,FA,,74.1,10.59,19.8,7,30,2,0,8,-3.47,0,0,509,157,0,0
00-0019646,Sebastian Janikowski,K,FA,,74,6.17,14,12,13,2,0,14.5,-2.02,3,4,510,52,0,0
00-0036980,Elijah Moore,WR,CLE,2373,73,9.12,20.6,8,29,3,0,10.7,-5.83,5,8,511,146,0,0
00-0026231,Jermichael Finley,TE,FA,,73,12.17,18.5,6,7,1,0,6,-5.42,0,0,511,66,0,0
00-0034439,Ryan Izzo,TE,FA,,72.8,6.07,16.1,12,21,0,0,,,3,3,513,67,0,0
00-0030388,Joseph Randle,RB,FA,,72.6,12.1,30.5,6,17,1,0,7,-7.35,2,2,514,158,0,0
00-0032371,Rob Kelley,RB,FA,,72.4,12.07,31.7,6,11,1,0,8,-9.58,3,3,515,159,0,0
00-0037545,Rashid Shaheed,WR,NO,3100,72.3,7.23,21.4,10,27,2,0,11.5,-4.15,4,5,516,147,0,1
00-0034173,Eddy Pineiro,K,CAR,1314,72,9,18,8,8,0,0,,,2,1,517,53,0,0
00-0034272,Marquez Valdes-Scantling,WR,BUF,1382,71.1,7.9,21.3,9,34,2,0,11,-6.42,11,10,518,148,0,0
espn-4568490,RJ Harvey,RB,DEN,3940,70.6,17.65,22.1,4,16,1,0,5,9.93,0,0,519,160,0,0
00-0033839,Dede Westbrook,WR,FA,,70.4,11.73,19,6,24,2,0,10.5,-2.27,4,4,520,149,0,0
00-0039404,Will Reichard,K,MIN,3627,70,7.78,14,9,9,1,0,14,4.03,2,3,521,54,0,1
00-0000108,David Akers,K,SF,,68,8.5,18,8,16,1,0,13,-1.65,0,0,522,55,0,0
00-0027125,Zach Miller,TE,FA,,67.6,9.66,14.3,7,12,1,0,13,-1.02,4,3,523,68,0,1
00-0026998,Percy Harvin,WR,FA,,67.3,7.48,17,9,40,3,0,9.3,-7.96,0,1,524,150,1,1
00-0031237,Teddy Bridgewater,QB,DET,436,65.74,13.15,20.14,5,19,1,0,10,-4.77,9,8,525,60,0,0
00-0038559,Michael Wilson,WR,ARI,3190,65.6,21.87,37.2,3,4,0,0,,,2,1,526,151,0,0
00-0036988,Joshua Palmer,WR,LAC,,65.1,9.3,18.6,7,27,1,0,10,-7.6,4,2,527,152,0,1
00-0036414,Cam Akers,RB,MIN,1904,64.4,7.16,21.4,9,41,3,0,5,-8.14,8,8,528,161,0,0
00-0036550,Rashod Bateman,WR,BAL,2378,64.2,9.17,20.8,7,21,1,0,5,-14.15,5,6,529,153,0,0
00-0034411,Russell Gage,WR,SF,1395,64,10.67,23.1,6,9,0,0,,,6,4,530,154,0,0
00-0034301,Darrel Williams,RB,FA,,63.2,12.64,23.9,5,18,0,0,,,3,2,531,162,0,0
00-0039868,Troy Franklin,WR,DEN,3565,62.6,15.65,26.9,4,9,0,0,,,3,3,532,155,0,0
00-0031391,Tre Mason,RB,FA,,61.8,12.36,37.4,5,9,0,0,,,1,0,533,163,0,0
espn-4608686,Kyle Monangai,RB,CHI,3938,61.7,12.34,22.8,5,8,0,0,,,2,1,534,164,0,0
00-0036331,Devin Duvernay,WR,JAX,1952,60.6,8.66,16.4,7,15,0,0,,,1,1,535,156,0,0
00-0019536,Shayne Graham,K,HOU,,60,6,12,10,10,0,0,,,2,1,536,56,0,0
00-0026364,Stevie Johnson,WR,FA,,59.3,9.88,16.6,6,31,2,0,11,-3.2,2,2,537,157,0,0
00-0034159,Will Dissly,TE,LAC,1353,58.2,11.64,18.7,5,8,0,0,,,3,2,538,69,0,0
00-0031228,Taylor Gabriel,WR,FA,,57.7,9.62,17.2,6,8,0,0,,,3,2,539,158,0,0
espn-4429059,Woody Marks,RB,HOU,3925,57.5,8.21,15.6,7,11,0,0,,,1,0,540,165,0,0
00-0034440,Justin Jackson,RB,FA,,56.8,11.36,17.5,5,18,1,0,12,-8.14,5,3,542,167,0,0
00-0032214,Tyler Kroft,TE,MIA,,56.4,9.4,12.3,6,8,0,0,,,2,1,543,70,0,0
00-0028011,Stevan Ridley,RB,FA,,55.8,5.58,13.9,10,27,2,0,6.5,-5.29,1,2,544,168,0,1
00-0035689,Dawson Knox,TE,BUF,1596,55.7,5.57,14,10,26,1,0,7,-0.03,6,5,545,71,0,0
00-0030085,Kenny Stills,WR,FA,,55.2,7.89,15.1,7,33,3,0,11.7,-3.56,4,5,546,159,0,1
00-0025410,Dwayne Bowe,WR,FA,,54.7,9.12,16.1,6,27,3,0,8,-7.36,0,1,547,160,0,0
00-0039391,Kimani Vidal,RB,LAC,3703,54.1,10.82,20.7,5,15,0,0,,,2,1,548,169,0,0
00-0031277,Branden Oliver,RB,FA,,54,10.8,22.4,5,13,0,0,,,2,1,549,170,1,1
00-0033307,Kendrick Bourne,WR,NE,1156,53.1,17.7,24.2,3,9,0,0,,,7,7,550,161,0,0
00-0031897,Thomas Rawls,RB,FA,,52.8,8.8,24.8,6,19,1,0,4,-9.44,6,6,551,171,0,0
00-0034970,Irv Smith,TE,KC,,52.7,10.54,23.3,5,9,1,0,15,-2.1,5,5,552,72,0,1
00-0028838,Larry Donnell,TE,NYG,,52.5,10.5,30.4,5,18,1,0,14,-2.24,2,2,553,73,0,0
00-0034331,Jaylen Samuels,RB,FA,,51.7,12.92,19.3,4,17,1,0,11,-3.97,3,2,554,172,1,1
00-0030433,Mike Gillislee,RB,FA,,51,8.5,22.5,6,12,1,0,6,-8.12,2,2,555,173,0,0
00-0027854,Sam Bradford,QB,FA,,50.94,10.19,13.44,5,18,2,0,9,-7.57,2,2,556,61,0,0
00-0033725,Corey Clement,RB,ARI,,50.1,12.52,19.5,4,17,1,0,13,-3.58,4,4,557,174,0,0
espn-4723086,Colston Loveland,TE,CHI,3976,50.1,10.02,14.9,5,8,1,0,14,-0.09,2,2,557,74,0,0
00-0022787,Matt Schaub,QB,FA,,49.52,16.51,23.84,3,6,1,0,10,-10.4,0,0,559,62,0,0
00-0027714,Dennis Pitta,TE,FA,,49.5,8.25,18.3,6,10,1,0,6,-11.02,2,3,560,75,0,1
00-0029640,Brian Quick,WR,FA,,49.2,9.84,25.7,5,16,1,0,10,-13.99,1,1,561,162,0,0
00-0032782,Wendell Smallwood,RB,FA,,49.1,6.14,17.9,8,20,1,0,14,-4.68,7,7,562,175,0,0
00-0025824,Garrett Hartley,K,NO,,49,6.12,12,8,16,1,0,14,-0.62,0,0,563,57,0,0
00-0034414,Boston Scott,RB,LAR,,48.7,12.18,18.2,4,20,1,0,13,-3.36,5,4,565,177,1,1
00-0027702,Mike Williams,WR,FA,970,48.4,8.07,15.2,6,16,1,0,7,-12.11,1,1,566,163,0,0
00-0023001,Shaun Suisham,K,PIT,,48,8,11,6,9,0,0,,,2,2,567,58,0,0
00-0026898,Mark Sanchez,QB,FA,,47.7,15.9,21.18,3,4,0,0,,,1,0,568,63,0,0
00-0031413,Bishop Sankey,RB,FA,,47.6,9.52,22.6,5,18,2,0,9.5,-5.58,0,1,569,178,0,0
00-0035628,D'Ernest Johnson,RB,JAX,1761,47.5,23.75,24.8,2,12,0,0,,,3,2,570,179,0,0
00-0037838,Isaiah Likely,TE,BAL,2847,47.2,6.74,19.3,7,20,0,0,,,5,3,571,76,0,0
00-0031939,Matt Jones,RB,FA,,46.7,7.78,21.8,6,20,1,0,5,-8.24,5,5,572,180,0,1
00-0039342,Xavier Legette,WR,CAR,3585,46.7,9.34,14.9,5,10,2,0,14,-1.21,1,2,572,164,0,0
00-0036268,Laviska Shenault,WR,SEA,1943,46.6,6.66,12.9,7,19,1,0,9,-7.17,4,4,574,165,0,0
00-0031257,Paul Richardson,WR,FA,,46.2,15.4,28.5,3,6,0,0,,,1,0,575,166,0,0
00-0031075,Alfred Blue,RB,FA,,46.2,11.55,15.6,4,17,1,0,9,-4.15,7,6,575,181,0,0
00-0033950,Wayne Gallman,RB,FA,,45.9,9.18,18.1,5,13,0,0,,,5,4,577,182,0,0
00-0031390,Charles Sims,RB,FA,,45.9,9.18,24.4,5,25,2,0,12,0.29,2,2,577,182,0,0
00-0027077,Brian Hartline,WR,FA,,45.7,7.62,15.6,6,22,1,0,16,-0.2,1,1,579,167,0,0
00-0036383,Eno Benjamin,RB,NO,,45,9,23.3,5,11,0,0,,,3,2,580,184,0,0
espn-4595342,Oronde Gadsden,TE,LAC,3971,44.6,8.92,18.7,5,6,0,0,,,1,1,581,77,0,0
00-0037263,Tyler Allgeier,RB,ATL,2761,44.4,7.4,17.5,6,52,4,0,12.3,-2.62,5,6,582,185,0,0
00-0037157,Zonovan Knight,RB,NYJ,2776,43.8,8.76,16.8,5,6,0,0,,,4,2,583,186,0,1
00-0037077,Sam Howell,QB,SEA,2742,43.12,21.56,25.42,2,8,0,0,,,2,2,584,64,0,0
00-0030470,Vance McDonald,TE,FA,,43,7.17,13.8,6,17,1,0,7,-3.83,3,3,585,78,0,1
espn-4696981,Cam Skattebo,RB,NYG,3917,42.8,14.27,18.4,3,8,1,0,10,-2.94,0,1,586,187,0,0
00-0035100,Jake Browning,QB,CIN,1776,42.66,21.33,23.7,2,3,0,0,,,1,0,588,65,0,0
00-0037741,Jahan Dotson,WR,WAS,2804,42.4,8.48,16.9,5,22,1,0,7,-8.5,2,2,589,168,0,0
00-0020245,Michael Vick,QB,FA,,42.06,14.02,15.94,3,13,1,0,12,-9.22,0,0,590,66,0,0
00-0023482,Mike Nugent,K,FA,,42,6,9,7,7,1,0,16,-0.01,4,5,591,59,0,0
espn-4697745,Tyler Loop,K,BAL,4094,42,7,11,6,9,0,0,,,2,1,591,59,0,1
00-0032966,Corey Coleman,WR,FA,,41.6,8.32,16.3,5,19,2,0,9.5,-8.55,2,2,593,169,0,0
00-0036345,K.J. Osborn,WR,NE,2082,41.3,10.32,17.3,4,17,1,0,12,-5.46,3,3,594,170,1,1
00-0039363,Isaac Guerendo,RB,SF,3634,40.7,20.35,26.8,2,4,0,0,,,3,2,596,189,0,0
00-0028787,Kai Forbath,K,FA,,40,8,16,5,5,0,0,,,2,1,597,61,0,0
00-0026625,Brian Hoyer,QB,FA,,39.82,13.27,16.5,3,5,0,0,,,1,0,598,67,0,0
00-0039855,Jalen McMillan,WR,TB,3574,39.7,19.85,23,2,3,0,0,,,2,1,599,172,0,0
00-0036415,Van Jefferson,WR,PIT,1963,39.3,13.1,16.1,3,6,0,0,,,3,2,600,173,0,0
00-0035592,Travis Fulgham,WR,FA,,39.3,7.86,19.8,5,8,0,0,,,1,0,600,173,0,0
00-0027791,James Starks,RB,FA,,39.1,13.03,18.1,3,24,2,0,13.5,-1.05,2,2,602,190,1,0
00-0030068,Marquise Goodwin,WR,CLE,,39,13,22.4,3,10,1,0,7,-8.56,4,4,603,175,0,0
00-0036913,Kadarius Toney,WR,KC,2374,38.9,7.78,19,5,22,2,0,8.5,-13.06,5,6,604,176,0,0
00-0026267,Jacob Tamme,TE,FA,,38.9,6.48,12.1,6,16,1,0,15,-2.56,4,3,604,79,0,0
00-0029738,Darren Fells,TE,FA,,38.4,9.6,23.8,4,7,0,0,,,1,0,606,80,0,0
00-0033611,Ricky Seals-Jones,TE,FA,,36.4,7.28,15.8,5,10,1,0,14,-1.32,5,4,607,81,0,0
00-0029264,Bernard Pierce,RB,FA,,36.4,7.28,15.2,5,11,2,0,12,-5.4,1,2,607,191,0,0
00-0030522,Montee Ball,RB,FA,,36.4,9.1,16.3,4,22,2,0,3.5,-8.45,0,0,607,191,0,0
00-0032134,C.J. Uzomah,TE,FA,,36.3,6.05,11.4,6,13,0,0,,,4,3,610,82,0,0
00-0028497,Kamar Aiken,WR,FA,,35.8,8.95,12.2,4,9,1,0,9,-11.33,2,2,612,177,0,0
00-0029159,Jermaine Kearse,WR,FA,,35.7,7.14,13.8,5,17,1,0,15,-3.43,8,8,613,178,0,0
00-0028086,Denarius Moore,WR,FA,,35,11.67,19.2,3,11,1,0,12,-3.78,0,0,615,179,0,0
00-0038097,Cade York,K,CIN,2930,34,8.5,12,4,4,0,0,,,1,1,616,62,0,1
00-0036919,Kenneth Gainwell,RB,PHI,2340,33.8,8.45,18.2,4,27,2,0,13,-3.81,10,10,617,194,0,0
00-0023367,Nate Washington,WR,FA,,33.7,16.85,33.7,2,13,0,0,,,1,0,618,180,0,0
00-0021999,Nate Burleson,WR,FA,,33.6,8.4,20.7,4,5,0,0,,,0,0,619,181,0,0
00-0025396,Ted Ginn Jr.,WR,FA,,33.3,6.66,13.5,5,21,1,0,12,-1.04,6,4,620,182,2,0
00-0028202,Shaun Draughn,RB,FA,,33.2,16.6,19.6,2,2,0,0,,,1,0,621,195,0,0
00-0036425,DeeJay Dallas,RB,ARI,1920,33.1,11.03,22.8,3,6,0,0,,,4,4,622,196,0,0
00-0030860,Orleans Darkwa,RB,FA,,33.1,6.62,12.8,5,12,0,0,,,3,2,622,196,0,0
00-0038997,Josh Downs,WR,IND,3171,32.9,8.22,14.2,4,32,1,0,9,-4.84,5,4,624,183,0,0
00-0031806,Malcolm Brown,RB,FA,,32.5,6.5,19.1,5,17,0,0,,,6,4,625,198,0,0
00-0035140,Mecole Hardman,WR,KC,1569,32,6.4,10.8,5,15,1,0,10,-5.56,9,9,626,184,0,0
00-0031023,Quincy Enunwa,WR,FA,,31.9,10.63,19.3,3,14,0,0,,,3,3,627,185,0,0
00-0033943,Josh Reynolds,WR,NYJ,982,31.6,10.53,23.6,3,18,0,0,,,3,2,628,186,0,0
00-0032940,DeAndre Washington,RB,FA,,31,15.5,20.8,2,13,1,0,10,-6.37,8,7,629,199,0,0
00-0033460,John Ross,WR,PHI,,30.6,10.2,12.1,3,13,1,0,15,-0.5,5,5,630,187,0,0
00-0038935,Brenton Strange,TE,JAX,3264,30.5,4.36,12.1,7,10,0,0,,,5,4,631,83,0,0
00-0029275,Ladarius Green,TE,FA,,30.2,7.55,18.5,4,10,2,0,12.5,-5.2,5,6,632,84,0,0
00-0038040,Zamir White,RB,LV,2763,30.1,6.02,15.6,5,7,1,0,6,-16.52,2,2,633,200,1,1
00-0036457,Ty'Son Williams,RB,FA,,29.7,14.85,18.4,2,6,1,0,14,-4.76,0,1,634,201,0,0
00-0032009,Adam Humphries,WR,FA,,29.5,5.9,9.8,5,12,1,0,11,-7.16,4,3,635,188,0,0
00-0028198,Matt Asiata,RB,FA,,29.3,9.77,9.8,3,21,0,0,,,3,1,636,202,0,0
00-0030348,Khiry Robinson,RB,FA,,29.2,14.6,16.7,2,4,0,0,,,3,3,637,203,0,0
00-0039923,J.J. McCarthy,QB,MIN,3530,28.72,14.36,18.72,2,3,0,0,,,2,2,638,69,0,0
00-0038621,Demario Douglas,WR,NE,3337,28.7,9.57,14.4,3,12,0,0,,,2,1,639,189,0,0
00-0038794,Jaleel McLaughlin,RB,DEN,3386,28.6,7.15,17.9,4,14,1,0,14,-1.74,2,3,640,204,0,1
00-0039901,Keon Coleman,WR,BUF,3563,28.6,5.72,18,5,20,2,0,9.5,-7.86,0,1,640,190,0,0
00-0038705,Emari Demercado,RB,ARI,3380,28.5,7.12,13.4,4,7,0,0,,,4,4,642,205,0,0
00-0036493,Deon Jackson,RB,FA,,28.1,28.1,28.1,1,5,1,0,12,-9.88,3,4,643,206,0,0
00-0031055,Andre Williams,RB,FA,,27.9,9.3,11.8,3,9,1,0,12,-0.68,4,4,644,207,0,0
00-0032778,Tajae Sharpe,WR,FA,,27.8,9.27,16.8,3,9,1,0,8,-8.1,1,2,645,191,0,0
00-0027006,Kenny Britt,WR,FA,,27.2,13.6,17.9,2,19,3,0,11,-8.19,2,2,646,192,0,0
00-0034084,Mike Badgley,K,DET,1499,27,9,12,3,3,0,0,,,1,1,647,63,0,0
00-0039144,Luke Musgrave,TE,GB,3199,26.7,6.68,8.4,4,6,0,0,,,5,5,648,85,0,0
00-0036924,Michael Carter,RB,ARI,2343,26.7,2.97,18.3,9,34,0,0,,,2,1,648,208,2,1
00-0026855,Antone Smith,RB,FA,,26.5,6.62,16.9,4,4,0,0,,,3,3,650,209,0,0
00-0038797,Emanuel Wilson,RB,GB,3427,26.5,26.5,26.5,1,5,0,0,,,3,2,650,209,0,0
00-0039164,Anthony Richardson,QB,IND,3136,26.16,4.36,12.98,6,17,2,0,9,-9.76,2,3,652,70,0,0
00-0032626,Geronimo Allison,WR,FA,,25.8,8.6,14,3,15,1,0,9,-10.12,4,5,653,193,0,0
00-0028093,Niles Paul,TE,FA,,25.5,6.38,12.8,4,6,0,0,,,2,2,654,86,0,0
00-0034981,Foster Moreau,TE,NO,1685,25.2,6.3,12.3,4,5,0,0,,,2,2,655,87,0,0
espn-4575131,Jacory Croskey-Merritt,RB,WAS,4127,24.9,4.15,5.8,6,11,1,0,9,-2.31,0,1,656,211,0,0
00-0030000,Kenbrell Thompkins,WR,FA,,24.7,12.35,24.7,2,16,2,0,11.5,-6.84,0,1,657,194,0,0
00-0028409,DuJuan Harris,RB,FA,,24.6,12.3,23.2,2,5,0,0,,,1,0,658,212,0,0
00-0025549,Brent Celek,TE,FA,,24.5,4.9,13.7,5,9,2,0,13.5,-1.7,0,1,659,88,0,0
00-0034365,Ian Thomas,TE,CAR,1274,24.4,8.13,16.7,3,4,0,0,,,2,0,660,89,0,0
00-0022414,Malcom Floyd,WR,FA,,24.4,8.13,14.4,3,15,2,0,15.5,-1.2,2,2,660,195,0,0
00-0030789,Antonio Andrews,RB,FA,,24.3,8.1,12.1,3,5,0,0,,,2,1,662,213,0,0
00-0033591,Noah Brown,WR,WAS,985,24.2,24.2,24.2,1,4,0,0,,,2,1,663,196,0,0
00-0028907,Giorgio Tavecchio,K,FA,,24,8,16,3,3,0,0,,,3,3,664,64,0,0
00-0026138,Connor Barth,K,FA,,24,8,13,3,5,0,0,,,2,1,664,64,0,0
00-0039021,Roschon Johnson,RB,CHI,3159,23.1,5.78,8.2,4,17,0,0,,,6,5,666,214,0,0
00-0033375,Tim Patrick,WR,DET,1135,23,11.5,12.9,2,10,0,0,,,4,3,667,197,0,0
00-0032741,Peyton Barber,RB,FA,,23,5.75,6.9,4,17,2,0,9,-2.06,5,5,667,215,0,0
00-0038547,Luke Schoonmaker,TE,DAL,3205,22.8,11.4,14.5,2,2,0,0,,,1,1,669,90,0,0
00-0034799,Kalen Ballage,RB,FA,,22.6,11.3,14.1,2,8,1,0,9,-8.92,2,3,670,216,0,0
00-0038152,Lucas Havrisik,K,FA,3081,22,7.33,12,3,3,0,0,,,1,0,671,66,0,0
00-0036233,Donovan Peoples-Jones,WR,DET,1962,22,7.33,19.4,3,11,0,0,,,3,2,671,198,1,1
espn-4571557,Spencer Shrader,K,IND,3843,22,7.33,10,3,3,0,0,,,1,1,671,66,0,0
00-0033869,Mitchell Trubisky,QB,BUF,944,21.9,21.9,21.9,1,13,1,0,15,-1.23,1,1,674,71,1,1
00-0029384,Bobby Rainey,RB,TB,,21.5,7.17,13.1,3,15,0,0,,,4,4,675,217,0,0
espn-4689114,Jaxson Dart,QB,NYG,3904,21.42,21.42,21.42,1,7,0,0,,,1,0,676,72,0,0
00-0034975,Justice Hill,RB,BAL,1546,21.3,10.65,12.5,2,12,1,0,8,-10.43,4,5,677,218,0,0
00-0027873,Jermaine Gresham,TE,FA,,21.2,7.07,10.4,3,6,1,0,15,-0.57,0,0,678,91,0,0
00-0025631,Jason Snelling,RB,FA,,21.1,21.1,21.1,1,3,0,0,,,0,0,679,219,0,0
00-0028020,Vincent Brown,WR,FA,,21,7,9.3,3,7,1,0,11,-6.84,0,0,680,199,0,0
00-0028016,Austin Pettis,WR,FA,,20.9,20.9,20.9,1,3,0,0,,,0,0,681,200,0,0
00-0032775,Demarcus Robinson,WR,LAR,836,20.8,10.4,13.3,2,10,0,0,,,5,4,682,201,0,0
00-0030443,Levine Toilolo,TE,FA,,20.6,6.87,10.9,3,7,1,0,7,-7.65,0,1,683,92,0,0
00-0039152,Will Levis,QB,TEN,3133,20.42,10.21,14.46,2,4,0,0,,,3,2,684,73,0,0
00-0036984,Trey Sermon,RB,IND,2342,20.3,6.77,11.4,3,9,1,0,7,-13.6,3,4,685,220,0,0
00-0035342,Patrick Laird,RB,FA,,20,10,12.6,2,2,0,0,,,1,0,686,221,0,0
00-0030280,Knile Davis,RB,FA,,20,10,17.2,2,15,1,0,15,-1.89,6,6,686,221,0,0
00-0030514,Mychal Rivera,TE,FA,,19.9,9.95,18.4,2,6,0,0,,,1,0,688,93,0,0
00-0027888,Toby Gerhart,RB,FA,,19.7,6.57,8.3,3,7,1,0,7,-5.34,1,2,689,223,0,0
00-0033025,Jalen Richard,RB,FA,,19.5,9.75,10.6,2,11,0,0,,,3,2,690,224,0,0
espn-4808766,Mason Taylor,TE,NYJ,3978,19.5,9.75,14.4,2,4,0,0,,,2,2,690,94,0,1
00-0029251,David Wilson,RB,FA,,19.4,3.88,8.3,5,7,1,0,4,-13.59,0,0,692,225,0,0
00-0029429,Bryce Brown,RB,FA,,19.3,6.43,14.1,3,21,1,0,13,-5.29,2,0,693,226,0,0
00-0034378,Ito Smith,RB,FA,,19,4.75,6.6,4,13,1,0,11,-8.4,2,2,694,227,0,0
00-0029707,Justin Blackmon,WR,FA,,18.8,9.4,11.8,2,8,1,0,8,-9.78,0,0,695,202,0,0
00-0021206,Josh McCown,QB,FA,,18.48,18.48,18.48,1,10,1,0,16,-1.27,1,1,696,74,0,0
00-0037252,Greg Dulcich,TE,DEN,2846,18.4,6.13,7.2,3,9,0,0,,,2,2,697,95,0,0
00-0030460,Markus Wheaton,WR,FA,,17.8,8.9,10.5,2,24,3,0,12.3,-6.68,1,3,698,203,0,0
00-0039916,Ricky Pearsall,WR,SF,3568,17.6,8.8,14.8,2,13,1,0,7,-9.67,4,5,699,204,0,0
espn-4685415,Travis Hunter,WR,JAX,3946,17.6,5.87,9.3,3,10,1,0,6,-13.02,0,1,699,204,0,1
00-0034401,Mike White,QB,BUF,1213,17.46,17.46,17.46,1,1,0,0,,,1,1,701,75,0,0
00-0033681,Keelan Cole,WR,FA,,17.3,8.65,9,2,11,1,0,10,-7.66,3,3,702,206,0,0
00-0032208,Phillip Dorsett,WR,ATL,596,17.2,8.6,9.9,2,12,2,0,12,-6.4,4,6,703,207,0,0
00-0026289,Tim Hightower,RB,FA,,17.2,17.2,17.2,1,7,0,0,,,3,2,703,228,0,1
00-0028000,Daniel Thomas,RB,FA,,17.2,5.73,12.2,3,15,1,0,16,-1.46,1,1,703,228,0,0
00-0027985,Lance Kendricks,TE,FA,,17,8.5,16,2,5,0,0,,,1,0,706,96,0,0
00-0038606,Parker Washington,WR,JAX,3176,17,17,17,1,3,0,0,,,1,1,706,208,0,1
00-0029682,Brock Osweiler,QB,FA,,16.64,16.64,16.64,1,3,0,0,,,2,1,708,76,0,0
00-0033319,Nick Mullens,QB,JAX,1497,16.54,16.54,16.54,1,1,0,0,,,1,1,709,77,0,0
00-0026069,Mike Tolbert,RB,FA,,16.5,8.25,12.7,2,7,1,0,13,-2.24,0,0,710,230,0,0
00-0038608,Kayshon Boutte,WR,NE,3177,16.5,8.25,16.5,2,6,0,0,,,3,3,710,209,0,0
00-0026182,Eddie Royal,WR,FA,,16.4,8.2,9.4,2,20,1,0,13,-6.41,3,3,712,210,0,0
00-0026173,Donnie Avery,WR,FA,,16.4,8.2,12.1,2,7,1,0,15,-3.25,0,0,712,210,0,0
00-0032393,C.J. Prosise,RB,FA,,16.1,16.1,16.1,1,8,1,0,12,-8.26,3,4,714,231,0,0
00-0025516,Scott Chandler,TE,FA,,16.1,16.1,16.1,1,2,0,0,,,2,2,714,97,0,1
00-0032760,Josh Doctson,WR,FA,,16,8,8.9,2,8,1,0,13,-3.04,1,1,716,212,0,0
00-0031302,C.J. Fiedorowicz,TE,FA,,16,8,10.4,2,3,0,0,,,2,1,716,98,0,0
00-0032152,Karlos Williams,RB,FA,,16,16,16,1,7,0,0,,,2,1,716,232,0,0
00-0035189,Matthew Wright,K,FA,2273,16,16,16,1,1,0,0,,,1,0,716,68,0,0
00-0036955,Terrace Marshall,WR,CAR,2393,15.9,7.95,10.6,2,4,1,0,14,-7.36,1,2,720,213,0,0
00-0029910,Tim Wright,TE,FA,,15.8,15.8,15.8,1,13,1,0,12,-3.76,2,2,721,99,0,0
espn-4569923,Andres Borregales,K,NE,4092,15,7.5,10,2,2,0,0,,,1,0,722,69,0,0
00-0029129,Rod Streater,WR,FA,,14.8,14.8,14.8,1,7,0,0,,,0,0,723,214,0,0
00-0034011,Dan Arnold,TE,FA,,14.7,4.9,10,3,7,0,0,,,2,1,724,100,0,0
00-0030391,Mike James,RB,DET,,14.5,7.25,10.4,2,5,0,0,,,0,0,725,233,0,0
00-0036936,Rondale Moore,WR,ATL,,14.4,4.8,10.9,3,21,1,0,14,-3.61,1,1,726,215,0,0
00-0029677,Brandon Weeden,QB,HOU,,14.34,14.34,14.34,1,1,0,0,,,1,1,727,78,0,0
00-0030540,Aaron Dobson,WR,FA,,14.2,7.1,7.8,2,18,2,0,13.5,-6.67,0,1,728,216,0,0
00-0027725,Clay Harbor,TE,NO,,14.1,4.7,9.4,3,3,0,0,,,1,1,729,101,0,0
espn-4883647,Elic Ayomanor,WR,TEN,3945,14.1,7.05,9.2,2,7,1,0,13,-2.54,1,2,729,217,0,0
00-0028411,Dontrelle Inman,WR,FA,,13.9,6.95,12.6,2,9,0,0,,,4,2,731,218,0,0
00-0036357,Henry Ruggs,WR,FA,1939,13.6,6.8,7.1,2,19,2,0,10,-8.89,0,2,732,219,0,2
00-0039032,Tyjae Spears,RB,TEN,3149,13.3,13.3,13.3,1,26,1,0,8,-6.47,7,6,733,234,1,1
00-0036370,Joshua Kelley,RB,LAC,,13.1,4.37,6.5,3,17,0,0,,,7,6,734,235,0,0
00-0030521,Justin Hunter,WR,FA,,13.1,13.1,13.1,1,13,1,0,11,-6.58,1,2,734,220,0,1
00-0036816,Riley Patterson,K,ATL,2454,13,3.25,9,4,4,0,0,,,1,0,736,70,0,0
00-0033251,Zach Pascal,WR,NYG,1185,13,6.5,8.4,2,5,0,0,,,4,4,736,221,0,0
00-0028007,Robert Housler,TE,FA,,13,13,13,1,6,0,0,,,0,0,736,102,1,1
00-0039576,Spencer Shrader,K,IND,3843,13,13,13,1,2,0,0,,,1,1,736,70,0,0
00-0033733,Greg Ward,WR,FA,,12.6,12.6,12.6,1,3,0,0,,,1,1,740,222,0,0
00-0035537,Ty Johnson,RB,BUF,1552,12.5,4.17,4.8,3,13,1,0,13,-2.8,6,6,741,236,0,0
00-0037012,Trey Lance,QB,DAL,2325,12.46,6.23,9.96,2,8,2,0,8.5,-17.68,0,2,742,79,0,0
00-0039794,Braelon Allen,RB,NYJ,3542,12.1,12.1,12.1,1,9,1,0,13,-7.39,2,2,743,237,0,0
00-0038905,Blake Grupe,K,NO,3440,12,6,8,2,2,0,0,,,2,2,744,72,0,0
00-0027718,Garrett Graham,TE,FA,,11.9,5.95,8.1,2,3,0,0,,,1,0,745,103,0,0
00-0029239,Brandon Bolden,RB,FA,,11.8,3.93,10.9,3,11,0,0,,,7,7,746,238,0,0
00-0037112,Jake Tonges,TE,SF,3080,11.8,11.8,11.8,1,1,0,0,,,1,1,746,104,0,0
00-0032411,Kenneth Dixon,RB,FA,,11.7,11.7,11.7,1,4,0,0,,,2,1,748,239,0,0
00-0034577,Kyle Allen,QB,DET,1442,11.58,11.58,11.58,1,3,0,0,,,2,1,749,80,0,0
00-0026367,Peyton Hillis,RB,FA,,11.5,11.5,11.5,1,1,0,0,,,0,0,750,240,0,0
00-0027772,Anthony Dixon,RB,FA,,11.3,5.65,6.9,2,8,0,0,,,2,1,751,241,0,0
espn-4701936,Matthew Golden,WR,GB,3947,11.3,11.3,11.3,1,8,1,0,7,-12.15,0,1,751,223,0,1
00-0038551,Kendre Miller,RB,NO,3155,11,3.67,5.9,3,12,1,0,12,-9.41,7,7,753,242,0,0
00-0038393,Dontayvion Wicks,WR,GB,3179,10.9,5.45,10.9,2,4,0,0,,,2,1,754,224,0,0
00-0030300,Jaron Brown,WR,FA,,10.9,5.45,6.9,2,4,0,0,,,1,1,754,224,0,0
00-0037509,Sincere McCormick,RB,FA,2792,10.9,10.9,10.9,1,3,0,0,,,1,0,754,243,0,0
espn-5081397,Dylan Sampson,RB,CLE,3919,10.9,10.9,10.9,1,3,1,0,12,-5.26,0,1,754,243,0,0
00-0038454,Keaton Mitchell,RB,BAL,3162,10.8,10.8,10.8,1,18,0,0,,,3,3,758,245,0,0
00-0034418,Cedrick Wilson,WR,FA,1255,10.7,10.7,10.7,1,1,0,0,,,1,0,759,226,0,0
00-0038619,Andrei Iosivas,WR,CIN,3191,10.6,5.3,10.6,2,4,0,0,,,3,2,760,227,0,1
00-0034407,Ray-Ray McCloud,WR,ATL,1247,10.6,10.6,10.6,1,1,0,0,,,1,1,760,227,0,0
00-0037086,Grant Calcaterra,TE,PHI,2853,10.6,10.6,10.6,1,1,0,0,,,1,0,760,105,0,0
00-0037276,Ty Chandler,RB,MIN,2772,10.5,10.5,10.5,1,12,1,0,13,-6.76,3,3,763,246,0,0
00-0031102,Kapri Bibbs,RB,FA,,10.5,10.5,10.5,1,1,0,0,,,1,1,763,246,0,0
00-0038979,Cedric Tillman,WR,CLE,3175,10.5,5.25,7.7,2,6,0,0,,,2,2,763,229,0,0
00-0035298,Scotty Miller,WR,PIT,,10.4,5.2,7.2,2,5,0,0,,,2,2,766,230,0,0
00-0039921,Trey Benson,RB,ARI,3540,10.4,10.4,10.4,1,23,2,0,10.5,-10.06,1,1,766,248,0,0
00-0036849,Tutu Atwell,WR,LAR,2386,10.1,10.1,10.1,1,6,0,0,,,2,2,768,231,0,0
00-0039793,AJ Barner,TE,SEA,3669,10.1,10.1,10.1,1,1,0,0,,,1,1,768,106,0,0
00-0028017,Leonard Hankerson,WR,FA,,10,5,7.7,2,6,0,0,,,1,1,770,232,0,0
espn-5123663,Isaac TeSlaa,WR,DET,4029,10,10,10,1,4,1,0,13,-5.08,1,2,770,232,0,0
00-0027321,Jeff Cumberland,TE,NYJ,,9.9,9.9,9.9,1,4,0,0,,,0,0,772,107,0,0
00-0027691,Andre Roberts,WR,FA,,9.8,3.27,6.6,3,8,1,0,13,-6.32,1,1,773,234,0,0
00-0036876,Kylen Granson,TE,PHI,2504,9.7,9.7,9.7,1,1,0,0,,,1,1,774,108,0,0
00-0030117,Kerwynn Williams,RB,FA,,9.7,9.7,9.7,1,3,0,0,,,2,1,774,249,0,0
00-0038563,Tre Tucker,WR,LV,3282,9.7,3.23,5.5,3,4,0,0,,,3,3,774,235,0,0
00-0034686,Auden Tate,WR,FA,,9.5,9.5,9.5,1,2,0,0,,,2,2,777,236,0,0
00-0034765,Tre'Quan Smith,WR,DET,,9.4,9.4,9.4,1,7,0,0,,,3,3,778,237,0,0
00-0028045,Kris Durham,WR,DET,,9.4,9.4,9.4,1,2,0,0,,,0,0,778,237,0,0
00-0031800,Taylor Heinicke,QB,LAC,2254,9.28,9.28,9.28,1,1,0,0,,,1,1,780,81,0,0
00-0023310,Lance Moore,WR,FA,,9.2,3.07,4.3,3,6,1,0,9,-9.08,0,0,781,239,0,0
00-0019770,Jay Feely,K,ARI,,9,9,9,1,2,0,0,,,0,0,782,73,0,0
00-0031912,Cameron Meredith,WR,FA,,8.9,8.9,8.9,1,9,0,0,,,2,1,783,240,0,0
00-0036244,Colby Parkinson,TE,LAR,1976,8.9,1.48,5.2,6,7,0,0,,,2,2,783,109,0,0
00-0031243,Storm Johnson,RB,FA,,8.7,4.35,8.7,2,3,0,0,,,1,1,785,250,0,0
00-0031042,Jace Amaro,TE,FA,,8.6,2.87,8.6,3,6,0,0,,,2,1,786,110,0,0
00-0033555,Mack Hollins,WR,NE,1079,8.5,8.5,8.5,1,5,0,0,,,3,2,787,241,0,0
00-0037666,Jalen Tolbert,WR,DAL,2837,8.3,8.3,8.3,1,1,0,0,,,1,1,788,242,0,0
00-0032398,Chris Moore,WR,WAS,826,8.2,8.2,8.2,1,2,0,0,,,2,2,789,243,0,0
00-0038104,Tyquan Thornton,WR,KC,2836,8.1,8.1,8.1,1,3,0,0,,,1,1,790,244,0,0
00-0034208,Mike Boone,RB,CAR,,8,2.67,4.3,3,4,0,0,,,2,1,791,251,0,0
00-0030108,Ryan Griffin,TE,FA,,8,8,8,1,3,0,0,,,2,1,791,111,0,0
00-0032355,Chester Rogers,WR,FA,,8,8,8,1,1,0,0,,,1,1,791,245,0,0
00-0034432,Bo Scarbrough,RB,FA,,7.8,7.8,7.8,1,4,0,0,,,1,0,794,252,0,0
00-0039491,Jalen Coker,WR,CAR,3755,7.7,7.7,7.7,1,3,0,0,,,2,1,795,246,0,0
00-0034364,Jordan Akins,TE,CLE,1343,7.6,7.6,7.6,1,1,0,0,,,1,1,796,112,0,0
00-0036879,Sam Ehlinger,QB,IND,2335,7.54,7.54,7.54,1,1,0,0,,,1,1,797,82,0,0
00-0032464,Kalif Raymond,WR,DET,933,7.5,7.5,7.5,1,3,0,0,,,3,3,798,247,0,0
00-0034676,James Washington,WR,FA,,7.3,7.3,7.3,1,4,1,0,13,-3.06,1,1,799,248,0,0
00-0034679,Mark Walton,RB,FA,,7.1,7.1,7.1,1,3,0,0,,,1,1,800,253,0,0
00-0026899,Shonn Greene,RB,FA,,7.1,7.1,7.1,1,5,2,0,13,-5.13,0,1,800,253,0,0
00-0034358,Derrius Guice,RB,FA,,6.8,6.8,6.8,1,15,1,0,6,-9.74,0,0,802,255,0,0
00-0037664,Alec Pierce,WR,IND,2817,6.7,6.7,6.7,1,10,0,0,,,5,4,803,249,0,0
00-0029795,Benny Cunningham,RB,FA,,6.7,6.7,6.7,1,11,0,0,,,3,3,803,256,0,0
00-0025460,Jacoby Jones,WR,FA,4275,6.7,6.7,6.7,1,16,1,0,12,-6.14,0,0,803,249,1,1
00-0039386,Bub Means,WR,NO,3697,6.7,6.7,6.7,1,1,0,0,,,1,1,803,249,0,0
00-0035993,Tyler Huntley,QB,MIA,1894,6.62,6.62,6.62,1,1,0,0,,,1,0,807,83,0,0
00-0033955,Jeremy McNichols,RB,WAS,965,6.5,6.5,6.5,1,2,0,0,,,2,2,808,257,0,0
00-0029731,Fozzy Whittaker,RB,FA,,6.4,6.4,6.4,1,2,0,0,,,2,2,809,258,0,0
00-0027918,Andrew Hawkins,WR,CIN,,6.4,6.4,6.4,1,19,1,0,16,0,2,1,809,252,1,1
00-0028263,Andre Holmes,WR,FA,,6.4,6.4,6.4,1,4,0,0,,,1,1,809,252,0,0
espn-4877706,Jayden Higgins,WR,HOU,3955,6.4,6.4,6.4,1,3,1,0,11,-4.38,1,2,809,252,0,1
espn-4688380,Cam Ward,QB,TEN,3902,6.34,6.34,6.34,1,1,0,0,,,1,1,813,84,0,0
00-0036219,Marquez Callaway,WR,TB,,6.2,6.2,6.2,1,5,1,0,9,-4.27,1,2,814,255,0,0
00-0031123,Darrin Reaves,RB,KC,,6.2,6.2,6.2,1,2,0,0,,,1,1,814,259,0,0
00-0035350,Preston Williams,WR,FA,,6.1,6.1,6.1,1,4,1,0,12,-6.97,0,1,816,256,0,0
00-0034808,John Kelly,RB,CLE,,5.9,5.9,5.9,1,1,0,0,,,1,0,817,260,0,0
00-0032400,Malcolm Mitchell,WR,FA,,5.9,5.9,5.9,1,6,1,0,14,-3.49,1,1,817,257,0,0
00-0029612,Daryl Richardson,RB,FA,,5.7,2.85,5.7,2,6,1,0,9,-8.56,0,0,819,261,0,0
00-0037614,John Metchie,WR,HOU,2808,5.7,5.7,5.7,1,2,0,0,,,1,0,819,258,0,0
00-0032156,Trevor Siemian,QB,TEN,686,5.68,5.68,5.68,1,1,0,0,,,1,1,821,85,0,0
00-0038951,Sean Tucker,RB,TB,3150,5.6,5.6,5.6,1,5,0,0,,,3,3,822,262,0,0
00-0027135,Brandon Myers,TE,FA,,5.5,5.5,5.5,1,5,1,0,12,-0.65,0,0,823,113,0,0
00-0039373,Audric Estime,RB,DEN,3541,5.5,5.5,5.5,1,2,0,0,,,1,1,823,263,0,1
00-0035594,Travis Homer,RB,CHI,1543,5.4,5.4,5.4,1,1,0,0,,,1,0,825,264,0,0
00-0032902,Kenneth Farrow,RB,FA,,5.3,5.3,5.3,1,2,0,0,,,1,0,826,265,1,1
00-0032128,Chris Conley,WR,SF,,5.2,5.2,5.2,1,2,0,0,,,2,2,827,259,0,0
00-0038611,Chris Rodriguez,RB,WAS,3158,5.2,5.2,5.2,1,4,0,0,,,1,0,827,266,0,0
00-0035603,Kendall Blanton,TE,FA,,4.9,4.9,4.9,1,1,0,0,,,1,0,829,114,0,0
00-0033567,Brian Hill,RB,FA,,4.8,4.8,4.8,1,3,0,0,,,2,2,830,267,0,0
00-0022178,Willis McGahee,RB,FA,,4.8,4.8,4.8,1,7,0,0,,,0,0,830,267,0,0
00-0037742,Treylon Burks,WR,TEN,2801,4.7,4.7,4.7,1,12,2,0,9.5,-11.44,3,5,832,260,0,0
00-0032256,Clive Walford,TE,FA,,4.7,4.7,4.7,1,1,1,0,14,-1.85,1,2,832,115,0,0
00-0030113,Charles Johnson,WR,PHI,,4.7,4.7,4.7,1,3,1,0,6,-17.13,1,2,832,260,0,0
00-0022922,Kellen Winslow,TE,FA,,4.6,4.6,4.6,1,3,0,0,,,0,0,835,116,0,0
00-0033949,Joshua Dobbs,QB,NE,946,4.5,4.5,4.5,1,2,0,0,,,1,1,836,86,0,0
00-0033387,Jacob Hollister,TE,FA,,4.2,4.2,4.2,1,5,0,0,,,1,0,837,117,0,0
00-0023921,Miles Austin,WR,FA,,4.2,2.1,4.2,2,6,2,0,10.5,-8.41,0,1,837,262,0,0
00-0026163,Rashard Mendenhall,RB,FA,,4.1,4.1,4.1,1,13,1,0,6,-1.86,0,0,839,269,0,0
00-0027140,Chris Ogbonnaya,RB,FA,,4.1,4.1,4.1,1,2,0,0,,,0,0,839,269,0,0
00-0035208,Olamide Zaccheaus,WR,CHI,1839,4,4,4,1,2,0,0,,,2,2,841,263,0,0
00-0033911,Taywan Taylor,WR,FA,,4,4,4,1,4,0,0,,,1,1,841,263,0,0
00-0032112,J.J. Nelson,WR,FA,,3.9,1.95,2.9,2,7,0,0,,,3,2,843,265,0,0
00-0031558,Maxx Williams,TE,FA,,3.7,3.7,3.7,1,1,0,0,,,1,1,844,118,0,1
00-0035639,Parris Campbell,WR,PHI,1568,3.6,1.8,3.6,2,10,2,0,12.5,-9.86,4,6,845,266,0,1
00-0032725,Stephen Anderson,TE,FA,,3.6,3.6,3.6,1,2,0,0,,,1,0,845,119,0,0
00-0032975,Jonathan Williams,RB,FA,,3.5,3.5,3.5,1,2,0,0,,,1,1,847,271,0,0
00-0035973,Patrick Taylor,RB,SF,1922,3.5,3.5,3.5,1,2,0,0,,,2,2,847,271,0,0
00-0036829,Caleb Huntley,RB,FA,,3.4,3.4,3.4,1,1,0,0,,,1,1,849,273,0,0
00-0034366,Keke Coutee,WR,FA,,3.4,3.4,3.4,1,9,1,0,14,-5.58,4,4,849,267,0,0
00-0039890,Adonai Mitchell,WR,IND,3572,3.4,3.4,3.4,1,2,1,0,10,-11.25,1,2,849,267,0,0
00-0035806,JaMycal Hasty,RB,NE,,3.3,3.3,3.3,1,4,0,0,,,3,3,852,274,0,0
00-0027753,Andrew Quarless,TE,GB,,3.3,3.3,3.3,1,3,0,0,,,0,0,852,120,0,0
00-0037617,Hassan Haskins,RB,LAC,2769,3.3,3.3,3.3,1,1,0,0,,,1,1,852,274,0,0
00-0038555,Tank Bigsby,RB,JAX,3148,3.2,1.6,2.4,2,20,2,0,11,-9.73,3,4,855,276,0,0
00-0026237,Andre Caldwell,WR,FA,,3.2,3.2,3.2,1,2,0,0,,,0,0,855,269,1,1
00-0033466,Isaiah McKenzie,WR,FA,,2.9,2.9,2.9,1,7,1,0,15,-0.39,1,1,857,270,0,0
00-0028053,Kendall Hunter,RB,FA,,2.9,2.9,2.9,1,3,0,0,,,0,0,857,277,0,0
00-0032659,Roger Lewis,WR,FA,,2.5,2.5,2.5,1,2,0,0,,,1,1,859,271,0,0
00-0034860,Dante Pettis,WR,CHI,1240,2.1,2.1,2.1,1,11,2,0,11,-8.64,1,2,860,272,0,0
00-0038567,Chad Ryland,K,NE,3287,2,2,2,1,1,0,0,,,1,1,861,74,0,0
00-0031782,Eli Rogers,WR,FA,,1.9,1.9,1.9,1,1,0,0,,,1,1,862,273,0,0
00-0036277,Quintez Cephus,WR,LAR,,1.8,1.8,1.8,1,1,0,0,,,1,1,863,274,0,0
00-0027675,Ed Dickson,TE,FA,,1.8,1.8,1.8,1,3,0,0,,,3,3,863,121,0,0
00-0034766,Chris Herndon,TE,FA,,1.7,1.7,1.7,1,6,1,0,15,-0.18,4,5,865,122,0,0
00-0032135,Jesse James,TE,FA,,1.7,1.7,1.7,1,7,0,0,,,5,5,865,122,0,0
00-0025425,Zach Miller,TE,FA,,1.7,1.7,1.7,1,6,0,0,,,0,0,865,122,0,1
espn-4882093,Bhayshul Tuten,RB,JAX,3924,1.7,1.7,1.7,1,10,1,0,12,-4.86,2,3,865,278,0,1
00-0032636,Don Jackson,RB,FA,,1.6,0.8,1,2,2,0,0,,,1,1,869,279,0,0
00-0034750,Rashaad Penny,RB,CAR,,1.5,0.75,1.5,2,31,5,0,11.2,-7.52,9,13,870,280,0,0
00-0037837,Calvin Austin III,WR,PIT,2826,1.4,1.4,1.4,1,1,0,0,,,1,1,871,275,0,0
00-0032543,Alex Erickson,WR,FA,,1.3,1.3,1.3,1,2,0,0,,,1,1,872,276,0,0
00-0028091,Jeremy Kerley,WR,FA,,1.3,1.3,1.3,1,11,0,0,,,3,3,872,276,0,0
00-0031066,Lorenzo Taliaferro,RB,FA,,1,1,1,1,3,0,0,,,4,4,874,281,0,0
espn-4596602,Brashard Smith,RB,KC,3921,0.8,0.8,0.8,1,2,0,0,,,1,1,875,282,0,0
00-0039875,Ray Davis,RB,BUF,3549,0.6,0.6,0.6,1,8,1,0,10,-9.78,4,4,876,283,0,0
00-0038090,Skyy Moore,WR,KC,2815,0.4,0.4,0.4,1,5,2,0,10,-11.23,1,3,877,278,0,0
00-0030465,Kenjon Barner,RB,FA,,0.4,0.4,0.4,1,1,0,0,,,1,1,877,284,0,0
00-0039066,Michael Mayer,TE,LV,3196,0,0,0,0,2,0,0,,,2,2,,,0,0
00-0037809,Chigoziem Okonkwo,TE,TEN,2937,0,0,0,0,4,0,0,,,4,3,,,0,0
00-0035860,Tony Jones,RB,FA,,0,0,0,0,5,0,0,,,6,6,,,0,0
00-0037557,Ronnie Rivers,RB,LAR,2775,0,0,0,0,2,0,0,,,1,1,,,0,0
00-0037299,Keaontay Ingram,RB,KC,2783,0,0,0,0,3,0,0,,,3,3,,,0,0
00-0035099,Khari Blasingame,RB,FA,,0,0,0,0,1,0,0,,,1,1,,,0,0
00-0035567,Craig Reynolds,RB,DET,1872,0,0,0,0,3,0,0,,,2,2,,,0,0
00-0033891,Zay Jones,WR,ARI,986,0,0,0,0,7,2,0,12.5,-7.04,2,3,,,0,0
00-0038938,Jalin Hyatt,WR,NYG,3167,0,0,0,0,1,1,0,11,-10.25,0,1,,,0,0
00-0039136,Zach Evans,RB,LAR,,0,0,0,0,1,0,0,,,1,1,,,0,0
00-0033536,Mike Williams,WR,NYJ,970,0,0,0,35,69,0,0,,,0,0,879,279,0,0
00-0038976,Marvin Mims,WR,DEN,3173,0,0,0,0,2,1,0,13,-4.36,1,2,,,0,0
00-0038622,Deuce Vaughn,RB,DAL,3160,0,0,0,0,1,1,0,13,-8.36,0,1,,,0,0
00-0034419,Braxton Berrios,WR,HOU,1244,0,0,0,0,2,0,0,,,1,1,,,0,0
00-0036412,KJ Hamler,WR,BUF,,0,0,0,0,2,0,0,,,2,2,,,0,0
00-0032436,Jeff Driskel,QB,FA,727,0,0,0,0,1,0,0,,,1,1,,,0,0
00-0036423,Albert Okwuegbunam,TE,PHI,1978,0,0,0,0,3,1,0,13,-5.68,1,2,,,0,0
00-0036232,Harrison Bryant,TE,FA,1980,0,0,0,1,1,0,0,,,1,1,879,125,0,0
00-0034253,Dontrell Hilliard,RB,FA,,0,0,0,0,5,0,0,,,2,2,,,0,0
00-0038115,Daniel Bellinger,TE,NYG,2921,0,0,0,0,1,0,0,,,1,1,,,0,0
00-0031763,DeAndre Carter,WR,CLE,689,0,0,0,0,2,0,0,,,1,0,,,0,0
00-0036741,Jack Stoll,TE,FA,2638,0,0,0,0,1,0,0,,,1,1,,,0,0
00-0036365,Bryan Edwards,WR,FA,,0,0,0,0,7,1,0,12,-6.25,2,3,,,0,0
00-0036096,J.J. Taylor,RB,HOU,,0,0,0,0,2,0,0,,,2,2,,,0,0
00-0034614,Godwin Igwebuike,RB,FA,,0,0,0,0,1,0,0,,,1,1,,,0,0
00-0036670,Jermar Jefferson,RB,DET,2347,0,0,0,0,1,0,0,,,2,2,,,0,0
00-0036862,Ben Skowronek,WR,PIT,2576,0,0,0,0,1,0,0,,,1,1,,,0,0
00-0036427,Tyler Johnson,WR,LAR,1969,0,0,0,0,1,0,0,,,1,1,,,0,0
00-0036650,Larry Rountree,RB,FA,,0,0,0,0,2,0,0,,,1,1,,,0,0
00-0035715,Derrick Gore,RB,FA,,0,0,0,0,1,0,0,,,1,1,,,0,0
00-0034353,Anthony Miller,WR,BAL,,0,0,0,0,8,3,0,12.7,-3.47,2,3,,,0,0
00-0036020,Salvon Ahmed,RB,IND,1916,0,0,0,0,1,0,0,,,2,2,,,0,0
00-0035217,Benny Snell,RB,FA,,0,0,0,0,4,0,0,,,5,3,,,0,0
00-0036387,Jalen Reagor,WR,NE,1944,0,0,0,0,8,2,0,13,-5.31,2,4,,,0,0
00-0036269,Lamical Perine,RB,PIT,,0,0,0,0,7,0,0,,,2,1,,,0,0
00-0033658,Blake Jarwin,TE,FA,,0,0,0,0,1,1,0,13,-6.93,0,1,,,0,0
00-0032977,Rashard Higgins,WR,FA,,0,0,0,0,3,0,0,,,2,2,,,0,0
00-0034400,Jordan Wilkins,RB,FA,,0,0,0,0,10,1,0,10,-7.93,3,3,,,0,0
00-0035624,N'Keal Harry,WR,MIN,,0,0,0,0,6,1,0,11,-8.95,0,1,,,0,0
00-0035527,Andy Isabella,WR,BUF,,0,0,0,0,2,0,0,,,1,1,,,0,0
00-0033455,Anthony Firkser,TE,KC,1463,0,0,0,1,4,0,0,,,3,2,879,125,0,0
00-0035631,Drew Sample,TE,CIN,1599,0,0,0,0,1,0,0,,,1,1,,,0,0
00-0034386,Justin Watson,WR,HOU,1366,0,0,0,0,3,0,0,,,3,2,,,0,0
00-0033217,Mo Alie-Cox,TE,IND,1038,0,0,0,0,1,0,0,,,1,1,,,0,0
00-0033164,Troymaine Pope,RB,FA,,0,0,0,0,1,0,0,,,1,1,,,0,0
00-0036364,Lynn Bowden,WR,NO,,0,0,0,0,2,0,0,,,1,0,,,0,0
00-0035148,Darwin Thompson,RB,FA,,0,0,0,0,3,1,0,13,-6.05,0,1,,,0,0
00-0034297,Byron Pringle,WR,FA,,0,0,0,0,1,0,0,,,1,1,,,0,0
00-0030089,Luke Willson,TE,FA,,0,0,0,0,1,0,0,,,2,2,,,0,0
00-0033838,Trey Edmunds,RB,FA,,0,0,0,0,2,0,0,,,2,2,,,0,0
00-0032054,Breshad Perriman,WR,FA,,0,0,0,0,2,1,0,15,-1.04,2,2,,,1,0
00-0034457,Josh Adams,RB,FA,,0,0,0,0,5,0,0,,,1,0,,,0,0
00-0034772,Antonio Callaway,WR,FA,,0,0,0,0,5,0,0,,,2,2,,,0,0
00-0031744,Matt LaCosse,TE,FA,,0,0,0,1,1,0,0,,,1,0,879,125,0,0
00-0030669,Albert Wilson,WR,FA,,0,0,0,0,1,1,0,15,-1.33,1,2,,,0,0
00-0034164,Trenton Cannon,RB,FA,,0,0,0,0,1,0,0,,,1,1,,,0,0
00-0031068,Ryan Grant,WR,FA,,0,0,0,0,1,0,0,,,1,1,,,0,0
00-0032362,Maurice Harris,WR,FA,,0,0,0,0,4,0,0,,,2,1,,,0,0
00-0032417,Paul Perkins,RB,FA,,0,0,0,0,6,1,0,6,-13.31,0,1,,,0,0
00-0031545,Kevin White,WR,FA,,0,0,0,0,5,2,0,9.5,-12.78,0,2,,,0,0
00-0031900,Rod Smith,RB,FA,,0,0,0,0,5,0,0,,,2,1,,,0,0
00-0033295,Elijah McGuire,RB,FA,,0,0,0,0,3,0,0,,,2,2,,,0,0
00-0032218,Dorial Green-Beckham,WR,FA,,0,0,0,0,11,1,0,12,-6.95,3,4,,,0,0
00-0027651,Dexter McCluster,RB,FA,,0,0,0,0,1,0,0,,,2,2,,,0,0
00-0032450,Dwayne Washington,RB,FA,,0,0,0,0,2,0,0,,,1,1,,,0,0
00-0030047,Marquess Wilson,WR,FA,,0,0,0,1,1,0,0,,,1,0,879,279,0,0
00-0032166,Sammie Coates,WR,FA,,0,0,0,0,8,1,0,14,-3.59,1,2,,,0,0
00-0030216,Josh Hill,TE,FA,,0,0,0,0,3,1,0,15,-0.83,0,1,,,0,0
00-0029273,Robert Turbin,RB,FA,,0,0,0,0,1,0,0,,,1,1,,,0,0
00-0030992,Crockett Gillmore,TE,FA,,0,0,0,0,4,0,0,,,2,2,,,0,0
00-0031288,A.J. McCarron,QB,FA,,0,0,0,0,2,0,0,,,1,0,,,0,0
00-0030801,Brandon Coleman,WR,FA,,0,0,0,0,3,1,0,14,-5.08,0,1,,,0,0
00-0030039,Kendall Gaskins,RB,SF,,0,0,0,0,1,0,0,,,1,1,,,0,0
00-0029415,Keshawn Martin,WR,FA,,0,0,0,0,2,0,0,,,2,2,,,0,0
00-0032133,David Cobb,RB,FA,,0,0,0,0,3,1,0,12,-8.17,2,3,,,0,0
00-0029004,Lance Dunbar,RB,FA,,0,0,0,0,1,0,0,,,1,1,,,0,0
00-0029104,Jonas Gray,RB,FA,,0,0,0,0,6,0,0,,,2,1,,,0,0
00-0027786,Jonathan Dwyer,RB,FA,,0,0,0,0,3,0,0,,,1,1,,,0,0
00-0031344,Cody Latimer,WR,FA,,0,0,0,0,1,0,0,,,1,1,,,0,0
00-0027003,Donald Brown,RB,FA,,0,0,0,0,5,1,0,14,-3.06,1,2,,,0,0
00-0029588,Dan Herron,RB,FA,,0,0,0,0,5,0,0,,,1,0,,,0,0
00-0022811,Jerricho Cotchery,WR,FA,,0,0,0,0,2,1,0,12,-4.86,0,1,,,0,0
00-0031409,Johnny Manziel,QB,FA,,0,0,0,0,4,1,0,15,-8.98,0,1,,,0,0
00-0030705,Juwan Thompson,RB,FA,,0,0,0,0,4,0,0,,,1,1,,,0,0
00-0030095,Corey Fuller,WR,DET,,0,0,0,0,2,0,0,,,1,1,,,0,0
00-0028043,Roy Helu,RB,FA,,0,0,0,0,12,1,0,14,-2.3,1,1,,,0,0
00-0024267,Greg Jennings,WR,FA,,0,0,0,0,18,2,0,11.5,-1.57,1,2,,,0,0
00-0025860,BenJarvus Green-Ellis,RB,FA*,,0,0,0,0,9,1,0,11,-2.89,0,0,,,0,0
00-0026566,Isaac Redman,RB,FA,,0,0,0,0,1,1,0,8,-12.54,0,0,,,0,0
00-0026993,Josh Freeman,QB,FA,,0,0,0,0,3,1,0,14,-9.02,0,0,,,0,0
00-0026178,John Carlson,TE,FA,,0,0,0,0,4,0,0,,,0,0,,,0,0
00-0025431,Sidney Rice,WR,FA,,0,0,0,0,8,1,0,9,-11.14,0,0,,,0,0
00-0026983,Darrius Heyward-Bey,WR,FA,,0,0,0,0,8,1,0,14,-5.73,0,0,,,0,0
00-0030400,Marlon Brown,WR,FA,,0,0,0,0,2,0,0,,,0,0,,,0,0
00-0029260,LaMichael James,RB,FA,,0,0,0,0,4,1,0,11,-10.81,0,0,,,0,0
00-0029209,Ryan Broyles,WR,FA,,0,0,0,0,7,1,0,12,-10.56,0,0,,,0,0
00-0029614,Chris Givens,WR,FA,,0,0,0,0,7,1,0,10,-7.72,0,0,,,0,0
00-0023545,Brandon Jacobs,RB,FA,,0,0,0,0,10,0,0,,,0,0,,,0,0
00-0025487,Michael Bush,RB,FA,,0,0,0,0,1,0,0,,,0,0,,,0,0
00-0025439,Brian Leonard,RB,FA,,0,0,0,0,2,0,0,,,0,0,,,0,0
00-0029778,Darius Johnson,WR,ATL,,0,0,0,0,1,0,0,,,0,0,,,0,0
00-0026235,Mario Manningham,WR,FA,,0,0,0,0,4,0,0,,,0,0,,,0,0
00-0029883,Joseph Fauria,TE,DET,,0,0,0,1,8,0,0,,,0,0,879,125,0,0
00-0022165,Dallas Clark,TE,FA,,0,0,0,0,2,1,0,15,-1.37,0,0,,,0,0
00-0029999,Zach Sudfeld,TE,FA,,0,0,0,1,3,1,0,10,-9.39,0,0,879,125,0,0
00-0029547,Vick Ballard,RB,FA,,0,0,0,0,1,1,0,11,-10.63,0,0,,,0,0
00-0026937,Brandon Gibson,WR,NE,,0,0,0,0,1,0,0,,,0,0,,,0,0
00-0026188,Fred Davis,TE,FA,,0,0,0,0,2,1,0,15,-3.55,0,0,,,0,0
00-0030236,Dennis Johnson,RB,HOU,,0,0,0,0,4,0,0,,,0,0,,,0,0
00-0026996,Brandon Pettigrew,TE,FA,,0,0,0,0,8,1,0,14,-1.64,0,0,,,0,0
00-0027950,Christian Ponder,QB,FA,,0,0,0,0,1,1,0,16,-0.25,0,0,,,0,0
00-0030520,Mike Glennon,QB,FA,,0,0,0,0,3,0,0,,,0,0,,,0,0
00-0037120,Tyler Goodson,RB,IND,2779,0,0,0,0,1,0,0,,,3,3,,,0,0
00-0039738,Blake Corum,RB,LAR,3539,0,0,0,0,16,1,0,10,-12.26,2,2,,,0,0
00-0039874,Jaylen Wright,RB,MIA,3556,0,0,0,0,3,1,0,12,-9.28,1,2,,,0,0
00-0039344,Jonathon Brooks,RB,CAR,3543,0,0,0,0,14,1,0,8,-16.32,0,0,,,0,0
00-0036637,Noah Gray,TE,KC,2422,0,0,0,0,1,0,0,,,2,2,,,0,0
00-0036182,Nick Westbrook-Ikhine,WR,MIA,,0,0,0,0,2,0,0,,,1,1,,,0,0
00-0039751,Jordan Whittington,WR,LAR,3579,0,0,0,0,2,0,0,,,2,2,,,0,0
00-0039325,Carson Steele,RB,KC,3558,0,0,0,0,4,0,0,,,2,2,,,0,0
00-0039814,Erick All,TE,CIN,3591,0,0,0,0,1,0,0,,,1,1,,,0,0
00-0037594,Julius Chestnut,RB,TEN,3013,0,0,0,0,1,0,0,,,1,1,,,0,0
espn-4819231,Kaleb Johnson,RB,PIT,3920,0,0,0,0,3,1,0,6,-16.43,0,1,,,0,0
espn-4685279,Jaydon Blue,RB,DAL,3941,0,0,0,0,2,1,0,12,-8.38,0,1,,,0,0
espn-4711533,Ollie Gordon,RB,MIA,3931,0,0,0,0,9,1,0,8,-15.47,1,2,,,0,0
espn-4597703,Tory Horton,WR,SEA,3970,0,0,0,0,1,0,0,,,1,1,,,0,0
00-0039355,Luke McCaffrey,WR,WAS,3581,0,0,0,1,1,0,0,,,1,1,879,279,0,0
espn-4608810,Tez Johnson,WR,TB,3951,0,0,0,0,3,0,0,,,2,2,,,0,0
espn-4682652,Devin Neal,RB,NO,3918,0,0,0,0,2,0,0,,,2,2,,,0,0
00-0029626,Isaiah Pead,RB,FA,,0,0,0,0,0,1,0,16,-3.05,0,0,,,0,0
00-0035256,Bryce Love,RB,FA,,0,0,0,0,0,1,0,11,-11.73,0,1,,,0,0
00-0036501,Michael Carter,DB,NYJ,,0,0,0,0,0,2,0,9.5,,0,0,,,0,0
00-0039907,Ja'Lynn Polk,WR,NE,3577,0,0,0,0,0,1,0,13,-7.1,0,1,,,0,0
espn-4613202,Kyle Williams,WR,NE,4006,0,0,0,0,0,1,0,12,-7.5,0,1,,,0,0
00-0038598,Jaren Hall,QB,MIN,,-0.92,-0.92,-0.92,1,1,0,0,,,1,0,887,87,0,0