season,matchup_id,matchup_guid,matchup_key,week,week_multi,week_start,week_end,team_id,member_id,member_name,points,points_ppr,projected_points,optimal_points,points_rank,optimal_points_rank,points_share,coach_score,coach_rank,luck,roto_points,opponent_team_id,opponent_member_id,opponent_member_name,opponent_points,opponent_projected_points,opponent_points_rank,opponent_points_share,opponent_luck,is_playoff,is_consolation,is_championship,is_game_of_week,is_rivalry,result,status,score
2013,4045172,e70c206e46237e6447093511e22a0524,,14,,2013-12-03,2013-12-09,186678,108584,Nolan & Vinny,90.52,85.52,98.03,109.82,7,6,9.48,77.87,7,-30.333333333333,,186675,108581,Richie,115.56,131.73,4,12.1,24.266666666667,0,1,0,0,0,loss,completed,0
2013,4045094,c774fc0a4d8a4ff3f89b333c5fd39efd,,14,,2013-12-03,2013-12-09,186673,54850,LFTLR,147.22,138.22,122.88,148.02,3,3,15.41,93.38,2,13.65,,186670,108590,Rob & GregBo,73.6,102.02,8,7.71,-18.2,1,0,0,0,0,win,completed,1
2013,4045049,c774fc0a4d8a4ff3f89b333c5fd39efd,,14,,2013-12-03,2013-12-09,186670,108590,Rob & GregBo,73.6,71.6,102.02,90.26,8,8,7.71,79.33,6,-18.2,,186673,54850,LFTLR,147.22,122.88,3,15.41,13.65,1,0,0,0,0,loss,completed,1
2013,4045125,e70c206e46237e6447093511e22a0524,,14,,2013-12-03,2013-12-09,186675,108581,Richie,115.56,102.1,131.73,142.56,4,4,12.1,79.66,5,24.266666666667,,186678,108584,Nolan & Vinny,90.52,98.03,7,9.48,-30.333333333333,0,1,0,0,0,win,completed,0
2013,4045157,4e13bc076c78f81fe1cfc73ed354c1c4,,14,,2013-12-03,2013-12-09,186677,54774,Cambrias,111.5,86.7,128.83,105.84,5,7,11.67,88.34,3,-37.1,,186667,54773,Ronnie,162.68,131.8,1,17.03,5.3,1,0,0,0,0,loss,completed,2
2013,4045110,67fe06ad17e9058be3df4b68c611ec11,,14,,2013-12-03,2013-12-09,186674,54762,Antdell & Ernie,102.46,90.06,104.7,115.76,6,5,10.73,77.8,8,-31.8,,186676,54846,Team JoeBa,151.66,118.48,2,15.88,10.6,0,1,0,0,0,loss,completed,0
2013,4045141,67fe06ad17e9058be3df4b68c611ec11,,14,,2013-12-03,2013-12-09,186676,54846,Team JoeBa,151.66,143.66,118.48,167.2,2,1,15.88,85.92,4,10.6,,186674,54762,Antdell & Ernie,102.46,104.7,6,10.73,-31.8,0,1,0,0,0,win,completed,0
2013,4045003,4e13bc076c78f81fe1cfc73ed354c1c4,,14,,2013-12-03,2013-12-09,186667,54773,Ronnie,162.68,154.68,131.8,154.68,1,2,17.03,100,1,5.3,,186677,54774,Cambrias,111.5,128.83,5,11.67,-37.1,1,0,0,0,0,win,completed,2
2013,4045034,649095244ffe3a6a149adf052bc07f1f,,15,,2013-12-10,2013-12-16,186669,108587,Pung & Tralie,103.3,98.3,126.21,129.8,11,9,6.75,75.73,12,-7.5833333333333,,186675,108581,Richie,106.1,123.38,10,6.93,75.833333333333,0,1,0,0,0,loss,completed,2
2013,4045019,10c9782fbd0e58c1d7686ae19b262623,,15,,2013-12-10,2013-12-16,186668,108588,Frank & Julian,128.34,103.54,120.16,154.34,7,5,8.39,81.21,9,-26.5,,186676,54846,Team JoeBa,150.02,125.18,3,9.8,15.9,0,1,0,0,0,loss,completed,0
2013,4045004,e09785cd3a3dfa8b31554f2146250300,,15,,2013-12-10,2013-12-16,186667,54773,Ronnie,153.26,148.26,138.14,166.76,2,3,10.01,88.91,4,10.6,,186671,54855,GaTTa,133.72,121.99,6,8.74,-31.8,1,0,0,0,0,win,completed,1
2013,4045095,2176b376f2998dcc31c652501936536b,,15,,2013-12-10,2013-12-16,186673,54850,LFTLR,147.92,141.92,122.51,150.72,4,7,9.66,94.16,1,9.0666666666667,,186672,108592,Chris & Dom,82.7,118.67,12,5.4,0,1,0,0,0,0,win,completed,1
2013,4045079,2176b376f2998dcc31c652501936536b,,15,,2013-12-10,2013-12-16,186672,108592,Chris & Dom,82.7,45.3,118.67,105.6,12,12,5.4,76.42,11,0,,186673,54850,LFTLR,147.92,122.51,4,9.66,9.0666666666667,1,0,0,0,0,loss,completed,1
2013,4045064,e09785cd3a3dfa8b31554f2146250300,,15,,2013-12-10,2013-12-16,186671,54855,GaTTa,133.72,123.72,121.99,151.42,6,6,8.74,81.71,7,-31.8,,186667,54773,Ronnie,153.26,138.14,2,10.01,10.6,1,0,0,0,0,loss,completed,1
2013,4045050,568d7c3520646621359102c719f37241,,15,,2013-12-10,2013-12-16,186670,108590,Rob & GregBo,136.32,117.02,106.67,165.72,5,4,8.91,78.64,10,26.5,,186677,54774,Cambrias,109.2,128.54,9,7.14,-15.9,1,0,0,0,0,win,completed,1
2013,4045173,fe3b31421b36e5ef0c160cfc7febe13f,,15,,2013-12-10,2013-12-16,186678,108584,Nolan & Vinny,165.76,160.76,99.68,171.38,1,2,10.83,93.8,2,3.0333333333333,,186674,54762,Antdell & Ernie,113.84,105.4,8,7.44,-12.133333333333,0,1,0,0,0,win,completed,0
2013,4045126,649095244ffe3a6a149adf052bc07f1f,,15,,2013-12-10,2013-12-16,186675,108581,Richie,106.1,100.1,123.38,117.3,10,10,6.93,85.34,5,75.833333333333,,186669,108587,Pung & Tralie,103.3,126.21,11,6.75,-7.5833333333333,0,1,0,0,0,win,completed,2
2013,4045142,10c9782fbd0e58c1d7686ae19b262623,,15,,2013-12-10,2013-12-16,186676,54846,Team JoeBa,150.02,140.02,125.18,172.28,3,1,9.8,81.27,8,15.9,,186668,108588,Frank & Julian,128.34,120.16,7,8.39,-26.5,0,1,0,0,0,win,completed,0
2013,4045158,568d7c3520646621359102c719f37241,,15,,2013-12-10,2013-12-16,186677,54774,Cambrias,109.2,104.2,128.54,112.8,9,11,7.14,92.38,3,-15.9,,186670,108590,Rob & GregBo,136.32,106.67,5,8.91,26.5,1,0,0,0,0,loss,completed,1
2013,4045111,fe3b31421b36e5ef0c160cfc7febe13f,,15,,2013-12-10,2013-12-16,186674,54762,Antdell & Ernie,113.84,86.74,105.4,136.04,8,8,7.44,82.21,6,-12.133333333333,,186678,108584,Nolan & Vinny,165.76,99.68,1,10.83,3.0333333333333,0,1,0,0,0,loss,completed,0
2013,4045143,552bbcc815dca60f068afcfe6f591aa7,,16,,2013-12-17,2013-12-23,186676,54846,Team JoeBa,113.44,73.74,124.86,115.24,5,6,12.84,93.23,2,-53.083333333333,,186675,108581,Richie,118.8,123.91,4,13.45,30.333333333333,0,1,0,0,0,loss,completed,2
2013,4045127,552bbcc815dca60f068afcfe6f591aa7,,16,,2013-12-17,2013-12-23,186675,108581,Richie,118.8,117.8,123.91,120,4,4,13.45,98.17,1,30.333333333333,,186676,54846,Team JoeBa,113.44,124.86,5,12.84,-53.083333333333,0,1,0,0,0,win,completed,2
2013,4045035,22144052d7c79b026d93368235748041,,16,,2013-12-17,2013-12-23,186669,108587,Pung & Tralie,148.22,145.22,123.22,168.82,1,1,16.78,86.02,5,3.0333333333333,,186668,108588,Frank & Julian,78.52,123,8,8.89,-12.133333333333,0,1,0,0,0,win,completed,0
2013,4045020,22144052d7c79b026d93368235748041,,16,,2013-12-17,2013-12-23,186668,108588,Frank & Julian,78.52,76.52,123,116.92,8,5,8.89,65.45,8,-12.133333333333,,186669,108587,Pung & Tralie,148.22,123.22,1,16.78,3.0333333333333,0,1,0,0,0,loss,completed,0
2013,4045005,487539b916bc173faf080e676dae196e,,16,,2013-12-17,2013-12-23,186667,54773,Ronnie,129.5,121.5,117.23,131.3,2,2,14.66,92.54,4,9.1,,186673,54850,LFTLR,80.24,119.64,7,9.09,-22.75,1,0,1,0,0,win,completed,2
2013,4045080,a6adde5d6a4e334cb08b86bfde8fc00a,,16,,2013-12-17,2013-12-23,186672,108592,Chris & Dom,89.98,73.68,120.02,109.78,6,7,10.19,82.87,7,-36.4,,186671,54855,GaTTa,124.5,121.02,3,14.1,18.2,1,0,0,0,0,loss,completed,1
2013,4045096,487539b916bc173faf080e676dae196e,,16,,2013-12-17,2013-12-23,186673,54850,LFTLR,80.24,76.24,119.64,90.24,7,8,9.09,84.49,6,-22.75,,186667,54773,Ronnie,129.5,117.23,2,14.66,9.1,1,0,1,0,0,loss,completed,2
2013,4045065,a6adde5d6a4e334cb08b86bfde8fc00a,,16,,2013-12-17,2013-12-23,186671,54855,GaTTa,124.5,120.5,121.02,129.78,3,3,14.1,92.85,3,18.2,,186672,108592,Chris & Dom,89.98,120.02,6,10.19,-36.4,1,0,0,0,0,win,completed,1
2014,4044988,f12a117539dce180c9fa46a7f39aca82,,14,,2014-12-02,2014-12-08,186666,54850,LFTLR,91.6,82.6,85.84,93.5,8,8,8.92,88.34,3,-12.133333333333,,186665,54762,Antdell & Ernie,154.88,121.25,1,15.09,3.0333333333333,0,1,0,0,0,loss,completed,0
2014,4044895,a869f8d764886dfb7832d5806b996da5,,14,,2014-12-02,2014-12-08,186660,54774,Cambrias,153.52,148.52,136.94,192.94,3,1,14.96,76.98,7,18.2,,186659,108592,Chris & Dom,113.78,132.82,6,11.08,-36.4,1,0,0,0,0,win,completed,1
2014,4044911,83972e894a2d1de3e1c6b439739066b7,,14,,2014-12-02,2014-12-08,186661,54855,GaTTa,143.76,139.76,144.78,175.14,4,2,14,79.8,6,24.266666666667,,186656,108587,Pung & Tralie,100.5,138.86,7,9.79,-30.333333333333,1,0,0,0,0,win,completed,1
2014,4044880,a869f8d764886dfb7832d5806b996da5,,14,,2014-12-02,2014-12-08,186659,108592,Chris & Dom,113.78,104.78,132.82,125.68,6,6,11.08,83.37,5,-36.4,,186660,54774,Cambrias,153.52,136.94,3,14.96,18.2,1,0,0,0,0,loss,completed,1
2014,4044942,4e14beff7b2b3c04d4bfb2ce8692044f,,14,,2014-12-02,2014-12-08,186663,108588,Frank & Julian,114.5,104.4,109.68,141.2,5,5,11.15,75.42,8,-42.466666666667,,186657,54846,Team JoeBa,154,111.03,2,15,12.133333333333,0,1,0,0,0,loss,completed,1
2014,4044972,f12a117539dce180c9fa46a7f39aca82,,14,,2014-12-02,2014-12-08,186665,54762,Antdell & Ernie,154.88,104.7,121.25,152.78,1,4,15.09,91.56,2,3.0333333333333,,186666,54850,LFTLR,91.6,85.84,8,8.92,-12.133333333333,0,1,0,0,0,win,completed,0
2014,4044849,4e14beff7b2b3c04d4bfb2ce8692044f,,14,,2014-12-02,2014-12-08,186657,54846,Team JoeBa,154,140,111.03,167.6,2,3,15,83.53,4,12.133333333333,,186663,108588,Frank & Julian,114.5,109.68,5,11.15,-42.466666666667,0,1,0,0,0,win,completed,1
2014,4044834,83972e894a2d1de3e1c6b439739066b7,,14,,2014-12-02,2014-12-08,186656,108587,Pung & Tralie,100.5,94.5,138.86,102.6,7,7,9.79,92.11,1,-30.333333333333,,186661,54855,GaTTa,143.76,144.78,4,14,24.266666666667,1,0,0,0,0,loss,completed,1
2014,4044850,7716337ea471f396a15f51ad7ebcc335,,15,,2014-12-09,2014-12-15,186657,54846,Team JoeBa,72.1,68.1,119.61,82.5,11,12,5.82,82.55,7,-6.0666666666667,,186658,108590,Rob & GregBo,80.9,110.62,8,6.53,48.533333333333,0,1,0,0,0,loss,completed,1
2014,4044835,ce38e7b376ae264e8917516a71bd3ce9,,15,,2014-12-09,2014-12-15,186656,108587,Pung & Tralie,130.9,124.9,141.14,134.2,3,4,10.56,93.07,2,-68.25,,186659,108592,Chris & Dom,137.28,124.24,2,11.08,15.166666666667,1,0,0,0,0,loss,completed,3
2014,4044819,4fd7bbca7d5f35b0f58dd073fbd68a1f,,15,,2014-12-09,2014-12-15,186655,54773,Ronnie,95.42,89.62,148.44,123.2,6,6,7.7,75.02,10,-45.5,,186660,54774,Cambrias,118.72,137.93,5,9.58,37.916666666667,1,0,0,0,0,loss,completed,1
2014,4044896,4fd7bbca7d5f35b0f58dd073fbd68a1f,,15,,2014-12-09,2014-12-15,186660,54774,Cambrias,118.72,114.72,137.93,124.32,5,5,9.58,92.28,3,37.916666666667,,186655,54773,Ronnie,95.42,148.44,6,7.7,-45.5,1,0,0,0,0,win,completed,1
2014,4044912,9b495f8f618ac18e3ed43ca007bd55bd,,15,,2014-12-09,2014-12-15,186661,54855,GaTTa,163.56,115.26,152.55,159.56,1,1,13.2,100,1,0,,186664,108584,Nolan & Vinny,67.72,117.46,12,5.46,0,1,0,0,0,0,win,completed,1
2014,4044881,ce38e7b376ae264e8917516a71bd3ce9,,15,,2014-12-09,2014-12-15,186659,108592,Chris & Dom,137.28,132.28,124.24,153.88,2,2,11.08,85.96,5,15.166666666667,,186656,108587,Pung & Tralie,130.9,141.14,3,10.56,-68.25,1,0,0,0,0,win,completed,3
2014,4044865,7716337ea471f396a15f51ad7ebcc335,,15,,2014-12-09,2014-12-15,186658,108590,Rob & GregBo,80.9,80.9,110.62,96,8,11,6.53,84.27,6,48.533333333333,,186657,54846,Team JoeBa,72.1,119.61,11,5.82,-6.0666666666667,0,1,0,0,0,win,completed,1
2014,4044989,138790ec880f1f701dadb1dbb63833a1,,15,,2014-12-09,2014-12-15,186666,54850,LFTLR,85.4,77.4,98.66,101.9,7,9,6.89,75.96,9,42.466666666667,,186663,108588,Frank & Julian,80.2,92.79,10,6.47,-12.133333333333,0,1,0,0,0,win,completed,1
2014,4044943,138790ec880f1f701dadb1dbb63833a1,,15,,2014-12-09,2014-12-15,186663,108588,Frank & Julian,80.2,65.9,92.79,108.6,10,8,6.47,68.32,11,-12.133333333333,,186666,54850,LFTLR,85.4,98.66,7,6.89,42.466666666667,0,1,0,0,0,loss,completed,1
2014,4044973,8c6e9065d0363a55951a671dd6e2b1fe,,15,,2014-12-09,2014-12-15,186665,54762,Antdell & Ernie,80.58,80.58,118.53,100.58,9,10,6.5,80.12,8,-13.65,,186662,108581,Richie,126.38,149.34,4,10.2,18.2,0,1,0,0,0,loss,completed,0
2014,4044927,8c6e9065d0363a55951a671dd6e2b1fe,,15,,2014-12-09,2014-12-15,186662,108581,Richie,126.38,122.38,149.34,141.78,4,3,10.2,86.32,4,18.2,,186665,54762,Antdell & Ernie,80.58,118.53,9,6.5,-13.65,0,1,0,0,0,win,completed,0
2014,4044957,9b495f8f618ac18e3ed43ca007bd55bd,,15,,2014-12-09,2014-12-15,186664,108584,Nolan & Vinny,67.72,65.72,117.46,114.62,12,7,5.46,57.34,12,0,,186661,54855,GaTTa,163.56,152.55,1,13.2,0,1,0,0,0,0,loss,completed,1
2014,4044928,a431c6752c3785a11d01b0cd2468e166,,16,,2014-12-16,2014-12-22,186662,108581,Richie,92.36,86.8,147.66,119.66,6,6,9.89,78.86,4,-45.5,,186658,108590,Rob & GregBo,110.02,102.21,5,11.79,37.916666666667,0,1,0,0,0,loss,completed,0
2014,4044974,4a3a61c67a42718e4cb1e45ebda25482,,16,,2014-12-16,2014-12-22,186665,54762,Antdell & Ernie,131.04,123.04,120.56,167.46,4,1,14.04,73.47,6,21.2,,186657,54846,Team JoeBa,71.54,124.94,8,7.66,-21.2,0,1,0,0,0,win,completed,0
2014,4044958,96201237e11768f513d2e34a59fa643b,,16,,2014-12-16,2014-12-22,186664,108584,Nolan & Vinny,85.52,84.52,120.19,115.12,7,7,9.16,73.42,7,-26.5,,186655,54773,Ronnie,131.84,130,3,14.12,15.9,1,0,0,0,0,loss,completed,1
2014,4044851,4a3a61c67a42718e4cb1e45ebda25482,,16,,2014-12-16,2014-12-22,186657,54846,Team JoeBa,71.54,69.54,124.94,107.58,8,8,7.66,64.64,8,-21.2,,186665,54762,Antdell & Ernie,131.04,120.56,4,14.04,21.2,0,1,0,0,0,loss,completed,0
2014,4044820,96201237e11768f513d2e34a59fa643b,,16,,2014-12-16,2014-12-22,186655,54773,Ronnie,131.84,124.84,130,139.74,3,4,14.12,89.34,3,15.9,,186664,108584,Nolan & Vinny,85.52,120.19,7,9.16,-26.5,1,0,0,0,0,win,completed,1
2014,4044897,271a9b49e3f07f590cd622d6dace524e,,16,,2014-12-16,2014-12-22,186660,54774,Cambrias,153.06,137.76,132.4,155.26,2,2,16.4,91.5,2,-75.833333333333,,186661,54855,GaTTa,158.14,129.29,1,16.94,7.5833333333333,1,0,1,0,0,loss,completed,5
2014,4044913,271a9b49e3f07f590cd622d6dace524e,,16,,2014-12-16,2014-12-22,186661,54855,GaTTa,158.14,149.14,129.29,149.14,1,3,16.94,100,1,7.5833333333333,,186660,54774,Cambrias,153.06,132.4,2,16.4,-75.833333333333,1,0,1,0,0,win,completed,5
2014,4044866,a431c6752c3785a11d01b0cd2468e166,,16,,2014-12-16,2014-12-22,186658,108590,Rob & GregBo,110.02,102.02,102.21,131.52,5,5,11.79,77.57,5,37.916666666667,,186662,108581,Richie,92.36,147.66,6,9.89,-45.5,0,1,0,0,0,win,completed,0
2015,4044696,289f0948dffbcaddfb47fed2b6938f73,,14,,2015-12-08,2015-12-14,186647,54846,Team JoeBa,148.86,122.5,145.81,159.96,1,1,16.99,92.44,1,4.55,,186650,108590,Rob & GregBo,100.16,121.08,6,11.43,-27.3,1,0,0,0,0,win,completed,1
2015,4044772,0209df569894b48b2edb318e470e598b,,14,,2015-12-08,2015-12-14,186652,54855,GaTTa,111.08,69.08,104.82,117.58,4,6,12.67,84.27,4,24.266666666667,,186643,54773,Ronnie,93.32,123.46,7,10.65,-30.333333333333,0,1,0,0,0,win,completed,0
2015,4044788,397833749e07843f6c9b816d81592a89,,14,,2015-12-08,2015-12-14,186653,108584,Nolan & Vinny,100.98,97.98,109.83,127.4,5,3,11.52,76.91,6,-42.466666666667,,186654,54762,Antdell & Ernie,142.3,129.16,2,16.24,12.133333333333,0,1,0,0,0,loss,completed,1
2015,4044742,289f0948dffbcaddfb47fed2b6938f73,,14,,2015-12-08,2015-12-14,186650,108590,Rob & GregBo,100.16,92.16,121.08,121.66,6,5,11.43,75.75,7,-27.3,,186647,54846,Team JoeBa,148.86,145.81,1,16.99,4.55,1,0,0,0,0,loss,completed,1
2015,4044803,397833749e07843f6c9b816d81592a89,,14,,2015-12-08,2015-12-14,186654,54762,Antdell & Ernie,142.3,133.3,129.16,146.8,2,2,16.24,90.8,2,12.133333333333,,186653,108584,Nolan & Vinny,100.98,109.83,5,11.52,-42.466666666667,0,1,0,0,0,win,completed,1
2015,4044650,7e8d1ccf8f9a8f12e6bf4bafa002a206,,14,,2015-12-08,2015-12-14,186644,108587,Pung & Tralie,66.98,66.98,117.61,83.38,8,8,7.64,80.33,5,-18.2,,186646,108581,Richie,112.7,134.56,3,12.86,13.65,1,0,0,0,0,loss,completed,1
2015,4044635,0209df569894b48b2edb318e470e598b,,14,,2015-12-08,2015-12-14,186643,54773,Ronnie,93.32,89.32,123.46,122.92,7,4,10.65,72.67,8,-30.333333333333,,186652,54855,GaTTa,111.08,104.82,4,12.67,24.266666666667,0,1,0,0,0,loss,completed,0
2015,4044680,7e8d1ccf8f9a8f12e6bf4bafa002a206,,14,,2015-12-08,2015-12-14,186646,108581,Richie,112.7,100.7,134.56,116.3,3,7,12.86,86.59,3,13.65,,186644,108587,Pung & Tralie,66.98,117.61,8,7.64,-18.2,1,0,0,0,0,win,completed,1
2015,4044665,014f3e84213d916715eba56f086529e1,,15,,2015-12-15,2015-12-21,186645,54850,LFTLR,79.24,55.2,105.01,92.9,12,12,4.79,83.14,8,0,,186652,54855,GaTTa,125.5,97.13,8,7.59,42.4,0,1,0,0,0,loss,completed,0
2015,4044636,760601d7cfd70ccda0f1a921dbff858f,,15,,2015-12-15,2015-12-21,186643,54773,Ronnie,118.06,112.06,122.09,132.54,10,11,7.14,84.55,7,-12.133333333333,,186653,108584,Nolan & Vinny,130.9,119.97,7,7.92,42.466666666667,0,1,0,0,0,loss,completed,0
2015,4044651,1998c50eade72bff535de962b77d9c9d,,15,,2015-12-15,2015-12-21,186644,108587,Pung & Tralie,137.62,94.12,115.35,138.22,4,10,8.32,93.78,3,18.2,,186650,108590,Rob & GregBo,125.34,113.04,9,7.58,-13.65,1,0,0,0,0,win,completed,1
2015,4044681,f04f9bf232fdb7ff2466fd17be51a283,,15,,2015-12-15,2015-12-21,186646,108581,Richie,117.76,58.16,132.78,151.24,11,6,7.12,77.4,11,-1.5166666666667,,186649,54774,Cambrias,187.06,145.3,2,11.31,3.0333333333333,1,0,0,0,0,loss,completed,1
2015,4044789,760601d7cfd70ccda0f1a921dbff858f,,15,,2015-12-15,2015-12-21,186653,108584,Nolan & Vinny,130.9,121.9,119.97,157.54,7,4,7.92,77.38,12,42.466666666667,,186643,54773,Ronnie,118.06,122.09,10,7.14,-12.133333333333,0,1,0,0,0,win,completed,0
2015,4044773,014f3e84213d916715eba56f086529e1,,15,,2015-12-15,2015-12-21,186652,54855,GaTTa,125.5,115.5,97.13,143.66,8,7,7.59,80.4,10,42.4,,186645,54850,LFTLR,79.24,105.01,12,4.79,0,0,1,0,0,0,win,completed,0
2015,4044757,9066a2e8035fc454ffdfe9aa7d0fc0f6,,15,,2015-12-15,2015-12-21,186651,108588,Frank & Julian,166.1,151.1,123.79,164.1,3,3,10.05,92.08,5,20.45,,186654,54762,Antdell & Ernie,136.38,119.75,5,8.25,-47.716666666667,0,1,0,0,0,win,completed,1
2015,4044743,1998c50eade72bff535de962b77d9c9d,,15,,2015-12-15,2015-12-21,186650,108590,Rob & GregBo,125.34,125.34,113.04,152.64,9,5,7.58,82.11,9,-13.65,,186644,108587,Pung & Tralie,137.62,115.35,4,8.32,18.2,1,0,0,0,0,loss,completed,1
2015,4044727,f04f9bf232fdb7ff2466fd17be51a283,,15,,2015-12-15,2015-12-21,186649,54774,Cambrias,187.06,183.06,145.3,188.24,2,2,11.31,97.25,1,3.0333333333333,,186646,108581,Richie,117.76,132.78,11,7.12,-1.5166666666667,1,0,0,0,0,win,completed,1
2015,4044712,03ac397ada9d224cae9dcd72ec683775,,15,,2015-12-15,2015-12-21,186648,108592,Chris & Dom,198.48,187.48,141.3,199.28,1,1,12,94.08,2,4.55,,186647,54846,Team JoeBa,131.06,141.16,6,7.93,-27.3,1,0,0,0,0,win,completed,1
2015,4044697,03ac397ada9d224cae9dcd72ec683775,,15,,2015-12-15,2015-12-21,186647,54846,Team JoeBa,131.06,120.06,141.16,139.26,6,9,7.93,86.21,6,-27.3,,186648,108592,Chris & Dom,198.48,141.3,1,12,4.55,1,0,0,0,0,loss,completed,1
2015,4044804,9066a2e8035fc454ffdfe9aa7d0fc0f6,,15,,2015-12-15,2015-12-21,186654,54762,Antdell & Ernie,136.38,131.38,119.75,140.88,5,8,8.25,93.26,4,-47.716666666667,,186651,108588,Frank & Julian,166.1,123.79,3,10.05,20.45,0,1,0,0,0,loss,completed,1
2015,4044805,67fc91df4bcd58221e9ccfe580cec680,,16,,2015-12-22,2015-12-28,186654,54762,Antdell & Ernie,141.62,126.62,126.48,133.62,4,5,14.27,94.76,2,24.266666666667,,186645,54850,LFTLR,82.14,99.49,7,8.27,-30.333333333333,0,1,0,0,0,win,completed,0
2015,4044666,67fc91df4bcd58221e9ccfe580cec680,,16,,2015-12-22,2015-12-28,186645,54850,LFTLR,82.14,80.14,99.49,114.04,7,8,8.27,70.27,7,-30.333333333333,,186654,54762,Antdell & Ernie,141.62,126.48,4,14.27,24.266666666667,0,1,0,0,0,loss,completed,0
2015,4044728,258490cb92f54d9ade24d959b10e2c7e,,16,,2015-12-22,2015-12-28,186649,54774,Cambrias,146.64,127.54,145.17,150.24,3,2,14.77,92.74,4,-68.25,,186648,108592,Chris & Dom,147.14,143.32,2,14.82,15.166666666667,1,0,1,0,0,loss,completed,6
2015,4044713,258490cb92f54d9ade24d959b10e2c7e,,16,,2015-12-22,2015-12-28,186648,108592,Chris & Dom,147.14,143.14,143.32,148.14,2,3,14.82,96.62,1,15.166666666667,,186649,54774,Cambrias,146.64,145.17,3,14.77,-68.25,1,0,1,0,0,win,completed,6
2015,4044698,c8683143fa472500df29c8f671afb021,,16,,2015-12-22,2015-12-28,186647,54846,Team JoeBa,159.7,151.7,108.66,179.6,1,1,16.09,84.47,5,4.55,,186646,108581,Richie,119.4,129.61,6,12.03,-27.3,1,0,0,0,0,win,completed,1
2015,4044682,c8683143fa472500df29c8f671afb021,,16,,2015-12-22,2015-12-28,186646,108581,Richie,119.4,109.4,129.61,136.98,6,4,12.03,79.87,6,-27.3,,186647,54846,Team JoeBa,159.7,108.66,1,16.09,4.55,1,0,0,0,0,loss,completed,1
2015,4044774,b39dd8e351c4f1229312d1aecc2ba00e,,16,,2015-12-22,2015-12-28,186652,54855,GaTTa,74.26,67.46,102.42,130.36,8,6,7.48,53.9,8,-24.266666666667,,186651,108588,Frank & Julian,121.78,121.3,5,12.27,30.333333333333,0,1,0,0,0,loss,completed,0
2015,4044758,b39dd8e351c4f1229312d1aecc2ba00e,,16,,2015-12-22,2015-12-28,186651,108588,Frank & Julian,121.78,121.78,121.3,128.64,5,7,12.27,94.67,3,30.333333333333,,186652,54855,GaTTa,74.26,102.42,8,7.48,-24.266666666667,0,1,0,0,0,win,completed,0
2016,4044620,6c659d404869ddc8d81bfc6353fb086c,,14,,2016-12-06,2016-12-12,186642,54850,LFTLR,121.44,111.44,128.2,161.84,4,2,13.72,68.86,8,-48.533333333333,,186637,108587,Pung & Tralie,150.48,129.59,1,17,6.0666666666667,1,0,0,0,0,loss,completed,2
2016,4044544,6c659d404869ddc8d81bfc6353fb086c,,14,,2016-12-06,2016-12-12,186637,108587,Pung & Tralie,150.48,148.48,129.59,166.68,1,1,17,88.48,1,6.0666666666667,,186642,54850,LFTLR,121.44,128.2,4,13.72,-48.533333333333,1,0,0,0,0,win,completed,2
2016,4044498,47551b7768a7ab5e9a53dc22aba2288b,,14,,2016-12-06,2016-12-12,186634,54855,GaTTa,131.84,120.84,106.8,145.44,2,4,14.89,83.09,3,10.6,,186638,108590,Rob & GregBo,90.78,108.46,6,10.26,-31.8,0,1,0,0,0,win,completed,0
2016,4044514,b354a195b095ed57362de965176cbab8,,14,,2016-12-06,2016-12-12,186635,54774,Cambrias,73.24,65.14,113.61,84.52,8,8,8.27,78.37,4,-18.2,,186633,108588,Frank & Julian,126.84,111.65,3,14.33,13.65,0,1,0,0,0,loss,completed,0
2016,4044605,0686431b4d343bf474239e5793ce4160,,14,,2016-12-06,2016-12-12,186641,54762,Antdell & Ernie,88.8,74,140.7,111.06,7,7,10.03,77.26,6,-34.083333333333,,186631,54773,Ronnie,101.78,101.71,5,11.5,34.083333333333,1,0,0,0,0,loss,completed,1
2016,4044560,47551b7768a7ab5e9a53dc22aba2288b,,14,,2016-12-06,2016-12-12,186638,108590,Rob & GregBo,90.78,85.18,108.46,116.08,6,6,10.26,78.2,5,-31.8,,186634,54855,GaTTa,131.84,106.8,2,14.89,10.6,0,1,0,0,0,loss,completed,0
2016,4044482,b354a195b095ed57362de965176cbab8,,14,,2016-12-06,2016-12-12,186633,108588,Frank & Julian,126.84,122.84,111.65,146.04,3,3,14.33,84.11,2,13.65,,186635,54774,Cambrias,73.24,113.61,8,8.27,-18.2,0,1,0,0,0,win,completed,0
2016,4044451,0686431b4d343bf474239e5793ce4160,,14,,2016-12-06,2016-12-12,186631,54773,Ronnie,101.78,89.78,101.71,121.18,5,5,11.5,74.09,7,34.083333333333,,186641,54762,Antdell & Ernie,88.8,140.7,7,10.03,-34.083333333333,1,0,0,0,0,win,completed,1
2016,4044483,693a7c55876efc2496a0c386ff9a1a0c,,15,,2016-12-13,2016-12-19,186633,108588,Frank & Julian,107.5,96.5,117.88,103.66,5,10,8.28,93.09,2,18.916666666667,,186636,108581,Richie,72,114.51,11,5.55,-3.7833333333333,0,1,0,0,0,win,completed,0
2016,4044467,2558784b0d552783074ac1c1b65ac03f,,15,,2016-12-13,2016-12-19,186632,108584,Nolan & Vinny,101.54,91.14,118.07,114.94,7,6,7.82,83.99,4,42.466666666667,,186634,54855,GaTTa,88.98,107.94,10,6.86,-12.133333333333,0,1,0,0,0,win,completed,0
2016,4044452,9727fd0b56ac10c4ff31360f953321b6,,15,,2016-12-13,2016-12-19,186631,54773,Ronnie,158.64,152.64,125.04,166.4,2,2,12.22,91.73,3,-75.833333333333,,186639,54846,Team JoeBa,177.42,135.05,1,13.67,7.5833333333333,1,0,0,0,0,loss,completed,3
2016,4044545,52f2ece98417315abdba27a9decec620,,15,,2016-12-13,2016-12-19,186637,108587,Pung & Tralie,96.32,73.72,129.64,114.02,8,7,7.42,82.72,5,-18.2,,186640,108592,Chris & Dom,119.62,142.1,3,9.22,13.65,1,0,0,0,0,loss,completed,1
2016,4044529,693a7c55876efc2496a0c386ff9a1a0c,,15,,2016-12-13,2016-12-19,186636,108581,Richie,72,72,114.51,93.02,11,11,5.55,77.4,9,-3.7833333333333,,186633,108588,Frank & Julian,107.5,117.88,5,8.28,18.916666666667,0,1,0,0,0,loss,completed,0
2016,4044515,ac7de3dce61ecaf5584b1111a5b0f21d,,15,,2016-12-13,2016-12-19,186635,54774,Cambrias,67.74,58.44,102.5,83.46,12,12,5.22,72.78,10,0,,186638,108590,Rob & GregBo,104.96,91.26,6,8.09,22.7,0,1,0,0,0,loss,completed,0
2016,4044499,2558784b0d552783074ac1c1b65ac03f,,15,,2016-12-13,2016-12-19,186634,54855,GaTTa,88.98,86.98,107.94,108.18,10,9,6.86,80.4,7,-12.133333333333,,186632,108584,Nolan & Vinny,101.54,118.07,7,7.82,42.466666666667,0,1,0,0,0,loss,completed,0
2016,4044621,09773b44de1323bc280039e54b8e6f59,,15,,2016-12-13,2016-12-19,186642,54850,LFTLR,89.12,89.12,117.87,111.12,9,8,6.87,80.2,8,-13.65,,186641,54762,Antdell & Ernie,113.86,127.82,4,8.77,18.2,1,0,0,0,0,loss,completed,1
2016,4044606,09773b44de1323bc280039e54b8e6f59,,15,,2016-12-13,2016-12-19,186641,54762,Antdell & Ernie,113.86,104.86,127.82,128.36,4,5,8.77,81.69,6,18.2,,186642,54850,LFTLR,89.12,117.87,9,6.87,-13.65,1,0,0,0,0,win,completed,1
2016,4044590,52f2ece98417315abdba27a9decec620,,15,,2016-12-13,2016-12-19,186640,108592,Chris & Dom,119.62,115.62,142.1,164.72,3,3,9.22,70.19,11,13.65,,186637,108587,Pung & Tralie,96.32,129.64,8,7.42,-18.2,1,0,0,0,0,win,completed,1
2016,4044575,9727fd0b56ac10c4ff31360f953321b6,,15,,2016-12-13,2016-12-19,186639,54846,Team JoeBa,177.42,165.42,135.05,175.82,1,1,13.67,94.08,1,7.5833333333333,,186631,54773,Ronnie,158.64,125.04,2,12.22,-75.833333333333,1,0,0,0,0,win,completed,3
2016,4044561,ac7de3dce61ecaf5584b1111a5b0f21d,,15,,2016-12-13,2016-12-19,186638,108590,Rob & GregBo,104.96,89.96,91.26,139.06,6,4,8.09,64.69,12,22.7,,186635,54774,Cambrias,67.74,102.5,12,5.22,0,0,1,0,0,0,win,completed,0
2016,4044591,8386726dc4b220e5ba726c44b5ec4d31,,16,,2016-12-20,2016-12-26,186640,108592,Chris & Dom,120.24,120.24,134.88,133.96,3,4,12.78,89.76,3,20.45,,186639,54846,Team JoeBa,117.36,128.25,5,12.48,-47.716666666667,1,0,1,0,0,win,completed,5
2016,4044576,8386726dc4b220e5ba726c44b5ec4d31,,16,,2016-12-20,2016-12-26,186639,54846,Team JoeBa,117.36,111.36,128.25,175.94,5,1,12.48,63.29,8,-47.716666666667,,186640,108592,Chris & Dom,120.24,134.88,3,12.78,20.45,1,0,1,0,0,loss,completed,5
2016,4044484,ad3c149dc785f75a11059c4f6a0ad4f2,,16,,2016-12-20,2016-12-26,186633,108588,Frank & Julian,109.12,101.12,103.93,117.62,7,7,11.6,85.97,5,53.083333333333,,186632,108584,Nolan & Vinny,90.96,122.05,8,9.67,-30.333333333333,0,1,0,0,0,win,completed,0
2016,4044468,ad3c149dc785f75a11059c4f6a0ad4f2,,16,,2016-12-20,2016-12-26,186632,108584,Nolan & Vinny,90.96,84.96,122.05,125.66,8,6,9.67,67.61,7,-30.333333333333,,186633,108588,Frank & Julian,109.12,103.93,7,11.6,53.083333333333,0,1,0,0,0,loss,completed,0
2016,4044453,7f2552c467ca8f793513fcf4bd897abf,,16,,2016-12-20,2016-12-26,186631,54773,Ronnie,119.08,114.08,117.73,125.98,4,5,12.66,90.55,2,-48.533333333333,,186637,108587,Pung & Tralie,136.38,110.06,1,14.5,6.0666666666667,1,0,0,0,0,loss,completed,2
2016,4044546,7f2552c467ca8f793513fcf4bd897abf,,16,,2016-12-20,2016-12-26,186637,108587,Pung & Tralie,136.38,87.88,110.06,145.88,1,3,14.5,88,4,6.0666666666667,,186631,54773,Ronnie,119.08,117.73,4,12.66,-48.533333333333,1,0,0,0,0,win,completed,2
2016,4044530,14a248adf2e7e0c44615ef6948cf52ca,,16,,2016-12-20,2016-12-26,186636,108581,Richie,112.4,107.4,125.34,112,6,8,11.95,95.89,1,-31.8,,186634,54855,GaTTa,134.98,108.19,2,14.35,10.6,0,1,0,0,0,loss,completed,0
2016,4044500,14a248adf2e7e0c44615ef6948cf52ca,,16,,2016-12-20,2016-12-26,186634,54855,GaTTa,134.98,125.98,108.19,150.58,2,2,14.35,83.66,6,10.6,,186636,108581,Richie,112.4,125.34,6,11.95,-31.8,0,1,0,0,0,win,completed,0
2017,4044358,460c561db3b14f7c05c68e15031912c3,,14,,2017-12-05,2017-12-11,186625,108587,Pung & Tralie,154.38,139.38,113.34,162.58,2,2,15.48,85.73,5,10.6,,186623,108589,Phil Baldino,108.6,111.98,6,10.89,-31.8,0,1,0,0,0,win,completed,0
2017,4044328,460c561db3b14f7c05c68e15031912c3,,14,,2017-12-05,2017-12-11,186623,108589,Phil Baldino,108.6,102.6,111.98,104.8,6,7,10.89,96.95,3,-31.8,,186625,108587,Pung & Tralie,154.38,113.34,2,15.48,10.6,0,1,0,0,0,loss,completed,0
2017,4044421,5409af214c00dc3665458e013ce4fe3f,,14,,2017-12-05,2017-12-11,186629,54762,Antdell & Ernie,133.24,117.64,123.66,177.24,3,1,13.36,67.84,8,-61.35,,186619,108581,Richie,156.44,132.75,1,15.69,6.8166666666667,1,0,0,0,0,loss,completed,2
2017,4044405,61ba88ac2ce7066032757673945dee22,,14,,2017-12-05,2017-12-11,186628,108592,Chris & Dom,125.54,115.14,117.77,136.34,4,4,12.59,90.61,4,21.2,,186622,108588,Frank & Julian,102.68,113.83,8,10.3,-21.2,1,0,0,0,0,win,completed,1
2017,4044374,abc8d7e78f2462e363b646c05e7b6bc7,,14,,2017-12-05,2017-12-11,186626,108590,Rob & GregBo,108.64,104.64,116.74,125.74,5,6,10.9,83.22,6,34.083333333333,,186627,54846,Team JoeBa,107.54,111.96,7,10.79,-34.083333333333,0,1,0,0,0,win,completed,2
2017,4044390,abc8d7e78f2462e363b646c05e7b6bc7,,14,,2017-12-05,2017-12-11,186627,54846,Team JoeBa,107.54,98.54,111.96,99.84,7,8,10.79,98.7,1,-34.083333333333,,186626,108590,Rob & GregBo,108.64,116.74,5,10.9,34.083333333333,0,1,0,0,0,loss,completed,2
2017,4044313,61ba88ac2ce7066032757673945dee22,,14,,2017-12-05,2017-12-11,186622,108588,Frank & Julian,102.68,98.68,113.83,127.12,8,5,10.3,77.63,7,-21.2,,186628,108592,Chris & Dom,125.54,117.77,4,12.59,21.2,1,0,0,0,0,loss,completed,1
2017,4044267,5409af214c00dc3665458e013ce4fe3f,,14,,2017-12-05,2017-12-11,186619,108581,Richie,156.44,157.44,132.75,160.74,1,3,15.69,97.95,2,6.8166666666667,,186629,54762,Antdell & Ernie,133.24,123.66,3,13.36,-61.35,1,0,0,0,0,win,completed,2
2017,4044298,79c484897c948fc55c2db64035bd043a,,15,,2017-12-12,2017-12-18,186621,108584,Nolan & Vinny,84.1,70.6,123.29,108.94,11,10,5.95,73.53,11,-3.7833333333333,,186626,108590,Rob & GregBo,131.44,120.03,5,9.31,18.916666666667,0,1,0,0,0,loss,completed,0
2017,4044283,c8215e2bbf4e6b4c2619f5e1e52d700e,,15,,2017-12-12,2017-12-18,186620,54773,Ronnie,128.52,124.52,131.38,154.82,6,1,9.1,80.43,10,22.7,,186625,108587,Pung & Tralie,61.98,103.12,12,4.39,0,0,1,0,0,0,win,completed,0
2017,4044268,17d28bc0e4ee2bc5be1ff127b3fb2656,,15,,2017-12-12,2017-12-18,186619,108581,Richie,155.18,143.18,131.53,149.78,1,3,10.99,95.59,1,6.0666666666667,,186624,54774,Cambrias,136.68,137.01,4,9.68,-48.533333333333,1,0,0,0,0,win,completed,2
2017,4044359,c8215e2bbf4e6b4c2619f5e1e52d700e,,15,,2017-12-12,2017-12-18,186625,108587,Pung & Tralie,61.98,60.98,103.12,100.48,12,12,4.39,60.69,12,0,,186620,54773,Ronnie,128.52,131.38,6,9.1,22.7,0,1,0,0,0,loss,completed,0
2017,4044343,17d28bc0e4ee2bc5be1ff127b3fb2656,,15,,2017-12-12,2017-12-18,186624,54774,Cambrias,136.68,132.68,137.01,151,4,2,9.68,87.87,5,-48.533333333333,,186619,108581,Richie,155.18,131.53,1,10.99,6.0666666666667,1,0,0,0,0,loss,completed,2
2017,4044329,62a4261adb45f77747133d386ff4dd94,,15,,2017-12-12,2017-12-18,186623,108589,Phil Baldino,96.24,86.44,116.25,110.24,10,9,6.8100000000000005,82.76,8,-13.633333333333,,186627,54846,Team JoeBa,112.1,87.28,8,7.9399999999999995,54.533333333333,0,1,0,0,0,loss,completed,0
2017,4044314,0583970047191ba92111ebbc0ddfe475,,15,,2017-12-12,2017-12-18,186622,108588,Frank & Julian,140.08,132.08,131.57,138.28,2,7,9.92,95.52,2,15.166666666667,,186629,54762,Antdell & Ernie,138.08,126.1,3,9.78,-68.25,1,0,0,0,0,win,completed,4
2017,4044436,62105062626c9cc6393662eeb9a9d4b5,,15,,2017-12-12,2017-12-18,186630,54850,LFTLR,105.04,97.04,117.48,102.94,9,11,7.44,94.27,3,-20.45,,186628,108592,Chris & Dom,122.94,119.05,7,8.7,47.716666666667,1,0,0,0,0,loss,completed,1
2017,4044422,0583970047191ba92111ebbc0ddfe475,,15,,2017-12-12,2017-12-18,186629,54762,Antdell & Ernie,138.08,132.08,126.1,143.28,3,6,9.78,92.18,4,-68.25,,186622,108588,Frank & Julian,140.08,131.57,2,9.92,15.166666666667,1,0,0,0,0,loss,completed,4
2017,4044406,62105062626c9cc6393662eeb9a9d4b5,,15,,2017-12-12,2017-12-18,186628,108592,Chris & Dom,122.94,118.94,119.05,145.74,7,5,8.7,81.61,9,47.716666666667,,186630,54850,LFTLR,105.04,117.48,9,7.44,-20.45,1,0,0,0,0,win,completed,1
2017,4044391,62a4261adb45f77747133d386ff4dd94,,15,,2017-12-12,2017-12-18,186627,54846,Team JoeBa,112.1,104.1,87.28,119.48,8,8,7.9399999999999995,87.13,6,54.533333333333,,186623,108589,Phil Baldino,96.24,116.25,10,6.8100000000000005,-13.633333333333,0,1,0,0,0,win,completed,0
2017,4044375,79c484897c948fc55c2db64035bd043a,,15,,2017-12-12,2017-12-18,186626,108590,Rob & GregBo,131.44,125.44,120.03,147.14,5,4,9.31,85.25,7,18.916666666667,,186621,108584,Nolan & Vinny,84.1,123.29,11,5.95,-3.7833333333333,0,1,0,0,0,win,completed,0
2017,4044407,78b52f8f904b57491d7cc876cdec6c42,,16,,2017-12-19,2017-12-25,186628,108592,Chris & Dom,125.08,113.78,116.86,135.86,4,3,13.9,89.12,4,-48.533333333333,,186619,108581,Richie,139.22,141.58,1,15.47,6.0666666666667,1,0,1,0,0,loss,completed,3
2017,4044376,671eb7cdb336ea0988303ecc5622bea0,,16,,2017-12-19,2017-12-25,186626,108590,Rob & GregBo,125.86,119.86,122.39,126.96,3,5,13.98,94.41,2,15.9,,186620,54773,Ronnie,99.46,123.36,7,11.05,-26.5,0,1,0,0,0,win,completed,0
2017,4044299,41df944f9471153b01a3db76ed15208f,,16,,2017-12-19,2017-12-25,186621,108584,Nolan & Vinny,128.64,116.64,95.55,144.64,2,2,14.29,80.64,8,7.5666666666667,,186625,108587,Pung & Tralie,49.24,76.44,8,5.47,-15.133333333333,0,1,0,0,0,win,completed,0
2017,4044284,671eb7cdb336ea0988303ecc5622bea0,,16,,2017-12-19,2017-12-25,186620,54773,Ronnie,99.46,97.46,123.36,103.86,7,7,11.05,93.84,3,-26.5,,186626,108590,Rob & GregBo,125.86,122.39,3,13.98,15.9,0,1,0,0,0,loss,completed,0
2017,4044269,78b52f8f904b57491d7cc876cdec6c42,,16,,2017-12-19,2017-12-25,186619,108581,Richie,139.22,134.22,141.58,166.34,1,1,15.47,80.69,7,6.0666666666667,,186628,108592,Chris & Dom,125.08,116.86,4,13.9,-48.533333333333,1,0,1,0,0,win,completed,3
2017,4044437,e1060ab3ba0b3d7ed14c6c33ae570ac2,,16,,2017-12-19,2017-12-25,186630,54850,LFTLR,121.74,115.74,107.6,119.86,5,6,13.53,96.56,1,37.916666666667,,186624,54774,Cambrias,110.84,130.93,6,12.31,-45.5,1,0,0,0,0,win,completed,1
2017,4044360,41df944f9471153b01a3db76ed15208f,,16,,2017-12-19,2017-12-25,186625,108587,Pung & Tralie,49.24,51.24,76.44,63.14,8,8,5.47,81.15,6,-15.133333333333,,186621,108584,Nolan & Vinny,128.64,95.55,2,14.29,7.5666666666667,0,1,0,0,0,loss,completed,0
2017,4044344,e1060ab3ba0b3d7ed14c6c33ae570ac2,,16,,2017-12-19,2017-12-25,186624,54774,Cambrias,110.84,108.84,130.93,130.44,6,4,12.31,83.44,5,-45.5,,186630,54850,LFTLR,121.74,107.6,5,13.53,37.916666666667,1,0,0,0,0,loss,completed,1
2018,4044160,de60b64107f84274445efbb99d0aef87,,14,,2018-12-04,2018-12-10,186612,54774,Cambrias,153.64,147.64,142.7,159.54,1,2,17.22,92.54,1,6.0666666666667,,186616,108592,Chris & Dom,122.48,128.57,4,13.73,-48.533333333333,1,0,0,0,0,win,completed,2
2018,4044237,c8401ddfe86573ea043499a32458c92e,,14,,2018-12-04,2018-12-10,186617,54762,Antdell & Ernie,98.5,93.5,101.14,113,5,5,11.04,82.74,5,-42.466666666667,,186615,54846,Team JoeBa,139.06,120.71,2,15.58,12.133333333333,0,1,0,0,0,loss,completed,1
2018,4044222,de60b64107f84274445efbb99d0aef87,,14,,2018-12-04,2018-12-10,186616,108592,Chris & Dom,122.48,118.48,128.57,132.22,4,4,13.73,89.61,2,-48.533333333333,,186612,54774,Cambrias,153.64,142.7,1,17.22,6.0666666666667,1,0,0,0,0,loss,completed,2
2018,4044206,c8401ddfe86573ea043499a32458c92e,,14,,2018-12-04,2018-12-10,186615,54846,Team JoeBa,139.06,129.06,120.71,144.26,2,3,15.58,89.46,3,12.133333333333,,186617,54762,Antdell & Ernie,98.5,101.14,5,11.04,-42.466666666667,0,1,0,0,0,win,completed,1
2018,4044191,08bc016d6a365375c0ded927943f7422,,14,,2018-12-04,2018-12-10,186614,108590,Rob & GregBo,94.7,92.7,137.53,108.42,6,6,10.61,85.5,4,-36.4,,186609,108584,Nolan & Vinny,130.92,156.6,3,14.67,18.2,1,0,0,0,0,loss,completed,1
2018,4044114,08bc016d6a365375c0ded927943f7422,,14,,2018-12-04,2018-12-10,186609,108584,Nolan & Vinny,130.92,126.92,156.6,174.82,3,1,14.67,72.6,8,18.2,,186614,108590,Rob & GregBo,94.7,137.53,6,10.61,-36.4,1,0,0,0,0,win,completed,1
2018,4044099,af1ccbf7156077c6f4d36bfe19ffab50,,14,,2018-12-04,2018-12-10,186608,54773,Ronnie,64.18,60.18,102.55,81.28,8,8,7.19,74.04,7,-30.333333333333,,186607,108581,Richie,88.82,114.59,7,9.95,53.083333333333,0,1,0,0,0,loss,completed,0
2018,4044083,af1ccbf7156077c6f4d36bfe19ffab50,,14,,2018-12-04,2018-12-10,186607,108581,Richie,88.82,85.82,114.59,105.6,7,7,9.95,81.27,6,53.083333333333,,186608,54773,Ronnie,64.18,102.55,8,7.19,-30.333333333333,0,1,0,0,0,win,completed,0
2018,4044115,fa03ea00564fefab211dc86d7774285b,,15,,2018-12-11,2018-12-17,186609,108584,Nolan & Vinny,116.46,96.56,144.09,130.7,4,4,8.93,84.51,7,-48.533333333333,,186611,108589,Phil Baldino,149.34,133.06,1,11.46,6.0666666666667,1,0,0,0,0,loss,completed,2
2018,4044100,3fbdfde7b3376e15651c82d743c3307c,,15,,2018-12-11,2018-12-17,186608,54773,Ronnie,95.76,86.76,98.68,102.26,10,9,7.35,84.84,6,-15.166666666667,,186617,54762,Antdell & Ernie,97.34,111.88,9,7.47,68.25,0,1,0,0,0,loss,completed,2
2018,4044084,f068e3f09efe063886364c965cae1e2c,,15,,2018-12-11,2018-12-17,186607,108581,Richie,95.3,61.8,114.56,100.74,11,10,7.31,89.64,5,-6.0666666666667,,186613,108587,Pung & Tralie,101.42,132.55,8,7.78,48.533333333333,0,1,0,0,0,loss,completed,1
2018,4044176,f068e3f09efe063886364c965cae1e2c,,15,,2018-12-11,2018-12-17,186613,108587,Pung & Tralie,101.42,97.42,132.55,120.22,8,7,7.78,81.03,9,48.533333333333,,186607,108581,Richie,95.3,114.56,11,7.31,-6.0666666666667,0,1,0,0,0,win,completed,1
2018,4044161,ef6e2a95af00ec5d312908ff4bc84096,,15,,2018-12-11,2018-12-17,186612,54774,Cambrias,104.72,103.72,149.78,129.22,7,5,8.03,80.27,10,-37.916666666667,,186610,108588,Frank & Julian,106.16,137.06,6,8.14,45.5,1,0,0,0,0,loss,completed,3
2018,4044130,ef6e2a95af00ec5d312908ff4bc84096,,15,,2018-12-11,2018-12-17,186610,108588,Frank & Julian,106.16,107.16,137.06,126.36,6,6,8.14,84.01,8,45.5,,186612,54774,Cambrias,104.72,149.78,7,8.03,-37.916666666667,1,0,0,0,0,win,completed,3
2018,4044145,fa03ea00564fefab211dc86d7774285b,,15,,2018-12-11,2018-12-17,186611,108589,Phil Baldino,149.34,139.34,133.06,139.34,1,1,11.46,100,1,6.0666666666667,,186609,108584,Nolan & Vinny,116.46,144.09,4,8.93,-48.533333333333,1,0,0,0,0,win,completed,2
2018,4044252,4b19ec5443b2a920cca42428bde42a6a,,15,,2018-12-11,2018-12-17,186618,54850,LFTLR,126.7,117.7,122.96,102.3,3,8,9.72,79.37,11,4.55,,186615,54846,Team JoeBa,73.28,102.27,12,5.62,0,0,1,0,0,0,win,completed,0
2018,4044238,3fbdfde7b3376e15651c82d743c3307c,,15,,2018-12-11,2018-12-17,186617,54762,Antdell & Ernie,97.34,96.34,111.88,96.34,9,11,7.47,100,2,68.25,,186608,54773,Ronnie,95.76,98.68,10,7.35,-15.166666666667,0,1,0,0,0,win,completed,2
2018,4044223,71ddcafa36731694607672892cee04cb,,15,,2018-12-11,2018-12-17,186616,108592,Chris & Dom,106.48,99.48,119.54,131.88,5,3,8.17,75.43,12,-42.466666666667,,186614,108590,Rob & GregBo,130.72,130.55,2,10.03,12.133333333333,1,0,0,0,0,loss,completed,2
2018,4044207,4b19ec5443b2a920cca42428bde42a6a,,15,,2018-12-11,2018-12-17,186615,54846,Team JoeBa,73.28,57.18,102.27,79.38,12,12,5.62,91.06,4,0,,186618,54850,LFTLR,126.7,122.96,3,9.72,4.55,0,1,0,0,0,loss,completed,0
2018,4044192,71ddcafa36731694607672892cee04cb,,15,,2018-12-11,2018-12-17,186614,108590,Rob & GregBo,130.72,124.22,130.55,135.12,2,2,10.03,93.78,3,12.133333333333,,186616,108592,Chris & Dom,106.48,119.54,5,8.17,-42.466666666667,1,0,0,0,0,win,completed,2
2018,4044208,d4ea44a0b0b51ac2767a3489453e0c5e,,16,,2018-12-18,2018-12-24,186615,54846,Team JoeBa,102.68,95.68,93.37,117.68,8,7,10.5,81.31,6,-30.333333333333,,186607,108581,Richie,105.9,97.67,7,10.83,53.083333333333,0,1,0,0,0,loss,completed,2
2018,4044116,08597caceb4f45ee2c256cb15eb90935,,16,,2018-12-18,2018-12-24,186609,108584,Nolan & Vinny,159.34,157.34,132.43,180.44,1,1,16.29,87.2,2,6.0666666666667,,186612,54774,Cambrias,112.44,142.38,4,11.5,-48.533333333333,1,0,0,0,0,win,completed,2
2018,4044085,d4ea44a0b0b51ac2767a3489453e0c5e,,16,,2018-12-18,2018-12-24,186607,108581,Richie,105.9,93.9,97.67,107.9,7,8,10.83,87.03,3,53.083333333333,,186615,54846,Team JoeBa,102.68,93.37,8,10.5,-30.333333333333,0,1,0,0,0,win,completed,2
2018,4044253,75f472be8a2af372b0c339aa9c7ae4c1,,16,,2018-12-18,2018-12-24,186618,54850,LFTLR,107.9,97.8,116.93,151.3,6,3,11.03,64.64,8,-45.5,,186613,108587,Pung & Tralie,111.32,114.43,5,11.38,37.916666666667,0,1,0,0,0,loss,completed,2
2018,4044177,75f472be8a2af372b0c339aa9c7ae4c1,,16,,2018-12-18,2018-12-24,186613,108587,Pung & Tralie,111.32,103.32,114.43,139.32,5,5,11.38,74.16,7,37.916666666667,,186618,54850,LFTLR,107.9,116.93,6,11.03,-45.5,0,1,0,0,0,win,completed,2
2018,4044162,08597caceb4f45ee2c256cb15eb90935,,16,,2018-12-18,2018-12-24,186612,54774,Cambrias,112.44,107.44,142.38,131.24,4,6,11.5,81.87,5,-48.533333333333,,186609,108584,Nolan & Vinny,159.34,132.43,1,16.29,6.0666666666667,1,0,0,0,0,loss,completed,2
2018,4044146,c5df44f017797d544644e9d4da026984,,16,,2018-12-18,2018-12-24,186611,108589,Phil Baldino,140.26,121.26,137.51,147.06,2,4,14.34,87.22,1,15.166666666667,,186610,108588,Frank & Julian,138.08,122.17,3,14.12,-68.25,1,0,1,0,0,win,completed,5
2018,4044131,c5df44f017797d544644e9d4da026984,,16,,2018-12-18,2018-12-24,186610,108588,Frank & Julian,138.08,130.08,122.17,154.68,3,2,14.12,84.1,4,-68.25,,186611,108589,Phil Baldino,140.26,137.51,2,14.34,15.166666666667,1,0,1,0,0,loss,completed,5
2019,4044005,091ab238cb738c6a6b29b60def04a652,,14,,2019-12-03,2019-12-09,186602,108590,Rob & GregBo,119.1,97.4,130.04,139.4,5,2,12.31,82.57,5,30.333333333333,,186600,108584,Nolan & Vinny,97.7,118.86,8,10.09,-24.266666666667,0,1,0,0,0,win,completed,0
2019,4043975,091ab238cb738c6a6b29b60def04a652,,14,,2019-12-03,2019-12-09,186600,108584,Nolan & Vinny,97.7,97.7,118.86,123.52,8,7,10.09,79.1,7,-24.266666666667,,186602,108590,Rob & GregBo,119.1,130.04,5,12.31,30.333333333333,0,1,0,0,0,loss,completed,0
2019,4043960,e1f6c68480068090e2dff3042c2ab07f,,14,,2019-12-03,2019-12-09,186599,54850,LFTLR,102.94,99.94,96.64,131.04,7,5,10.64,76.27,8,-26.5,,186606,108588,Frank & Julian,127.18,129.04,3,13.14,15.9,0,1,0,0,0,loss,completed,0
2019,4043914,60242be51182230b2cfc4eef64b40178,,14,,2019-12-03,2019-12-09,186596,54762,Antdell & Ernie,142.54,117.44,130.71,135.94,2,3,14.73,96.76,2,-75.833333333333,,186597,108592,Chris & Dom,147.06,137.43,1,15.19,7.5833333333333,1,0,0,0,0,loss,completed,5
2019,4043929,60242be51182230b2cfc4eef64b40178,,14,,2019-12-03,2019-12-09,186597,108592,Chris & Dom,147.06,126.26,137.43,158.06,1,1,15.19,86.08,4,7.5833333333333,,186596,54762,Antdell & Ernie,142.54,130.71,2,14.73,-75.833333333333,1,0,0,0,0,win,completed,5
2019,4043945,f22802f5aadff27834e76b3c3c3a746a,,14,,2019-12-03,2019-12-09,186598,108589,Phil Baldino,105.62,100.62,129.55,127.16,6,6,10.91,79.13,6,-40.9,,186603,54773,Ronnie,125.72,124.81,4,12.99,27.266666666667,1,0,0,0,0,loss,completed,1
2019,4044021,f22802f5aadff27834e76b3c3c3a746a,,14,,2019-12-03,2019-12-09,186603,54773,Ronnie,125.72,117.72,124.81,120.72,4,8,12.99,97.51,1,27.266666666667,,186598,108589,Phil Baldino,105.62,129.55,6,10.91,-40.9,1,0,0,0,0,win,completed,1
2019,4044067,e1f6c68480068090e2dff3042c2ab07f,,14,,2019-12-03,2019-12-09,186606,108588,Frank & Julian,127.18,121.18,129.04,134.18,3,4,13.14,90.31,3,15.9,,186599,54850,LFTLR,102.94,96.64,7,10.64,-26.5,0,1,0,0,0,win,completed,0
2019,4044068,30f2faddd9a834ec56b45bf72f5d0121,,15,,2019-12-10,2019-12-16,186606,108588,Frank & Julian,131.72,124.72,129.84,129.72,7,10,8.01,96.15,4,-30.333333333333,,186605,54846,Team JoeBa,142.12,121.57,4,8.64,24.266666666667,0,1,0,0,0,loss,completed,0
2019,4043930,c594586f2958ac996c314d246d85b5c8,,15,,2019-12-10,2019-12-16,186597,108592,Chris & Dom,126.88,73.78,133.37,140.28,8,6,7.71,82.61,11,-12.133333333333,,186604,54774,Cambrias,191.38,138.28,1,11.63,3.0333333333333,1,0,0,0,0,loss,completed,1
2019,4043899,2f3d4d8b70e021e361985149289d0d20,,15,,2019-12-10,2019-12-16,186595,108581,Richie,144.28,137.28,132.48,158.56,3,3,8.77,86.58,9,6.8,,186603,54773,Ronnie,117.08,121.94,11,7.12,-2.2666666666667,1,0,0,0,0,win,completed,1
2019,4043915,c8c2c19eec065e222a7cec503d4250c2,,15,,2019-12-10,2019-12-16,186596,54762,Antdell & Ernie,122.22,111.22,130.51,112.42,9,12,7.43,98.93,1,-9.1,,186598,108589,Phil Baldino,162.3,136.85,2,9.87,6.0666666666667,1,0,0,0,0,loss,completed,1
2019,4043990,daa7a2f42a069f7d816763295d563ee9,,15,,2019-12-10,2019-12-16,186601,108587,Pung & Tralie,137.26,130.26,120.24,141.46,5,5,8.34,92.08,7,22.75,,186602,108590,Rob & GregBo,121.54,120.64,10,7.39,-9.1,0,1,0,0,0,win,completed,0
2019,4043976,2e3dcf78a875f4522e01987ac486c632,,15,,2019-12-10,2019-12-16,186600,108584,Nolan & Vinny,133.24,127.24,116.24,137.84,6,8,8.1,92.31,6,22.7,,186599,54850,LFTLR,115.06,113.72,12,6.99,0,0,1,0,0,0,win,completed,0
2019,4043961,2e3dcf78a875f4522e01987ac486c632,,15,,2019-12-10,2019-12-16,186599,54850,LFTLR,115.06,112.06,113.72,138.76,12,7,6.99,80.76,12,0,,186600,108584,Nolan & Vinny,133.24,116.24,6,8.1,22.7,0,1,0,0,0,loss,completed,0
2019,4043946,c8c2c19eec065e222a7cec503d4250c2,,15,,2019-12-10,2019-12-16,186598,108589,Phil Baldino,162.3,137.3,136.85,160.2,2,2,9.87,96.32,3,6.0666666666667,,186596,54762,Antdell & Ernie,122.22,130.51,9,7.43,-9.1,1,0,0,0,0,win,completed,1
2019,4044052,30f2faddd9a834ec56b45bf72f5d0121,,15,,2019-12-10,2019-12-16,186605,54846,Team JoeBa,142.12,136.12,121.57,141.58,4,4,8.64,96.14,5,24.266666666667,,186606,108588,Frank & Julian,131.72,129.84,7,8.01,-30.333333333333,0,1,0,0,0,win,completed,0
2019,4044037,c594586f2958ac996c314d246d85b5c8,,15,,2019-12-10,2019-12-16,186604,54774,Cambrias,191.38,182.38,138.28,188.58,1,1,11.63,96.71,2,3.0333333333333,,186597,108592,Chris & Dom,126.88,133.37,8,7.71,-12.133333333333,1,0,0,0,0,win,completed,1
2019,4044006,daa7a2f42a069f7d816763295d563ee9,,15,,2019-12-10,2019-12-16,186602,108590,Rob & GregBo,121.54,115.54,120.64,136.74,10,9,7.39,84.5,10,-9.1,,186601,108587,Pung & Tralie,137.26,120.24,5,8.34,22.75,0,1,0,0,0,loss,completed,0
2019,4044022,2f3d4d8b70e021e361985149289d0d20,,15,,2019-12-10,2019-12-16,186603,54773,Ronnie,117.08,114.08,121.94,129.3,11,11,7.12,88.23,8,-2.2666666666667,,186595,108581,Richie,144.28,132.48,3,8.77,6.8,1,0,0,0,0,loss,completed,1
2019,4044053,df2da510d0cab8738b5ce4a8f8d95a4e,,16,,2019-12-17,2019-12-23,186605,54846,Team JoeBa,102.64,95.64,107.39,123.14,7,7,9.82,77.67,6,-34.083333333333,,186601,108587,Pung & Tralie,111.28,119.1,5,10.65,34.083333333333,0,1,0,0,0,loss,completed,1
2019,4044038,caa10a2e17fa2461a2fadf08fbe198d1,,16,,2019-12-17,2019-12-23,186604,54774,Cambrias,156.72,91.9,144.12,155.32,3,4,15,95.11,2,22.75,,186595,108581,Richie,139.7,141.41,4,13.37,-60.666666666667,1,0,1,0,0,win,completed,3
2019,4044023,ed148c618d152b053081577ae56173ee,,16,,2019-12-17,2019-12-23,186603,54773,Ronnie,111.26,103.26,124.18,128.46,6,6,10.65,80.38,5,-31.8,,186597,108592,Chris & Dom,160.26,131.95,2,15.34,10.6,1,0,0,0,0,loss,completed,1
2019,4044007,3ca20e0e949ade297780b7a89349ca58,,16,,2019-12-17,2019-12-23,186602,108590,Rob & GregBo,99.76,97.76,116.28,113.36,8,8,9.55,86.24,4,-12.133333333333,,186606,108588,Frank & Julian,163.36,135.92,1,15.63,3.0333333333333,0,1,0,0,0,loss,completed,0
2019,4044069,3ca20e0e949ade297780b7a89349ca58,,16,,2019-12-17,2019-12-23,186606,108588,Frank & Julian,163.36,151.3,135.92,160.36,1,3,15.63,99.38,1,3.0333333333333,,186602,108590,Rob & GregBo,99.76,116.28,8,9.55,-12.133333333333,0,1,0,0,0,win,completed,0
2019,4043991,df2da510d0cab8738b5ce4a8f8d95a4e,,16,,2019-12-17,2019-12-23,186601,108587,Pung & Tralie,111.28,99.28,119.1,129.78,5,5,10.65,76.5,7,34.083333333333,,186605,54846,Team JoeBa,102.64,107.39,7,9.82,-34.083333333333,0,1,0,0,0,win,completed,1
2019,4043931,ed148c618d152b053081577ae56173ee,,16,,2019-12-17,2019-12-23,186597,108592,Chris & Dom,160.26,150.26,131.95,162.66,2,2,15.34,92.38,3,10.6,,186603,54773,Ronnie,111.26,124.18,6,10.65,-31.8,1,0,0,0,0,win,completed,1
2019,4043900,caa10a2e17fa2461a2fadf08fbe198d1,,16,,2019-12-17,2019-12-23,186595,108581,Richie,139.7,137.7,141.41,182.66,4,1,13.37,75.39,8,-60.666666666667,,186604,54774,Cambrias,156.72,144.12,3,15,22.75,1,0,1,0,0,loss,completed,3
2020,4043883,fdcfc99d2c180ad73a7968ea4a325840,,14,,2020-12-09,2020-12-14,186594,108588,Frank & Julian,134.42,127.42,127.2,128.8,3,3,15.21,98.93,1,22.75,,186588,108584,Nolan & Vinny,119.64,132.82,4,13.54,-60.666666666667,1,0,0,0,0,win,completed,2
2020,4043762,30fb702127bfecb46b34d611463aa9cd,,14,,2020-12-09,2020-12-14,186586,108589,Phil Baldino,152.96,149.96,143.05,151.96,2,2,17.31,98.68,2,-75.833333333333,,186584,54762,Antdell & Ernie,171.8,134.74,1,19.44,7.5833333333333,1,0,0,0,0,loss,completed,3
2020,4043777,63bf2c69d4774c268b6d02ca6d95d7b1,,14,,2020-12-09,2020-12-14,186587,54850,LFTLR,83.46,80.46,105.13,97.56,7,7,9.44,82.47,6,53.083333333333,,186593,54846,Team JoeBa,31.1,70.82,8,3.52,-30.333333333333,0,1,0,0,0,win,completed,0
2020,4043793,fdcfc99d2c180ad73a7968ea4a325840,,14,,2020-12-09,2020-12-14,186588,108584,Nolan & Vinny,119.64,89.24,132.82,127.14,4,4,13.54,87.02,5,-60.666666666667,,186594,108588,Frank & Julian,134.42,127.2,3,15.21,22.75,1,0,0,0,0,loss,completed,2
2020,4043868,63bf2c69d4774c268b6d02ca6d95d7b1,,14,,2020-12-09,2020-12-14,186593,54846,Team JoeBa,31.1,31.1,70.82,47.7,8,8,3.52,65.2,8,-30.333333333333,,186587,54850,LFTLR,83.46,105.13,7,9.44,53.083333333333,0,1,0,0,0,loss,completed,0
2020,4043823,3a33d1b76c59b1a54d07d88d3228ddf9,,14,,2020-12-09,2020-12-14,186590,108590,Rob & GregBo,86.26,81.26,124.48,114.32,6,5,9.76,71.08,7,-45.5,,186583,108581,Richie,104.18,105.62,5,11.79,37.916666666667,0,1,0,0,0,loss,completed,0
2020,4043731,30fb702127bfecb46b34d611463aa9cd,,14,,2020-12-09,2020-12-14,186584,54762,Antdell & Ernie,171.8,161.8,134.74,170.8,1,1,19.44,94.73,3,7.5833333333333,,186586,108589,Phil Baldino,152.96,143.05,2,17.31,-75.833333333333,1,0,0,0,0,win,completed,3
2020,4043715,3a33d1b76c59b1a54d07d88d3228ddf9,,14,,2020-12-09,2020-12-14,186583,108581,Richie,104.18,102.18,105.62,107.88,5,6,11.79,94.72,4,37.916666666667,,186590,108590,Rob & GregBo,86.26,124.48,6,9.76,-45.5,0,1,0,0,0,win,completed,0
2020,4043747,924a039e8e9dd92bf50c8d853f5a72fb,,15,,2020-12-15,2020-12-21,186585,108592,Chris & Dom,95.92,95.92,106.99,120.52,10,8,7.12,79.59,6,75.833333333333,,186583,108581,Richie,66,107.92,11,4.9,-7.5833333333333,0,1,0,0,0,win,completed,0
2020,4043732,04ed6e3a18d38a6437a4d04eea0461e6,,15,,2020-12-15,2020-12-21,186584,54762,Antdell & Ernie,112.62,110.62,137,126.02,7,7,8.36,87.78,4,-18.916666666667,,186591,54773,Ronnie,161.42,138.67,1,11.99,3.7833333333333,1,0,0,0,0,loss,completed,1
2020,4043716,924a039e8e9dd92bf50c8d853f5a72fb,,15,,2020-12-15,2020-12-21,186583,108581,Richie,66,63,107.92,87.1,11,11,4.9,72.33,9,-7.5833333333333,,186585,108592,Chris & Dom,95.92,106.99,10,7.12,75.833333333333,0,1,0,0,0,loss,completed,0
2020,4043778,49994a65e18532eb6ed19f31e51966a9,,15,,2020-12-15,2020-12-21,186587,54850,LFTLR,110.22,105.22,109.28,118.62,8,10,8.18,88.7,2,60.666666666667,,186592,54774,Cambrias,109.3,119.84,9,8.12,-22.75,0,1,0,0,0,win,completed,3
2020,4043808,c51e06f8aaf7d167c02ba84b1a7bd214,,15,,2020-12-15,2020-12-21,186589,108587,Pung & Tralie,132.66,126.66,152.5,142.86,3,6,9.85,88.66,3,20.45,,186594,108588,Frank & Julian,116.76,123.77,5,8.67,-47.716666666667,1,0,0,0,0,win,completed,2
2020,4043763,b3c1db7f49a66f8dc4c144cc598ea39f,,15,,2020-12-15,2020-12-21,186586,108589,Phil Baldino,138.74,129.74,126.36,167.94,2,4,10.3,77.25,7,10.6,,186588,108584,Nolan & Vinny,112.94,134.49,6,8.39,-31.8,1,0,0,0,0,win,completed,1
2020,4043794,b3c1db7f49a66f8dc4c144cc598ea39f,,15,,2020-12-15,2020-12-21,186588,108584,Nolan & Vinny,112.94,108.94,134.49,164.62,6,5,8.39,66.18,11,-31.8,,186586,108589,Phil Baldino,138.74,126.36,2,10.3,10.6,1,0,0,0,0,loss,completed,1
2020,4043884,c51e06f8aaf7d167c02ba84b1a7bd214,,15,,2020-12-15,2020-12-21,186594,108588,Frank & Julian,116.76,111.76,123.77,171.06,5,3,8.67,65.33,12,-47.716666666667,,186589,108587,Pung & Tralie,132.66,152.5,3,9.85,20.45,1,0,0,0,0,loss,completed,2
2020,4043869,a0016987373da808ca531b8d0db8350a,,15,,2020-12-15,2020-12-21,186593,54846,Team JoeBa,61.4,58.4,54.28,77.9,12,12,4.5600000000000005,74.97,8,0,,186590,108590,Rob & GregBo,128.82,108.41,4,9.56,9.0666666666667,0,1,0,0,0,loss,completed,0
2020,4043824,a0016987373da808ca531b8d0db8350a,,15,,2020-12-15,2020-12-21,186590,108590,Rob & GregBo,128.82,127.82,108.41,184.04,4,1,9.56,69.45,10,9.0666666666667,,186593,54846,Team JoeBa,61.4,54.28,12,4.5600000000000005,0,0,1,0,0,0,win,completed,0
2020,4043838,04ed6e3a18d38a6437a4d04eea0461e6,,15,,2020-12-15,2020-12-21,186591,54773,Ronnie,161.42,154.42,138.67,173.52,1,2,11.99,88.99,1,3.7833333333333,,186584,54762,Antdell & Ernie,112.62,137,7,8.36,-18.916666666667,1,0,0,0,0,win,completed,1
2020,4043853,49994a65e18532eb6ed19f31e51966a9,,15,,2020-12-15,2020-12-21,186592,54774,Cambrias,109.3,102.3,119.84,120.06,9,9,8.12,85.21,5,-22.75,,186587,54850,LFTLR,110.22,109.28,8,8.18,60.666666666667,0,1,0,0,0,loss,completed,3
2020,4043839,8a0ccac3525825abdbe347a5d64c3f0b,,16,,2020-12-22,2020-12-28,186591,54773,Ronnie,149.02,141.02,144.6,155.62,2,2,14.58,90.62,3,15.166666666667,,186589,108587,Pung & Tralie,128.02,148.5,3,12.53,-68.25,1,0,1,0,0,win,completed,3
2020,4043854,da0899653aabb220d7c6f4c50a9cd55e,,16,,2020-12-22,2020-12-28,186592,54774,Cambrias,118.92,92.52,123.58,129.32,6,5,11.64,85,6,45.5,,186583,108581,Richie,101.54,86.94,7,9.94,-37.916666666667,0,1,0,0,0,win,completed,0
2020,4043748,e7bda3a5156fb6f727cb547c56f962da,,16,,2020-12-22,2020-12-28,186585,108592,Chris & Dom,123.14,118.14,84.88,137.54,5,3,12.05,85.9,4,30.333333333333,,186587,54850,LFTLR,92.16,112.83,8,9.02,-24.266666666667,0,1,0,0,0,win,completed,0
2020,4043733,d2bbf5da8bc6287a5d419c25143666d2,,16,,2020-12-22,2020-12-28,186584,54762,Antdell & Ernie,127.44,118.44,139.48,118.44,4,6,12.47,100,1,-48.533333333333,,186594,108588,Frank & Julian,181.5,115.89,1,17.76,6.0666666666667,1,0,0,0,0,loss,completed,2
2020,4043717,da0899653aabb220d7c6f4c50a9cd55e,,16,,2020-12-22,2020-12-28,186583,108581,Richie,101.54,95.54,86.94,115.44,7,8,9.94,82.76,7,-37.916666666667,,186592,54774,Cambrias,118.92,123.58,6,11.64,45.5,0,1,0,0,0,loss,completed,0
2020,4043885,d2bbf5da8bc6287a5d419c25143666d2,,16,,2020-12-22,2020-12-28,186594,108588,Frank & Julian,181.5,164,115.89,199.7,1,1,17.76,85.38,5,6.0666666666667,,186584,54762,Antdell & Ernie,127.44,139.48,4,12.47,-48.533333333333,1,0,0,0,0,win,completed,2
2020,4043779,e7bda3a5156fb6f727cb547c56f962da,,16,,2020-12-22,2020-12-28,186587,54850,LFTLR,92.16,72.66,112.83,117.46,8,7,9.02,72.5,8,-24.266666666667,,186585,108592,Chris & Dom,123.14,84.88,5,12.05,30.333333333333,0,1,0,0,0,loss,completed,0
2020,4043809,8a0ccac3525825abdbe347a5d64c3f0b,,16,,2020-12-22,2020-12-28,186589,108587,Pung & Tralie,128.02,124.02,148.5,129.32,3,4,12.53,95.9,2,-68.25,,186591,54773,Ronnie,149.02,144.6,2,14.58,15.166666666667,1,0,1,0,0,loss,completed,3
2021,4043520,1636311c0cbc4074f0420d9ff38d2b8a,,15,,2021-12-14,2021-12-21,186571,108581,Richie,68.34,66.34,121.55,81.94,8,8,8.9,80.96,6,-12.133333333333,,186572,54762,Antdell & Ernie,128.24,111.4,1,16.69,3.0333333333333,0,1,0,0,0,loss,completed,0
2021,4043553,b04e53cf50b51f36a2edc9f586d32318,,15,,2021-12-14,2021-12-21,186573,108592,Chris & Dom,79.08,71.88,109.82,104.08,6,5,10.29,74.06,8,-40.9,,186574,108589,Phil Baldino,98.56,124.46,4,12.83,27.266666666667,1,0,0,0,0,loss,completed,1
2021,4043536,1636311c0cbc4074f0420d9ff38d2b8a,,15,,2021-12-14,2021-12-21,186572,54762,Antdell & Ernie,128.24,124.24,111.4,131.52,1,2,16.69,94.46,2,3.0333333333333,,186571,108581,Richie,68.34,121.55,8,8.9,-12.133333333333,0,1,0,0,0,win,completed,0
2021,4043569,b04e53cf50b51f36a2edc9f586d32318,,15,,2021-12-14,2021-12-21,186574,108589,Phil Baldino,98.56,98.56,124.46,129.28,4,3,12.83,76.24,7,27.266666666667,,186573,108592,Chris & Dom,79.08,109.82,6,10.29,-40.9,1,0,0,0,0,win,completed,1
2021,4043618,d8322656fe32ad1a298af9f3fc4ca715,,15,,2021-12-14,2021-12-21,186577,108587,Pung & Tralie,127.1,74.7,145.39,132.7,2,1,16.54,89.75,3,15.166666666667,,186575,108582,John Juliano,101.04,139.16,3,13.15,-68.25,1,0,0,0,0,win,completed,2
2021,4043586,d8322656fe32ad1a298af9f3fc4ca715,,15,,2021-12-14,2021-12-21,186575,108582,John Juliano,101.04,95.04,139.16,117.14,3,4,13.15,81.13,5,-68.25,,186577,108587,Pung & Tralie,127.1,145.39,2,16.54,15.166666666667,1,0,0,0,0,loss,completed,2
2021,4043699,6aa42182d004a2aa0a36697bda8e146e,,15,,2021-12-14,2021-12-21,186582,108588,Frank & Julian,92.58,82.68,133.65,86.18,5,7,12.05,95.94,1,34.083333333333,,186581,54846,Team JoeBa,73.3,87.24,7,9.54,-34.083333333333,0,1,0,0,0,win,completed,0
2021,4043683,6aa42182d004a2aa0a36697bda8e146e,,15,,2021-12-14,2021-12-21,186581,54846,Team JoeBa,73.3,73.3,87.24,87.8,7,6,9.54,83.49,4,-34.083333333333,,186582,108588,Frank & Julian,92.58,133.65,5,12.05,34.083333333333,0,1,0,0,0,loss,completed,0
2021,4043684,5caa4a4cf5e5e7b8a8aa0f846170b2ca,,16,,2021-12-22,2021-12-27,186581,54846,Team JoeBa,127.5,124.5,90.58,132.2,4,6,9.46,94.18,1,-54.533333333333,,186571,108581,Richie,139.64,107.31,2,10.36,13.633333333333,0,1,0,0,0,loss,completed,1
2021,4043700,6d738cf87e70445a1916b0150a1873bf,,16,,2021-12-22,2021-12-27,186582,108588,Frank & Julian,88.4,79.4,118.39,99.1,10,11,6.5600000000000005,80.12,7,-6.0666666666667,,186576,108584,Nolan & Vinny,136.66,123.25,3,10.14,9.1,0,1,0,0,0,loss,completed,0
2021,4043521,5caa4a4cf5e5e7b8a8aa0f846170b2ca,,16,,2021-12-22,2021-12-27,186571,108581,Richie,139.64,134.64,107.31,149.34,2,4,10.36,90.16,4,13.633333333333,,186581,54846,Team JoeBa,127.5,90.58,4,9.46,-54.533333333333,0,1,0,0,0,win,completed,1
2021,4043554,b2ddadf58ffc308178ee0322adf953f2,,16,,2021-12-22,2021-12-27,186573,108592,Chris & Dom,88.4,84.7,83.68,127.2,10,8,6.5600000000000005,66.59,12,-12.133333333333,,186575,108582,John Juliano,106.54,137.92,7,7.91,42.466666666667,1,0,0,0,0,loss,completed,1
2021,4043537,57899b93060f2366992fd6f2e88a4870,,16,,2021-12-22,2021-12-27,186572,54762,Antdell & Ernie,106.24,88.34,106.21,104.54,8,10,7.88,93.97,2,42.4,,186580,54774,Cambrias,73.18,142.84,12,5.43,0,0,1,0,0,0,win,completed,0
2021,4043667,57899b93060f2366992fd6f2e88a4870,,16,,2021-12-22,2021-12-27,186580,54774,Cambrias,73.18,70.58,142.84,96.38,12,12,5.43,73.85,9,0,,186572,54762,Antdell & Ernie,106.24,106.21,8,7.88,42.4,0,1,0,0,0,loss,completed,0
2021,4043651,2526f40b8672b451b48ffc80f13d142a,,16,,2021-12-22,2021-12-27,186579,54773,Ronnie,127.48,120.48,135.27,129.98,5,7,9.46,92.69,3,37.916666666667,,186574,108589,Phil Baldino,115.68,121.41,6,8.59,-45.5,1,0,0,0,0,win,completed,1
2021,4043635,090f81a52faab75572b11a3908027f42,,16,,2021-12-22,2021-12-27,186578,108590,Rob & GregBo,145.36,138.36,133.27,161.86,1,1,10.79,85.48,5,2.2666666666667,,186577,108587,Pung & Tralie,92.32,146.79,9,6.85,-6.8,1,0,0,0,0,win,completed,1
2021,4043570,2526f40b8672b451b48ffc80f13d142a,,16,,2021-12-22,2021-12-27,186574,108589,Phil Baldino,115.68,112.68,121.41,144.1,6,5,8.59,78.2,8,-45.5,,186579,54773,Ronnie,127.48,135.27,5,9.46,37.916666666667,1,0,0,0,0,loss,completed,1
2021,4043602,6d738cf87e70445a1916b0150a1873bf,,16,,2021-12-22,2021-12-27,186576,108584,Nolan & Vinny,136.66,130.66,123.25,155.86,3,3,10.14,83.83,6,9.1,,186582,108588,Frank & Julian,88.4,118.39,10,6.5600000000000005,-6.0666666666667,0,1,0,0,0,win,completed,0
2021,4043587,b2ddadf58ffc308178ee0322adf953f2,,16,,2021-12-22,2021-12-27,186575,108582,John Juliano,106.54,106.54,137.92,156.04,7,2,7.91,68.28,11,42.466666666667,,186573,108592,Chris & Dom,88.4,83.68,10,6.5600000000000005,-12.133333333333,1,0,0,0,0,win,completed,1
2021,4043619,090f81a52faab75572b11a3908027f42,,16,,2021-12-22,2021-12-27,186577,108587,Pung & Tralie,92.32,85.32,146.79,117.72,9,9,6.85,72.48,10,-6.8,,186578,108590,Rob & GregBo,145.36,133.27,1,10.79,2.2666666666667,1,0,0,0,0,loss,completed,1
2021,4043571,2406515c43b64213273123b1b4a56b2f,,17,,2021-12-28,2022-01-03,186574,108589,Phil Baldino,135.9,129.9,111.46,169.14,2,2,13.68,76.8,7,9.1,,186577,108587,Pung & Tralie,100.76,127.2,7,10.14,-22.75,1,0,0,0,0,win,completed,1
2021,4043603,e8c0ce7154dc76a9d5de4ab805c7f5dd,,17,,2021-12-28,2022-01-03,186576,108584,Nolan & Vinny,178.86,169.86,137.61,191.18,1,1,18.01,88.85,2,5.3,,186572,54762,Antdell & Ernie,125.24,129.18,5,12.61,-37.1,0,1,0,0,0,win,completed,1
2021,4043620,2406515c43b64213273123b1b4a56b2f,,17,,2021-12-28,2022-01-03,186577,108587,Pung & Tralie,100.76,95.76,127.2,107.36,7,7,10.14,89.2,1,-22.75,,186574,108589,Phil Baldino,135.9,111.46,2,13.68,9.1,1,0,0,0,0,loss,completed,1
2021,4043701,cdb2d5cf4f0896504a4554bf6808c887,,17,,2021-12-28,2022-01-03,186582,108588,Frank & Julian,125.64,115.64,121.23,132.44,4,6,12.65,75.76,8,21.2,,186580,54774,Cambrias,81.26,136.77,8,8.18,-21.2,0,1,0,0,0,win,completed,0
2021,4043668,cdb2d5cf4f0896504a4554bf6808c887,,17,,2021-12-28,2022-01-03,186580,54774,Cambrias,81.26,79.26,136.77,100.46,8,8,8.18,78.9,5,-21.2,,186582,108588,Frank & Julian,125.64,121.23,4,12.65,21.2,0,1,0,0,0,loss,completed,0
2021,4043652,f8e0bd42c89654f4f49b8dbddeebd449,,17,,2021-12-28,2022-01-03,186579,54773,Ronnie,113.12,108.12,149.85,133.62,6,5,11.39,80.92,4,-36.4,,186578,108590,Rob & GregBo,132.5,150.17,3,13.34,18.2,1,0,1,0,0,loss,completed,2
2021,4043636,f8e0bd42c89654f4f49b8dbddeebd449,,17,,2021-12-28,2022-01-03,186578,108590,Rob & GregBo,132.5,132.5,150.17,157.6,3,3,13.34,84.07,3,18.2,,186579,54773,Ronnie,113.12,149.85,6,11.39,-36.4,1,0,1,0,0,win,completed,2
2021,4043538,e8c0ce7154dc76a9d5de4ab805c7f5dd,,17,,2021-12-28,2022-01-03,186572,54762,Antdell & Ernie,125.24,116.24,129.18,148.94,5,4,12.61,78.04,6,-37.1,,186576,108584,Nolan & Vinny,178.86,137.61,1,18.01,5.3,0,1,0,0,0,loss,completed,1
2022,4039543,55250fb60603928fd0c7e4f8a6a9d203,,15,,2022-12-13,2022-12-19,186314,54762,Antdell & Ernie,125.14,122.14,138.08,128.34,5,5,12.56,95.17,2,-42.466666666667,,186323,54776,Mike Long,130.78,128.55,2,13.13,12.133333333333,1,0,0,0,0,loss,completed,3
2022,4039526,e4d6d8f33f29a19ef569db84fcfbdccb,,15,,2022-12-13,2022-12-19,186313,108581,Richie,128.98,98.88,114.46,114.08,3,8,12.95,105.17,1,18.2,,186320,108590,Rob & GregBo,120.94,137.85,6,12.14,-36.4,1,0,0,0,0,win,completed,2
2022,4039559,35167452b68db894681d625e9556881c,,15,,2022-12-13,2022-12-19,186315,108592,Chris & Dom,119.16,109.16,128.43,122.96,7,6,11.96,88.78,4,-18.916666666667,,186317,108582,John Juliano,151.2,128.43,1,15.18,3.7833333333333,0,1,0,0,0,loss,completed,0
2022,4039656,acfa68312f3096b13260c5117f38058d,,15,,2022-12-13,2022-12-19,186321,54773,Ronnie,126.22,120.22,120.18,161.44,4,2,12.67,74.47,7,21.2,,186319,108587,Pung & Tralie,93.86,109.51,8,9.42,-21.2,0,1,0,0,0,win,completed,0
2022,4039640,e4d6d8f33f29a19ef569db84fcfbdccb,,15,,2022-12-13,2022-12-19,186320,108590,Rob & GregBo,120.94,115.94,137.85,149.54,6,4,12.14,77.53,6,-36.4,,186313,108581,Richie,128.98,114.46,3,12.95,18.2,1,0,0,0,0,loss,completed,2
2022,4039591,35167452b68db894681d625e9556881c,,15,,2022-12-13,2022-12-19,186317,108582,John Juliano,151.2,149.2,128.43,162.8,1,1,15.18,91.65,3,3.7833333333333,,186315,108592,Chris & Dom,119.16,128.43,7,11.96,-18.916666666667,0,1,0,0,0,win,completed,0
2022,4039624,acfa68312f3096b13260c5117f38058d,,15,,2022-12-13,2022-12-19,186319,108587,Pung & Tralie,93.86,57.16,109.51,120.26,8,7,9.42,72.23,8,-21.2,,186321,54773,Ronnie,126.22,120.18,4,12.67,21.2,0,1,0,0,0,loss,completed,0
2022,4039689,55250fb60603928fd0c7e4f8a6a9d203,,15,,2022-12-13,2022-12-19,186323,54776,Mike Long,130.78,121.78,128.55,151.1,2,3,13.13,80.6,5,12.133333333333,,186314,54762,Antdell & Ernie,125.14,138.08,5,12.56,-42.466666666667,1,0,0,0,0,win,completed,3
2022,4039706,a63966028eeed8aaaa2209f617f04ec1,,16,,2022-12-20,2022-12-26,186324,108588,Frank & Julian,95.2,84.3,103.69,115.2,11,9,6.79,77.43,11,-6.0666666666667,,186317,108582,John Juliano,103,103.43,8,7.35,48.533333333333,0,1,0,0,0,loss,completed,1
2022,4039690,219adf07ead2b4607b4f610255a5be17,,16,,2022-12-20,2022-12-26,186323,54776,Mike Long,112.06,106.06,123.78,123.86,6,6,8,85.63,5,-36.4,,186322,54774,Cambrias,147.48,139.16,3,10.53,18.2,1,0,0,0,0,loss,completed,1
2022,4039657,b80a43ea9b664edef0df06e2b203ca43,,16,,2022-12-20,2022-12-26,186321,54773,Ronnie,99.8,96.8,119.19,124.7,10,5,7.12,77.63,10,-9.1,,186316,108589,Phil Baldino,121,112.89,5,8.64,22.75,0,1,0,0,0,loss,completed,0
2022,4039641,c26db46632400e4b18134127c71740f0,,16,,2022-12-20,2022-12-26,186320,108590,Rob & GregBo,109.16,99.26,126.82,122.66,7,7,7.79,84.1,7,-22.75,,186314,54762,Antdell & Ernie,151.3,134.82,2,10.8,9.1,1,0,0,0,0,loss,completed,1
2022,4039673,219adf07ead2b4607b4f610255a5be17,,16,,2022-12-20,2022-12-26,186322,54774,Cambrias,147.48,141.48,139.16,165.48,3,2,10.53,85.5,6,18.2,,186323,54776,Mike Long,112.06,123.78,6,8,-36.4,1,0,0,0,0,win,completed,1
2022,4039527,74fe092f0123807e7814b08be620e6cf,,16,,2022-12-20,2022-12-26,186313,108581,Richie,155.66,147.66,109.96,137.8,1,4,11.11,107.16,1,6.0666666666667,,186318,108584,Nolan & Vinny,125.8,131,4,8.98,-48.533333333333,1,0,0,0,0,win,completed,2
2022,4039560,2dd330da93fda2134a41711f366eb8cb,,16,,2022-12-20,2022-12-26,186315,108592,Chris & Dom,80.28,75.28,124.88,100.08,12,12,5.73,75.22,12,0,,186319,108587,Pung & Tralie,100.3,105.17,9,7.16,54.6,0,1,0,0,0,loss,completed,0
2022,4039544,c26db46632400e4b18134127c71740f0,,16,,2022-12-20,2022-12-26,186314,54762,Antdell & Ernie,151.3,151.3,134.82,168.8,2,1,10.8,89.63,4,9.1,,186320,108590,Rob & GregBo,109.16,126.82,7,7.79,-22.75,1,0,0,0,0,win,completed,1
2022,4039592,a63966028eeed8aaaa2209f617f04ec1,,16,,2022-12-20,2022-12-26,186317,108582,John Juliano,103,103,103.43,105.1,8,11,7.35,98,3,48.533333333333,,186324,108588,Frank & Julian,95.2,103.69,11,6.79,-6.0666666666667,0,1,0,0,0,win,completed,1
2022,4039608,74fe092f0123807e7814b08be620e6cf,,16,,2022-12-20,2022-12-26,186318,108584,Nolan & Vinny,125.8,119.8,131,119.8,4,8,8.98,100,2,-48.533333333333,,186313,108581,Richie,155.66,109.96,1,11.11,6.0666666666667,1,0,0,0,0,loss,completed,2
2022,4039625,2dd330da93fda2134a41711f366eb8cb,,16,,2022-12-20,2022-12-26,186319,108587,Pung & Tralie,100.3,94.3,105.17,112.26,9,10,7.16,84,8,54.6,,186315,108592,Chris & Dom,80.28,124.88,12,5.73,0,0,1,0,0,0,win,completed,0
2022,4039575,b80a43ea9b664edef0df06e2b203ca43,,16,,2022-12-20,2022-12-26,186316,108589,Phil Baldino,121,121,112.89,138.86,5,3,8.64,78.78,9,22.75,,186321,54773,Ronnie,99.8,119.19,10,7.12,-9.1,0,1,0,0,0,win,completed,0
2022,4039593,abd901f76a74012bd83e4f854a24bda7,,17,,2022-12-27,2023-01-03,186317,108582,John Juliano,83.6,70.6,101.05,102,8,6,9.91,88.82,4,-15.133333333333,,186316,108589,Phil Baldino,112.08,118.69,2,13.29,7.5666666666667,0,1,0,0,0,loss,completed,0
2022,4039576,abd901f76a74012bd83e4f854a24bda7,,17,,2022-12-27,2023-01-03,186316,108589,Phil Baldino,112.08,105.08,118.69,102.28,2,5,13.29,86.7,5,7.5666666666667,,186317,108582,John Juliano,83.6,101.05,8,9.91,-15.133333333333,0,1,0,0,0,win,completed,0
2022,4039609,92112a078d46f626c61f395ad50aad79,,17,,2022-12-27,2023-01-03,186318,108584,Nolan & Vinny,94.1,68.8,136.32,96.4,7,8,11.16,94.5,2,-30.333333333333,,186323,54776,Mike Long,107.7,115.44,4,12.77,24.266666666667,1,0,0,0,0,loss,completed,1
2022,4039691,92112a078d46f626c61f395ad50aad79,,17,,2022-12-27,2023-01-03,186323,54776,Mike Long,107.7,104.7,115.44,143.28,4,1,12.77,73.07,8,24.266666666667,,186318,108584,Nolan & Vinny,94.1,136.32,7,11.16,-30.333333333333,1,0,0,0,0,win,completed,1
2022,4039707,f4f66f84bc954546ce369b65faa00a35,,17,,2022-12-27,2023-01-03,186324,108588,Frank & Julian,110.1,102.1,96.69,136.48,3,2,13.05,74.81,7,20.45,,186321,54773,Ronnie,106.32,117.43,5,12.61,-47.716666666667,0,1,0,0,0,win,completed,3
2022,4039528,15e042c5135227ca1ca4dd439472a02f,,17,,2022-12-27,2023-01-03,186313,108581,Richie,96.46,92.46,115.1,100.8,6,7,11.44,91.73,3,-27.3,,186322,54774,Cambrias,133.08,143.63,1,15.78,4.55,1,0,1,0,0,loss,completed,2
2022,4039658,f4f66f84bc954546ce369b65faa00a35,,17,,2022-12-27,2023-01-03,186321,54773,Ronnie,106.32,98.32,117.43,126.32,5,4,12.61,77.83,6,-47.716666666667,,186324,108588,Frank & Julian,110.1,96.69,3,13.05,20.45,0,1,0,0,0,loss,completed,3
2022,4039674,15e042c5135227ca1ca4dd439472a02f,,17,,2022-12-27,2023-01-03,186322,54774,Cambrias,133.08,128.08,143.63,130.26,1,3,15.78,98.33,1,4.55,,186313,108581,Richie,96.46,115.1,6,11.44,-27.3,1,0,1,0,0,win,completed,2
2023,4039346,5cc943764626a3b0a20b759d589d186e,,15,,2023-12-12,2023-12-18,186302,54762,Antdell & Ernie,114.88,103.88,106.69,113.74,4,6,11.7,91.33,3,27.266666666667,,186310,54774,Cambrias,107.62,129.86,6,10.96,-40.9,1,0,0,0,0,win,completed,2
2023,4039363,28ec1bf64e17f7e689f40c49e482a0d3,,15,,2023-12-12,2023-12-18,186303,108592,Chris & Dom,131.16,127.16,115.6,158.04,3,2,13.35,80.46,7,15.9,,186305,108582,John Juliano,106.86,120.89,7,10.88,-26.5,0,1,0,0,0,win,completed,0
2023,4039330,5571e364ae4fc15f3e42019dd7f2326d,,15,,2023-12-12,2023-12-18,186301,108581,Richie,113.46,108.46,110.74,145.46,5,4,11.55,74.56,8,-42.466666666667,,186309,54773,Ronnie,152.56,119.18,2,15.53,12.133333333333,1,0,0,0,0,loss,completed,2
2023,4039477,5cc943764626a3b0a20b759d589d186e,,15,,2023-12-12,2023-12-18,186310,54774,Cambrias,107.62,99.62,129.86,117.12,6,5,10.96,85.06,6,-40.9,,186302,54762,Antdell & Ernie,114.88,106.69,4,11.7,27.266666666667,1,0,0,0,0,loss,completed,2
2023,4039460,5571e364ae4fc15f3e42019dd7f2326d,,15,,2023-12-12,2023-12-18,186309,54773,Ronnie,152.56,146.56,119.18,152.86,2,3,15.53,95.88,1,12.133333333333,,186301,108581,Richie,113.46,110.74,5,11.55,-42.466666666667,1,0,0,0,0,win,completed,2
2023,4039444,821a2848d3a5f25a022409a22de0866c,,15,,2023-12-12,2023-12-18,186308,108590,Rob & GregBo,90.1,88.1,102.61,98.3,8,8,9.17,89.62,4,-12.133333333333,,186312,108588,Frank & Julian,165.64,116.12,1,16.86,3.0333333333333,0,1,0,0,0,loss,completed,0
2023,4039396,28ec1bf64e17f7e689f40c49e482a0d3,,15,,2023-12-12,2023-12-18,186305,108582,John Juliano,106.86,99.86,120.89,108.2,7,7,10.88,92.29,2,-26.5,,186303,108592,Chris & Dom,131.16,115.6,3,13.35,15.9,0,1,0,0,0,loss,completed,0
2023,4039509,821a2848d3a5f25a022409a22de0866c,,15,,2023-12-12,2023-12-18,186312,108588,Frank & Julian,165.64,163.64,116.12,189.52,1,1,16.86,86.34,5,3.0333333333333,,186308,108590,Rob & GregBo,90.1,102.61,8,9.17,-12.133333333333,0,1,0,0,0,win,completed,0
2023,4039510,6e8a90a2df851e95a13c3d8a5ebb2c9d,,16,,2023-12-19,2023-12-25,186312,108588,Frank & Julian,88.68,84.68,114.91,102.26,11,12,6.07,82.81,9,-5.3,,186311,54776,Mike Long,118.02,112.11,7,8.08,37.1,0,1,0,0,0,loss,completed,0
2023,4039493,6e8a90a2df851e95a13c3d8a5ebb2c9d,,16,,2023-12-19,2023-12-25,186311,54776,Mike Long,118.02,112.02,112.11,137.02,7,5,8.08,81.75,10,37.1,,186312,108588,Frank & Julian,88.68,114.91,11,6.07,-5.3,0,1,0,0,0,win,completed,0
2023,4039478,4ed3078c0f6bd9dc65e253bd43ce0e14,,16,,2023-12-19,2023-12-25,186310,54774,Cambrias,119.28,115.28,121.99,130.72,5,6,8.16,88.19,4,-37.1,,186301,108581,Richie,163.08,94.39,1,11.16,5.3,1,0,0,0,0,loss,completed,2
2023,4039461,b580e895181519173a4a7148f3282dff,,16,,2023-12-19,2023-12-25,186309,54773,Ronnie,115.44,85.34,121.75,126.44,8,7,7.9,86.55,6,60.666666666667,,186306,108584,Nolan & Vinny,113.38,124.98,9,7.76,-22.75,1,0,0,0,0,win,completed,3
2023,4039445,6b0bc1ddc89b5e150b3a80c07408c181,,16,,2023-12-19,2023-12-25,186308,108590,Rob & GregBo,86.14,86.14,92.38,103.82,12,11,5.89,82.97,8,0,,186305,108582,John Juliano,153.48,117.77,2,10.5,1.5,0,1,0,0,0,loss,completed,0
2023,4039331,4ed3078c0f6bd9dc65e253bd43ce0e14,,16,,2023-12-19,2023-12-25,186301,108581,Richie,163.08,157.08,94.39,180.58,1,1,11.16,86.99,5,5.3,,186310,54774,Cambrias,119.28,121.99,5,8.16,-37.1,1,0,0,0,0,win,completed,2
2023,4039364,c44d1d22f7c9b2f358cdd357b5ad2ef5,,16,,2023-12-19,2023-12-25,186303,108592,Chris & Dom,119.16,112.16,100.09,148.16,6,4,8.15,75.7,12,31.8,,186307,108587,Pung & Tralie,108.7,121.04,10,7.44,-10.6,0,1,0,0,0,win,completed,0
2023,4039347,076f32132d9225b2b54a4200ea46db10,,16,,2023-12-19,2023-12-25,186302,54762,Antdell & Ernie,124.9,123.9,114.98,125.1,4,8,8.55,99.04,1,-60.666666666667,,186304,108589,Phil Baldino,151.02,124.01,3,10.33,22.75,1,0,0,0,0,loss,completed,2
2023,4039380,076f32132d9225b2b54a4200ea46db10,,16,,2023-12-19,2023-12-25,186304,108589,Phil Baldino,151.02,129.02,124.01,167.92,3,2,10.33,81.6,11,22.75,,186302,54762,Antdell & Ernie,124.9,114.98,4,8.55,-60.666666666667,1,0,0,0,0,win,completed,2
2023,4039412,b580e895181519173a4a7148f3282dff,,16,,2023-12-19,2023-12-25,186306,108584,Nolan & Vinny,113.38,111.38,124.98,121.68,9,10,7.76,91.54,2,-22.75,,186309,54773,Ronnie,115.44,121.75,8,7.9,60.666666666667,1,0,0,0,0,loss,completed,3
2023,4039428,c44d1d22f7c9b2f358cdd357b5ad2ef5,,16,,2023-12-19,2023-12-25,186307,108587,Pung & Tralie,108.7,92.2,121.04,124.9,10,9,7.44,86.23,7,-10.6,,186303,108592,Chris & Dom,119.16,100.09,6,8.15,31.8,0,1,0,0,0,loss,completed,0
2023,4039397,6b0bc1ddc89b5e150b3a80c07408c181,,16,,2023-12-19,2023-12-25,186305,108582,John Juliano,153.48,144.48,117.77,159.68,2,3,10.5,90.48,3,1.5,,186308,108590,Rob & GregBo,86.14,92.38,12,5.89,0,0,1,0,0,0,win,completed,0
2023,4039381,554d1917e7bde08e1b651e20a9c04001,,17,,2023-12-26,2024-01-01,186304,108589,Phil Baldino,159.1,108.9,131.79,172.1,2,2,17.25,87.22,3,13.633333333333,,186309,54773,Ronnie,108.08,112.94,4,11.72,-54.533333333333,1,0,1,0,0,win,completed,3
2023,4039413,07d2db6f923daf297c7e4aacd6907fd1,,17,,2023-12-26,2024-01-01,186306,108584,Nolan & Vinny,112.74,97.14,130.61,151.64,3,3,12.22,72.37,8,20.45,,186302,54762,Antdell & Ernie,102.6,114.07,5,11.12,-47.716666666667,1,0,0,0,0,win,completed,2
2023,4039429,0072c0b64b391bbf3066a4b39b7f2295,,17,,2023-12-26,2024-01-01,186307,108587,Pung & Tralie,90.8,64,107.13,103.1,6,6,9.84,84.19,5,-27.3,,186312,108588,Frank & Julian,190.74,129.05,1,20.68,4.55,0,1,0,0,0,loss,completed,0
2023,4039494,662b2d43a36d1340711cb38ed0193b62,,17,,2023-12-26,2024-01-01,186311,54776,Mike Long,75.5,72.5,77.87,94.6,8,8,8.19,76.64,6,-30.333333333333,,186303,108592,Chris & Dom,82.84,84.57,7,8.98,53.083333333333,0,1,0,0,0,loss,completed,1
2023,4039511,0072c0b64b391bbf3066a4b39b7f2295,,17,,2023-12-26,2024-01-01,186312,108588,Frank & Julian,190.74,177.74,129.05,178.74,1,1,20.68,99.44,1,4.55,,186307,108587,Pung & Tralie,90.8,107.13,6,9.84,-27.3,0,1,0,0,0,win,completed,0
2023,4039365,662b2d43a36d1340711cb38ed0193b62,,17,,2023-12-26,2024-01-01,186303,108592,Chris & Dom,82.84,76.84,84.57,101.64,7,7,8.98,75.6,7,53.083333333333,,186311,54776,Mike Long,75.5,77.87,8,8.19,-30.333333333333,0,1,0,0,0,win,completed,1
2023,4039348,07d2db6f923daf297c7e4aacd6907fd1,,17,,2023-12-26,2024-01-01,186302,54762,Antdell & Ernie,102.6,98.6,114.07,114,5,4,11.12,86.49,4,-47.716666666667,,186306,108584,Nolan & Vinny,112.74,130.61,3,12.22,20.45,1,0,0,0,0,loss,completed,2
2023,4039462,554d1917e7bde08e1b651e20a9c04001,,17,,2023-12-26,2024-01-01,186309,54773,Ronnie,108.08,104.08,112.94,110.18,4,5,11.72,94.46,2,-54.533333333333,,186304,108589,Phil Baldino,159.1,131.79,2,17.25,13.633333333333,1,0,1,0,0,loss,completed,3
2024,9571903,78f4b209f7dc7b694d3eb9a06680f216,,15,,2024-12-10,2024-12-16,330549,108592,Chris & Dom,147.84,128.64,129.47,151.84,2,2,14.79,92.76,2,-75.833333333333,,330551,108582,John Juliano,189.18,134.54,1,18.93,7.5833333333333,1,0,0,0,0,loss,completed,3
2024,9571952,247aa4a2d20b763aad6908e8cb206a2b,,15,,2024-12-10,2024-12-16,330552,108584,Nolan & Vinny,80.96,59.96,126.5,102,8,8,8.1,82.31,7,-27.266666666667,,330556,54774,Cambrias,89.76,134.41,6,8.98,40.9,1,0,0,0,0,loss,completed,2
2024,9571968,fff5962448a5f40bb1c77b57092c075e,,15,,2024-12-10,2024-12-16,330553,108587,Pung & Tralie,139.24,127.24,117.31,137.94,4,4,13.93,92.24,3,-60.666666666667,,330555,54773,Ronnie,146.76,95.96,3,14.68,22.75,0,1,0,0,0,loss,completed,2
2024,9571935,78f4b209f7dc7b694d3eb9a06680f216,,15,,2024-12-10,2024-12-16,330551,108582,John Juliano,189.18,181.18,134.54,194.58,1,1,18.93,93.63,1,7.5833333333333,,330549,108592,Chris & Dom,147.84,129.47,2,14.79,-75.833333333333,1,0,0,0,0,win,completed,3
2024,9572050,2f821f9c338fff1e12e1f0e480fd67cc,,15,,2024-12-10,2024-12-16,330558,108588,Frank & Julian,119.2,115.2,121.34,131.2,5,5,11.93,87.8,5,34.083333333333,,330557,54776,Mike Long,86.64,101.09,7,8.67,-34.083333333333,0,1,0,0,0,win,completed,0
2024,9572034,2f821f9c338fff1e12e1f0e480fd67cc,,15,,2024-12-10,2024-12-16,330557,54776,Mike Long,86.64,82.64,101.09,127.54,7,6,8.67,64.8,8,-34.083333333333,,330558,108588,Frank & Julian,119.2,121.34,5,11.93,34.083333333333,0,1,0,0,0,loss,completed,0
2024,9572017,247aa4a2d20b763aad6908e8cb206a2b,,15,,2024-12-10,2024-12-16,330556,54774,Cambrias,89.76,85.76,134.41,102.12,6,7,8.98,84.96,6,40.9,,330552,108584,Nolan & Vinny,80.96,126.5,8,8.1,-27.266666666667,1,0,0,0,0,win,completed,2
2024,9572000,fff5962448a5f40bb1c77b57092c075e,,15,,2024-12-10,2024-12-16,330555,54773,Ronnie,146.76,132.76,95.96,148.86,3,3,14.68,89.18,4,22.75,,330553,108587,Pung & Tralie,139.24,117.31,4,13.93,-60.666666666667,0,1,0,0,0,win,completed,2
2024,9572035,14c548bf8a91a78513397febba7f237c,,16,,2024-12-17,2024-12-23,330557,54776,Mike Long,123.16,95.36,100.85,125.86,7,7,7.6,93.09,6,-22.75,,330553,108587,Pung & Tralie,177.02,125.99,2,10.93,9.1,0,1,0,0,0,loss,completed,0
2024,9572018,1d3225473c252a40d996a66b4407f250,,16,,2024-12-17,2024-12-23,330556,54774,Cambrias,171.92,163.92,134.95,183.62,3,1,10.61,89.27,8,20.45,,330554,108590,Rob & GregBo,157.88,130.89,5,9.74,-47.716666666667,1,0,0,0,0,win,completed,2
2024,9571984,1d3225473c252a40d996a66b4407f250,,16,,2024-12-17,2024-12-23,330554,108590,Rob & GregBo,157.88,149.88,130.89,153.24,5,6,9.74,97.81,3,-47.716666666667,,330556,54774,Cambrias,171.92,134.95,3,10.61,20.45,1,0,0,0,0,loss,completed,2
2024,9572001,5b182d839e0b601c50442b3ae0904419,,16,,2024-12-17,2024-12-23,330555,54773,Ronnie,111.04,101.04,90.12,110.14,8,11,6.85,91.74,7,60.666666666667,,330547,108581,Richie,103.74,101.75,9,6.4,-22.75,0,1,0,0,0,win,completed,1
2024,9571953,b9f80850d93c99cc947e9605b66ac550,,16,,2024-12-17,2024-12-23,330552,108584,Nolan & Vinny,90.28,88.28,123.76,110.92,11,10,5.57,79.59,11,-0.75,,330549,108592,Chris & Dom,188.08,130.7,1,11.61,0.75,1,0,0,0,0,loss,completed,1
2024,9571969,14c548bf8a91a78513397febba7f237c,,16,,2024-12-17,2024-12-23,330553,108587,Pung & Tralie,177.02,150.02,125.99,153.32,2,5,10.93,98.5,2,9.1,,330557,54776,Mike Long,123.16,100.85,7,7.6,-22.75,0,1,0,0,0,win,completed,0
2024,9571919,cf2136ba474d6b4e5d6c8184a8f845ef,,16,,2024-12-17,2024-12-23,330550,108589,Phil Baldino,167.82,163.82,127.13,173.8,4,3,10.36,94.26,5,27.266666666667,,330551,108582,John Juliano,141.36,135.6,6,8.73,-40.9,1,0,0,0,0,win,completed,1
2024,9571936,cf2136ba474d6b4e5d6c8184a8f845ef,,16,,2024-12-17,2024-12-23,330551,108582,John Juliano,141.36,136.36,135.6,163.96,6,4,8.73,83.17,9,-40.9,,330550,108589,Phil Baldino,167.82,127.13,4,10.36,27.266666666667,1,0,0,0,0,loss,completed,1
2024,9571904,b9f80850d93c99cc947e9605b66ac550,,16,,2024-12-17,2024-12-23,330549,108592,Chris & Dom,188.08,161.08,130.7,178.08,1,2,11.61,97.75,4,0.75,,330552,108584,Nolan & Vinny,90.28,123.76,11,5.57,-0.75,1,0,0,0,0,win,completed,1
2024,9571887,5f8b042aad250304075110b0ff016049,,16,,2024-12-17,2024-12-23,330548,54762,Antdell & Ernie,88.5,86.5,107.43,117.2,12,9,5.46,74.66,12,0,,330558,108588,Frank & Julian,99.36,117.46,10,6.13,68.166666666667,0,1,0,0,0,loss,completed,0
2024,9571871,5b182d839e0b601c50442b3ae0904419,,16,,2024-12-17,2024-12-23,330547,108581,Richie,103.74,102.74,101.75,103.74,9,12,6.4,100,1,-22.75,,330555,54773,Ronnie,111.04,90.12,8,6.85,60.666666666667,0,1,0,0,0,loss,completed,1
2024,9572051,5f8b042aad250304075110b0ff016049,,16,,2024-12-17,2024-12-23,330558,108588,Frank & Julian,99.36,87.36,117.46,119.66,10,8,6.13,79.69,10,68.166666666667,,330548,54762,Antdell & Ernie,88.5,107.43,12,5.46,0,0,1,0,0,0,win,completed,0
2024,9572052,7ea6494827befb00d5982e90b20fa118,,17,,2024-12-24,2024-12-30,330558,108588,Frank & Julian,93.24,84.24,86.35,106.84,6,7,9.51,78.85,7,-45.5,,330555,54773,Ronnie,120.42,101.8,5,12.28,37.916666666667,0,1,0,0,0,loss,completed,0
2024,9572019,c47367b733b9b1f8822d5cecb9c4c025,,17,,2024-12-24,2024-12-30,330556,54774,Cambrias,146.36,135.36,133.81,149.56,3,3,14.92,90.51,3,-61.35,,330550,108589,Phil Baldino,173.88,131.51,1,17.73,6.8166666666667,1,0,1,0,0,loss,completed,3
2024,9571985,0b80d07201a0dbf9e4cbce23a3cd6b0a,,17,,2024-12-24,2024-12-30,330554,108590,Rob & GregBo,150.12,141.12,126.37,147.72,2,4,15.31,95.53,2,13.633333333333,,330551,108582,John Juliano,138.58,126.52,4,14.13,-54.533333333333,1,0,0,0,0,win,completed,2
2024,9572002,7ea6494827befb00d5982e90b20fa118,,17,,2024-12-24,2024-12-30,330555,54773,Ronnie,120.42,102.62,101.8,131.92,5,5,12.28,85.22,5,37.916666666667,,330558,108588,Frank & Julian,93.24,86.35,6,9.51,-45.5,0,1,0,0,0,win,completed,0
2024,9571888,6d5ec9f4de7fd393914a554bbe1c9d5a,,17,,2024-12-24,2024-12-30,330548,54762,Antdell & Ernie,87.5,86.5,95.14,130.8,7,6,8.92,66.13,8,53.083333333333,,330547,108581,Richie,70.6,78.53,8,7.2,-30.333333333333,0,1,0,0,0,win,completed,0
2024,9571872,6d5ec9f4de7fd393914a554bbe1c9d5a,,17,,2024-12-24,2024-12-30,330547,108581,Richie,70.6,69.6,78.53,77.1,8,8,7.2,90.27,4,-30.333333333333,,330548,54762,Antdell & Ernie,87.5,95.14,7,8.92,53.083333333333,0,1,0,0,0,loss,completed,0
2024,9571937,0b80d07201a0dbf9e4cbce23a3cd6b0a,,17,,2024-12-24,2024-12-30,330551,108582,John Juliano,138.58,134.58,126.52,163.18,4,2,14.13,82.47,6,-54.533333333333,,330554,108590,Rob & GregBo,150.12,126.37,2,15.31,13.633333333333,1,0,0,0,0,loss,completed,2
2024,9571920,c47367b733b9b1f8822d5cecb9c4c025,,17,,2024-12-24,2024-12-30,330550,108589,Phil Baldino,173.88,162.88,131.51,165.88,1,1,17.73,98.19,1,6.8166666666667,,330556,54774,Cambrias,146.36,133.81,3,14.92,-61.35,1,0,1,0,0,win,completed,3
2025,19077384,d5ae2267c2481c28f61d461dbef40885,,15,,,,330561,54776,Mike Long,141.58,137.98,,142.3,4,3,14,96.96,2,27.266666666667,,330570,108592,Chris & Dom,106.6,,6,10.54,-40.9,1,0,0,0,0,win,completed,1
2025,19077390,d5ae2267c2481c28f61d461dbef40885,,15,,,,330570,108592,Chris & Dom,106.6,76.5,,94.92,6,7,10.54,92.18,4,-40.9,,330561,54776,Mike Long,141.58,,4,14,27.266666666667,1,0,0,0,0,loss,completed,1
2025,19077389,07bedbb097b24f2d1cc7c970f903a3ab,,15,,,,330569,54773,Ronnie,91.74,81.74,,118.98,8,5,9.07,68.7,8,-24.266666666667,,330559,108581,Richie,130.32,,5,12.89,30.333333333333,0,1,0,0,0,loss,completed,0
2025,19077388,e990e914802b3fce6f0911c5e8182106,,15,,,,330567,108589,Phil Baldino,141.8,128.8,,162.4,3,1,14.02,84.24,7,-61.35,,330566,108588,Frank & Julian,157.76,,1,15.6,6.8166666666667,0,1,0,0,0,loss,completed,1
2025,19077386,4db285af1a07e8fdaa03a7eeb20d04d6,,15,,,,330565,54762,Antdell & Ernie,149.66,146.66,,156.96,2,2,14.8,93.44,3,9.1,,330562,108584,Nolan & Vinny,91.8,,7,9.08,-22.75,1,0,0,0,0,win,completed,1
2025,19077385,4db285af1a07e8fdaa03a7eeb20d04d6,,15,,,,330562,108584,Nolan & Vinny,91.8,59.9,,80.06,7,8,9.08,89.81,5,-22.75,,330565,54762,Antdell & Ernie,149.66,,2,14.8,9.1,1,0,0,0,0,loss,completed,1
2025,19077383,07bedbb097b24f2d1cc7c970f903a3ab,,15,,,,330559,108581,Richie,130.32,125.32,,112.4,5,6,12.89,111.49,1,30.333333333333,,330569,54773,Ronnie,91.74,,8,9.07,-24.266666666667,0,1,0,0,0,win,completed,0
2025,19077387,e990e914802b3fce6f0911c5e8182106,,15,,,,330566,108588,Frank & Julian,157.76,109.66,,125.26,1,4,15.6,87.55,6,6.8166666666667,,330567,108589,Phil Baldino,141.8,,3,14.02,-61.35,0,1,0,0,0,win,completed,1
2025,19077399,63a31c19cb5dfcfd8d8bb1d3fbd5380b,,16,,,,330567,108589,Phil Baldino,61.64,50.64,,115.6,12,8,4.25,54.19,12,0,,330564,108587,Pung & Tralie,105,,7,7.23,31.85,0,1,0,0,0,loss,completed,0
2025,19077402,d892ea18b195ee61d76a6156ca757ab8,,16,,,,330570,108592,Chris & Dom,184.4,131.6,,169.16,2,2,12.7,83.71,5,13.633333333333,,330562,108584,Nolan & Vinny,127.06,,4,8.75,-54.533333333333,1,0,0,0,0,win,completed,2
2025,19077401,107b3164fe51fb72bf5f4ed1633b4cde,,16,,,,330569,54773,Ronnie,98.9,85.9,,106.8,10,10,6.8100000000000005,80.43,8,75.833333333333,,330560,108582,John Juliano,78,,11,5.37,-7.5833333333333,0,1,0,0,0,win,completed,0
2025,19077400,e89e52c5f63d938b63f9308dde2b94eb,,16,,,,330568,108590,Rob & GregBo,181.5,124.1,,146.7,3,3,12.5,92.77,3,-61.35,,330565,54762,Antdell & Ernie,184.76,,1,12.73,6.8166666666667,1,0,0,0,0,loss,completed,4
2025,19077398,0b96db9238f9b81c250f383cbe139992,,16,,,,330566,108588,Frank & Julian,116.42,77.72,,118.72,5,6,8.02,77.26,10,30.333333333333,,330559,108581,Richie,102.48,,8,7.06,-24.266666666667,0,1,0,0,0,win,completed,0
2025,19077397,e89e52c5f63d938b63f9308dde2b94eb,,16,,,,330565,54762,Antdell & Ernie,184.76,169.76,,176.06,1,1,12.73,96.42,2,6.8166666666667,,330568,108590,Rob & GregBo,181.5,,3,12.5,-61.35,1,0,0,0,0,win,completed,4
2025,19077396,63a31c19cb5dfcfd8d8bb1d3fbd5380b,,16,,,,330564,108587,Pung & Tralie,105,100,,113.5,7,9,7.23,88.11,4,31.85,,330567,108589,Phil Baldino,61.64,,12,4.25,0,0,1,0,0,0,win,completed,0
2025,19077395,73cba6cd3286197736f565a58924705e,,16,,,,330563,54774,Cambrias,111.68,91.58,,128.7,6,4,7.6899999999999995,78.93,9,36.4,,330561,54776,Mike Long,99.7,,9,6.87,-18.2,1,0,0,0,0,win,completed,1
2025,19077394,d892ea18b195ee61d76a6156ca757ab8,,16,,,,330562,108584,Nolan & Vinny,127.06,96.56,,97.96,4,11,8.75,98.57,1,-54.533333333333,,330570,108592,Chris & Dom,184.4,,2,12.7,13.633333333333,1,0,0,0,0,loss,completed,2
2025,19077393,73cba6cd3286197736f565a58924705e,,16,,,,330561,54776,Mike Long,99.7,95.7,,116.36,9,7,6.87,82.24,7,-18.2,,330563,54774,Cambrias,111.68,,6,7.6899999999999995,36.4,1,0,0,0,0,loss,completed,1
2025,19077392,107b3164fe51fb72bf5f4ed1633b4cde,,16,,,,330560,108582,John Juliano,78,77,,92,11,12,5.37,83.7,6,-7.5833333333333,,330569,54773,Ronnie,98.9,,10,6.8100000000000005,75.833333333333,0,1,0,0,0,loss,completed,0
2025,19077391,0b96db9238f9b81c250f383cbe139992,,16,,,,330559,108581,Richie,102.48,96.48,,128.28,8,5,7.06,75.21,11,-24.266666666667,,330566,108588,Frank & Julian,116.42,,5,8.02,30.333333333333,0,1,0,0,0,loss,completed,0
2025,19077403,0554a7badd0d0d2f1052f2d9d365ed28,,17,,,,330560,108582,John Juliano,97.58,87.58,,106.98,5,5,10.29,91.21,4,30.333333333333,,330567,108589,Phil Baldino,57.8,,8,6.1,-24.266666666667,0,1,0,0,0,win,completed,0
2025,19077404,a399ad288152c006e3694439962e81e0,,17,,,,330561,54776,Mike Long,141.12,124.12,,157.82,4,2,14.88,89.42,5,-48.533333333333,,330568,108590,Rob & GregBo,165.14,,1,17.42,6.0666666666667,1,0,0,0,0,loss,completed,2
2025,19077405,15a7531b2eb85e26a8a417fb592853c2,,17,,,,330563,54774,Cambrias,164.92,149.92,,164.92,2,1,17.39,96.36,2,15.166666666667,,330565,54762,Antdell & Ernie,152.48,,3,16.08,-68.25,1,0,1,0,0,win,completed,3
2025,19077406,027b1f5b477e87032cce6dbb76409fd7,,17,,,,330564,108587,Pung & Tralie,88.4,61.9,,86.7,6,7,9.32,87.54,6,45.5,,330569,54773,Ronnie,80.68,,7,8.51,-37.916666666667,0,1,0,0,0,win,completed,1
2025,19077407,15a7531b2eb85e26a8a417fb592853c2,,17,,,,330565,54762,Antdell & Ernie,152.48,141.48,,141.48,3,4,16.08,100,1,-68.25,,330563,54774,Cambrias,164.92,,2,17.39,15.166666666667,1,0,1,0,0,loss,completed,3
2025,19077408,0554a7badd0d0d2f1052f2d9d365ed28,,17,,,,330567,108589,Phil Baldino,57.8,56.8,,86.24,8,8,6.1,65.86,8,-24.266666666667,,330560,108582,John Juliano,97.58,,5,10.29,30.333333333333,0,1,0,0,0,loss,completed,0
2025,19077409,a399ad288152c006e3694439962e81e0,,17,,,,330568,108590,Rob & GregBo,165.14,133.04,,144.34,1,3,17.42,92.17,3,6.0666666666667,,330561,54776,Mike Long,141.12,,4,14.88,-48.533333333333,1,0,0,0,0,win,completed,2
2025,19077410,027b1f5b477e87032cce6dbb76409fd7,,17,,,,330569,54773,Ronnie,80.68,72.68,,98.48,7,6,8.51,73.8,7,-37.916666666667,,330564,108587,Pung & Tralie,88.4,,6,9.32,45.5,0,1,0,0,0,loss,completed,1
