season,receiver_player_id,receiver_full_name,receiver_position,targets,ep_per_target
2020,00-0022921,Larry Fitzgerald,WR,72,1.6555077931196946
2020,00-0026035,Danny Amendola,WR,69,1.4799298900112077
2020,00-0027061,Jared Cook,TE,60,2.1840369473434595
2020,00-0027656,Rob Gronkowski,TE,77,2.442572061368567
2020,00-0027685,Emmanuel Sanders,WR,82,2.331321970971369
2020,00-0027696,Jimmy Graham,TE,76,2.603644316691268
2020,00-0027793,Antonio Brown,WR,62,2.059231353733095
2020,00-0027891,Golden Tate,WR,52,1.7219720271834658
2020,00-0027942,A.J. Green,WR,104,1.8746552006573787
2020,00-0027944,Julio Jones,WR,68,2.0286947295466877
2020,00-0028002,Randall Cobb,WR,50,2.232581613979414
2020,00-0029000,Cole Beasley,WR,108,2.026371108539562
2020,00-0029293,Marvin Jones,WR,116,1.9382504251278003
2020,00-0029608,T.Y. Hilton,WR,94,1.8623842140004843
2020,00-0030035,Adam Thielen,WR,109,2.2276801435203963
2020,00-0030061,Zach Ertz,TE,73,1.8015567747808654
2020,00-0030279,Keenan Allen,WR,149,1.945144312092939
2020,00-0030431,Robert Woods,WR,129,1.8564027662837046
2020,00-0030456,Giovani Bernard,RB,59,2.0623519205679655
2020,00-0030472,Jordan Reed,TE,46,1.9652047293164525
2020,00-0030506,Travis Kelce,TE,146,2.174184242359418
2020,00-0030549,Tyler Eifert,TE,60,2.2184327079507056
2020,00-0030564,DeAndre Hopkins,WR,161,1.7109564225940839
2020,00-0030663,Willie Snead,WR,48,1.9163403556867706
2020,00-0030710,Trey Burton,TE,47,2.263710974484058
2020,00-0031051,John Brown,WR,52,2.345146694197655
2020,00-0031062,James White,RB,62,1.743765087738622
2020,00-0031235,Odell Beckham,WR,43,2.2121628375648155
2020,00-0031236,Brandin Cooks,WR,119,2.3105653826127264
2020,00-0031260,Logan Thomas,TE,111,1.9414188983352783
2020,00-0031325,Sammy Watkins,WR,55,2.418774980772816
2020,00-0031376,Jerick McKinnon,RB,47,1.6050876788092143
2020,00-0031381,Davante Adams,WR,149,2.2623691374692685
2020,00-0031382,Jarvis Landry,WR,101,2.111712939859746
2020,00-0031387,Eric Ebron,TE,92,2.208088462889976
2020,00-0031408,Mike Evans,WR,111,2.3856254403223995
2020,00-0031428,Allen Robinson,WR,151,2.0343572276720345
2020,00-0031544,Amari Cooper,WR,130,1.9280507740349726
2020,00-0031547,DeVante Parker,WR,104,2.1449814360789423
2020,00-0031549,Nelson Agholor,WR,82,2.196025330204909
2020,00-0031588,Stefon Diggs,WR,166,2.0506842949039146
2020,00-0031610,Darren Waller,TE,146,2.374152733227225
2020,00-0031868,Damiere Byrd,WR,77,1.6000356120556325
2020,00-0031941,Jamison Crowder,WR,89,1.540126276678952
2020,00-0032054,Breshad Perriman,WR,60,1.7728158823912963
2020,00-0032063,Mike Davis,RB,70,2.1425866514082634
2020,00-0032128,Chris Conley,WR,63,2.0120437309314076
2020,00-0032144,Melvin Gordon,RB,44,1.6453526764803843
2020,00-0032187,David Johnson,RB,46,2.604080186616477
2020,00-0032211,Tyler Lockett,WR,132,2.1703131717586075
2020,00-0032385,Sterling Shepard,WR,92,1.8102272608574916
2020,00-0032392,Austin Hooper,TE,70,2.0856666720368335
2020,00-0032602,J.D. McKissic,RB,110,1.9175396077975164
2020,00-0032688,Robby Anderson,WR,137,1.7989190464245997
2020,00-0032765,Michael Thomas,WR,55,2.187617567517075
2020,00-0032775,Demarcus Robinson,WR,59,2.0806345686344114
2020,00-0032791,Jakeem Grant,WR,54,2.008023712058612
2020,00-0032977,Rashard Higgins,WR,52,2.0322189237519455
2020,00-0033009,Tyler Boyd,WR,110,1.9753227008300285
2020,00-0033040,Tyreek Hill,WR,135,2.2427518444955004
2020,00-0033045,Ezekiel Elliott,RB,72,2.1934990575361235
2020,00-0033090,Hunter Henry,TE,93,1.7927548308153918
2020,00-0033110,Tyler Higbee,TE,61,2.092980683532391
2020,00-0033127,Will Fuller,WR,75,1.8030637617626537
2020,00-0033251,Zach Pascal,WR,72,2.25829805186994
2020,00-0033282,Curtis Samuel,WR,97,1.914008209494137
2020,00-0033288,George Kittle,TE,64,1.685911000809254
2020,00-0033293,Aaron Jones,RB,63,2.241885729087886
2020,00-0033307,Kendrick Bourne,WR,75,1.7888706321302241
2020,00-0033375,Tim Patrick,WR,80,1.9108494493122619
2020,00-0033387,Jacob Hollister,TE,41,2.289014950580253
2020,00-0033455,Anthony Firkser,TE,53,1.9961354922753636
2020,00-0033471,Isaiah Ford,WR,44,1.7864859710177616
2020,00-0033536,Mike Williams,WR,85,1.868849132657188
2020,00-0033553,James Conner,RB,43,2.401994031698302
2020,00-0033589,David Moore,WR,47,2.3668036802369667
2020,00-0033594,Chris Carson,RB,47,2.473342267994239
2020,00-0033681,Keelan Cole,WR,89,1.7919864689571878
2020,00-0033699,Austin Ekeler,RB,65,2.020433594684045
2020,00-0033733,Greg Ward,WR,80,1.7651978630727154
2020,00-0033757,Robert Tonyan,TE,59,2.1271338478373005
2020,00-0033856,Leonard Fournette,RB,47,2.2016482033316005
2020,00-0033857,JuJu Smith-Schuster,WR,129,1.8250965587085224
2020,00-0033858,Jonnu Smith,TE,66,2.563486819955206
2020,00-0033871,Corey Davis,WR,92,2.056547089364714
2020,00-0033881,Evan Engram,TE,109,1.7104843537066317
2020,00-0033893,Dalvin Cook,RB,54,1.557836860334242
2020,00-0033895,Gerald Everett,TE,62,1.7070493484188187
2020,00-0033906,Alvin Kamara,RB,107,2.2459994370115606
2020,00-0033908,Cooper Kupp,WR,124,1.8496357920523754
2020,00-0033921,Chris Godwin,WR,84,1.9203911491370362
2020,00-0033923,Kareem Hunt,RB,51,2.089414150007274
2020,00-0033943,Josh Reynolds,WR,81,1.9625055572365835
2020,00-0034011,Dan Arnold,TE,45,2.1170391981800396
2020,00-0034104,Cam Sims,WR,48,1.8975552645218463
2020,00-0034272,Marquez Valdes-Scantling,WR,63,1.5568872022050773
2020,00-0034351,Dallas Goedert,TE,65,1.91329937917449
2020,00-0034353,Anthony Miller,WR,76,2.0374118434016344
2020,00-0034364,Jordan Akins,TE,49,2.336815215713744
2020,00-0034366,Keke Coutee,WR,41,2.3474257119733206
2020,00-0034367,Nyheim Hines,RB,76,2.117772068034882
2020,00-0034370,DaeSean Hamilton,WR,44,2.1344679525394565
2020,00-0034383,Dalton Schultz,TE,89,2.364327164630084
2020,00-0034411,Russell Gage,WR,109,1.9657662260888675
2020,00-0034419,Braxton Berrios,WR,55,1.7709787283960563
2020,00-0034521,Allen Lazard,WR,46,2.1626071824246775
2020,00-0034676,James Washington,WR,56,2.0564004299927285
2020,00-0034681,Chase Edmonds,RB,67,2.3179929028604
2020,00-0034753,Mark Andrews,TE,88,2.0683862689395687
2020,00-0034764,Michael Gallup,WR,105,2.1458445688141397
2020,00-0034765,Tre'Quan Smith,WR,50,2.0436391565890517
2020,00-0034766,Christopher Herndon,TE,46,1.8443339221921609
2020,00-0034775,Christian Kirk,WR,79,2.177925023698628
2020,00-0034777,D.J. Chark,WR,94,1.8001146694458576
2020,00-0034816,Ronald Jones,RB,42,2.0159443340685574
2020,00-0034827,D.J. Moore,WR,118,1.9601137775573112
2020,00-0034829,Mike Gesicki,TE,85,2.2117799023128635
2020,00-0034830,Hayden Hurst,TE,89,2.2611098764413557
2020,00-0034837,Calvin Ridley,WR,145,2.1804937515809213
2020,00-0034960,Jakobi Meyers,WR,82,1.7516304428198304
2020,00-0034970,Irv Smith,TE,44,2.372496076882351
2020,00-0034983,Hunter Renfrow,WR,77,1.9211277857996591
2020,00-0035140,Mecole Hardman,WR,63,2.1064562551662886
2020,00-0035216,Diontae Johnson,WR,144,1.7126897444771507
2020,00-0035229,T.J. Hockenson,TE,102,2.214446448935132
2020,00-0035243,Miles Sanders,RB,52,1.647390447714805
2020,00-0035250,Devin Singletary,RB,50,2.6228784632193856
2020,00-0035261,Tony Pollard,RB,40,2.1829310232482384
2020,00-0035298,Scott Miller,WR,53,1.7393675079483555
2020,00-0035311,Myles Gaskin,RB,47,1.9097605287078818
2020,00-0035414,Jalen Guyton,WR,55,1.7772754077333959
2020,00-0035535,Darius Slayton,WR,96,1.8163434522690902
2020,00-0035592,Travis Fulgham,WR,67,1.9203599515004401
2020,00-0035624,N'Keal Harry,WR,57,2.1349564460616786
2020,00-0035631,Drew Sample,TE,53,1.9481667109483958
2020,00-0035640,DK Metcalf,WR,129,2.021002897681613
2020,00-0035644,Noah Fant,TE,94,1.718088671238875
2020,00-0035659,Terry McLaurin,WR,135,1.9256441815438265
2020,00-0035662,Marquise Brown,WR,100,1.9079707985336425
2020,00-0035676,A.J. Brown,WR,106,1.9185437643233325
2020,00-0035685,David Montgomery,RB,68,2.1583532014016837
2020,00-0035689,Dawson Knox,TE,44,2.550978934795818
2020,00-0035700,Josh Jacobs,RB,45,2.2087211242437155
2020,00-0035719,Deebo Samuel,WR,44,1.8203189172318988
2020,00-0035831,James Robinson,RB,62,1.986808175859019
2020,00-0036196,Gabriel Davis,WR,62,2.5675757866129354
2020,00-0036252,Michael Pittman,WR,61,2.269361619011224
2020,00-0036255,Denzel Mims,WR,45,1.719909009996139
2020,00-0036261,Brandon Aiyuk,WR,96,2.1246851096196524
2020,00-0036268,Laviska Shenault,WR,79,1.7116217040324206
2020,00-0036275,D'Andre Swift,RB,57,2.1726984464820767
2020,00-0036290,Cole Kmet,TE,45,2.307994300805146
2020,00-0036309,Darnell Mooney,WR,99,1.9607696919115492
2020,00-0036322,Justin Jefferson,WR,128,2.0297220673852485
2020,00-0036326,Chase Claypool,WR,112,2.1939799498973733
2020,00-0036328,Antonio Gibson,RB,44,2.0990736354314405
2020,00-0036357,Henry Ruggs,WR,43,1.8483404407919342
2020,00-0036358,CeeDee Lamb,WR,111,1.9630267751242685
2020,00-0036360,Clyde Edwards-Helaire,RB,54,2.0941583748413164
2020,00-0036387,Jalen Reagor,WR,55,1.8340758666668637
2020,00-0036407,Jerry Jeudy,WR,115,1.4110337275801634
2020,00-0036410,Tee Higgins,WR,108,1.6583909639135797
2020,00-0036412,K.J. Hamler,WR,56,1.4347940194909046
2021,00-0027061,Jared Cook,TE,85,2.1381781054434668
2021,00-0027656,Rob Gronkowski,TE,89,2.2239075667611354
2021,00-0027685,Emmanuel Sanders,WR,73,2.2103995309533833
2021,00-0027942,A.J. Green,WR,93,2.081192500466982
2021,00-0027944,Julio Jones,WR,48,2.079531084812212
2021,00-0027981,Kyle Rudolph,TE,40,2.1486478026014053
2021,00-0029000,Cole Beasley,WR,113,1.989846734356199
2021,00-0029239,Brandon Bolden,RB,49,2.0957244774599904
2021,00-0029293,Marvin Jones,WR,120,1.938102064278064
2021,00-0030035,Adam Thielen,WR,95,2.1529842829635046
2021,00-0030061,Zach Ertz,TE,113,2.312443499562955
2021,00-0030068,Marquise Goodwin,WR,40,1.5761079910225817
2021,00-0030108,Ryan Griffin,TE,42,2.2202343246871825
2021,00-0030181,Jack Doyle,TE,45,2.380324031460456
2021,00-0030279,Keenan Allen,WR,158,2.0119673909518685
2021,00-0030431,Robert Woods,WR,70,1.9833423009767994
2021,00-0030506,Travis Kelce,TE,134,2.098435926311276
2021,00-0030564,DeAndre Hopkins,WR,64,2.3208006912113888
2021,00-0030578,Cordarrelle Patterson,RB,69,1.7800308760640253
2021,00-0031235,Odell Beckham,WR,83,1.7921760097292943
2021,00-0031236,Brandin Cooks,WR,134,1.5986872330907846
2021,00-0031273,Cameron Brate,TE,57,2.840146538607466
2021,00-0031285,Devonta Freeman,RB,42,2.0240777782067503
2021,00-0031325,Sammy Watkins,WR,49,1.6571160353915007
2021,00-0031381,Davante Adams,WR,169,2.30032221728918
2021,00-0031382,Jarvis Landry,WR,87,1.782610090775616
2021,00-0031408,Mike Evans,WR,114,2.1378539464903152
2021,00-0031428,Allen Robinson,WR,67,1.8460811566365536
2021,00-0031544,Amari Cooper,WR,104,2.2211336598629714
2021,00-0031547,DeVante Parker,WR,73,1.6161657607626196
2021,00-0031549,Nelson Agholor,WR,64,2.115572635530043
2021,00-0031588,Stefon Diggs,WR,164,2.2582066586092413
2021,00-0031610,Darren Waller,TE,93,1.9877652708955498
2021,00-0031763,DeAndre Carter,WR,44,1.8452273657563967
2021,00-0031941,Jamison Crowder,WR,73,1.979521700978828
2021,00-0032009,Adam Humphries,WR,62,1.783401019542643
2021,00-0032063,Mike Davis,RB,58,1.5701741232930138
2021,00-0032104,Ameer Abdullah,RB,53,1.9303484973278036
2021,00-0032134,C.J. Uzomah,TE,63,1.8828793864656563
2021,00-0032141,Geoff Swaim,TE,40,2.395609863745631
2021,00-0032187,David Johnson,RB,42,1.6065446363132825
2021,00-0032211,Tyler Lockett,WR,108,1.8756884846805866
2021,00-0032355,Chester Rogers,WR,43,1.8495928270885789
2021,00-0032385,Sterling Shepard,WR,53,2.0494430678883426
2021,00-0032392,Austin Hooper,TE,62,2.2283215699869947
2021,00-0032464,Kalif Raymond,WR,71,1.939751050642013
2021,00-0032602,J.D. McKissic,RB,54,1.6014092454939515
2021,00-0032688,Robby Anderson,WR,110,1.6438303484290373
2021,00-0032775,Demarcus Robinson,WR,41,2.3871018483329043
2021,00-0032951,Laquon Treadwell,WR,51,1.660256845412625
2021,00-0032972,Devontae Booker,RB,45,1.3268634425204557
2021,00-0032977,Rashard Higgins,WR,47,1.6736382383257498
2021,00-0033009,Tyler Boyd,WR,95,1.727589707496716
2021,00-0033040,Tyreek Hill,WR,159,2.184741068282897
2021,00-0033045,Ezekiel Elliott,RB,65,2.1929592134251905
2021,00-0033090,Hunter Henry,TE,75,2.475585720234085
2021,00-0033110,Tyler Higbee,TE,85,2.3814224155397183
2021,00-0033118,Kenyan Drake,RB,40,2.146934278937988
2021,00-0033217,Mo Alie-Cox,TE,45,2.6708218660852356
2021,00-0033251,Zach Pascal,WR,69,2.217850186134034
2021,00-0033280,Christian McCaffrey,RB,41,1.7402468920009575
2021,00-0033288,George Kittle,TE,94,1.9758282868712371
2021,00-0033293,Aaron Jones,RB,65,2.448095732932695
2021,00-0033307,Kendrick Bourne,WR,70,1.802788024545381
2021,00-0033375,Tim Patrick,WR,85,1.99359423878589
2021,00-0033455,Anthony Firkser,TE,43,1.5277473237128594
2021,00-0033536,Mike Williams,WR,130,2.3675659328997978
2021,00-0033572,Jamal Agnew,WR,40,1.4419775727666972
2021,00-0033611,Ricky Seals-Jones,TE,51,2.35798907877167
2021,00-0033681,Keelan Cole,WR,52,1.7576495567720043
2021,00-0033699,Austin Ekeler,RB,95,2.090122219430447
2021,00-0033856,Leonard Fournette,RB,84,2.617851960548987
2021,00-0033858,Jonnu Smith,TE,45,2.945851003093412
2021,00-0033871,Corey Davis,WR,59,1.5381495175464868
2021,00-0033881,Evan Engram,TE,73,1.5129630291852016
2021,00-0033885,David Njoku,TE,53,2.2575678445304357
2021,00-0033891,Zay Jones,WR,70,1.6863923708741952
2021,00-0033893,Dalvin Cook,RB,49,1.7307930378586633
2021,00-0033895,Gerald Everett,TE,63,1.6523960068589076
2021,00-0033897,Joe Mixon,RB,48,2.2145006114951684
2021,00-0033906,Alvin Kamara,RB,67,2.0590932668402178
2021,00-0033908,Cooper Kupp,WR,192,2.5024165220442374
2021,00-0033921,Chris Godwin,WR,127,2.2512450990366557
2021,00-0033932,Kenny Golladay,WR,77,1.88987728101394
2021,00-0033943,Josh Reynolds,WR,49,1.657312533109002
2021,00-0034011,Dan Arnold,TE,53,1.525109699718874
2021,00-0034270,Tyler Conklin,TE,87,2.088787931628758
2021,00-0034272,Marquez Valdes-Scantling,WR,56,1.750207843816885
2021,00-0034297,Byron Pringle,WR,60,2.2731132714989752
2021,00-0034301,Darrel Williams,RB,57,2.4251230237030286
2021,00-0034348,Courtland Sutton,WR,100,1.7389724279931376
2021,00-0034351,Dallas Goedert,TE,77,2.2652666349764887
2021,00-0034367,Nyheim Hines,RB,57,2.313610904699951
2021,00-0034383,Dalton Schultz,TE,106,2.126852156892845
2021,00-0034407,Ray-Ray McCloud,WR,66,2.0053736508041653
2021,00-0034411,Russell Gage,WR,94,1.7708472759054823
2021,00-0034418,Cedrick Wilson,WR,62,1.9132605441745008
2021,00-0034419,Braxton Berrios,WR,65,1.6158103442849374
2021,00-0034521,Allen Lazard,WR,60,2.0891650542112377
2021,00-0034676,James Washington,WR,44,2.193115379083214
2021,00-0034681,Chase Edmonds,RB,53,1.9693770608776864
2021,00-0034753,Mark Andrews,TE,158,2.060148801836841
2021,00-0034764,Michael Gallup,WR,62,2.050157826147399
2021,00-0034765,Tre'Quan Smith,WR,51,2.0631191574071863
2021,00-0034775,Christian Kirk,WR,103,1.9877691767511898
2021,00-0034798,Durham Smythe,TE,41,2.5239310616005506
2021,00-0034827,D.J. Moore,WR,164,1.7863380554173507
2021,00-0034829,Mike Gesicki,TE,113,1.8727361914907537
2021,00-0034837,Calvin Ridley,WR,52,1.9722909759685325
2021,00-0034844,Saquon Barkley,RB,57,1.940620282151238
2021,00-0034960,Jakobi Meyers,WR,128,1.953004884495611
2021,00-0034981,Foster Moreau,TE,44,2.118543946607546
2021,00-0034983,Hunter Renfrow,WR,129,2.218349279266038
2021,00-0035140,Mecole Hardman,WR,83,2.2081735370917728
2021,00-0035208,Olamide Zaccheaus,WR,54,2.0765673379961886
2021,00-0035215,Deonte Harris,WR,59,1.8157957703717669
2021,00-0035216,Diontae Johnson,WR,173,1.9470567135491872
2021,00-0035229,T.J. Hockenson,TE,86,1.9303571259914896
2021,00-0035250,Devin Singletary,RB,50,1.9584935639728793
2021,00-0035261,Tony Pollard,RB,47,2.369755592250741
2021,00-0035311,Myles Gaskin,RB,63,2.222339719910884
2021,00-0035414,Jalen Guyton,WR,48,2.166421099065701
2021,00-0035535,Darius Slayton,WR,58,1.6934404239823224
2021,00-0035537,Ty Johnson,RB,55,1.4273207990838936
2021,00-0035640,DK Metcalf,WR,129,1.7956147460240328
2021,00-0035644,Noah Fant,TE,91,1.8837478730328954
2021,00-0035659,Terry McLaurin,WR,130,1.850309477190604
2021,00-0035662,Marquise Brown,WR,147,1.909611351791112
2021,00-0035664,Darrell Henderson,RB,40,2.4679558656011067
2021,00-0035676,A.J. Brown,WR,105,2.1315457858871447
2021,00-0035685,David Montgomery,RB,51,2.0781177393019235
2021,00-0035689,Dawson Knox,TE,71,2.81499393972155
2021,00-0035700,Josh Jacobs,RB,64,2.158154645894683
2021,00-0035719,Deebo Samuel,WR,121,1.537084344022355
2021,00-0035831,James Robinson,RB,46,1.3934076968536195
2021,00-0036182,Nick Westbrook-Ikhine,WR,57,2.051431696298287
2021,00-0036196,Gabriel Davis,WR,63,2.402441235347873
2021,00-0036219,Marquez Callaway,WR,84,1.5599507559180938
2021,00-0036223,Jonathan Taylor,RB,52,1.8034595041549766
2021,00-0036233,Donovan Peoples-Jones,WR,59,1.7638493533134223
2021,00-0036247,Freddie Swain,WR,41,1.664538483608514
2021,00-0036252,Michael Pittman,WR,130,2.168141291793681
2021,00-0036261,Brandon Aiyuk,WR,86,1.5905613406465853
2021,00-0036268,Laviska Shenault,WR,100,1.4944741546292792
2021,00-0036271,Quez Watkins,WR,63,2.061242317559338
2021,00-0036275,D'Andre Swift,RB,78,1.9603909394563508
2021,00-0036290,Cole Kmet,TE,93,1.8372125080035577
2021,00-0036309,Darnell Mooney,WR,141,1.7307036141758645
2021,00-0036322,Justin Jefferson,WR,170,1.7146271670160984
2021,00-0036326,Chase Claypool,WR,105,1.846766891340459
2021,00-0036328,Antonio Gibson,RB,53,2.1715809812053757
2021,00-0036331,Devin Duvernay,WR,47,1.7773948448971457
2021,00-0036345,K.J. Osborn,WR,82,1.8710757881114062
2021,00-0036358,CeeDee Lamb,WR,121,1.817639751184836
2021,00-0036365,Bryan Edwards,WR,60,1.8976951188468452
2021,00-0036387,Jalen Reagor,WR,57,1.874782428315947
2021,00-0036407,Jerry Jeudy,WR,56,1.7124855087822652
2021,00-0036410,Tee Higgins,WR,111,1.8348061548319672
2021,00-0036415,Van Jefferson,WR,89,2.1082846999480362
2021,00-0036422,Adam Trautman,TE,44,2.305533857956269
2021,00-0036423,Albert Okwuegbunam,TE,40,1.721106027207861
2021,00-0036427,Tyler Johnson,WR,56,1.6538993052399724
2021,00-0036550,Rashod Bateman,WR,68,1.8196733767074287
2021,00-0036554,Nico Collins,WR,60,1.9663252093610937
2021,00-0036613,Jaylen Waddle,WR,140,1.7276325359612072
2021,00-0036893,Najee Harris,RB,94,1.9803538899862536
2021,00-0036894,Pat Freiermuth,TE,80,2.0357702935563777
2021,00-0036900,Ja'Marr Chase,WR,128,1.9333025182481833
2021,00-0036912,DeVonta Smith,WR,105,1.672578704535234
2021,00-0036913,Kadarius Toney,WR,57,1.6374787806427071
2021,00-0036919,Kenneth Gainwell,RB,50,2.407627438422642
2021,00-0036924,Michael Carter,RB,55,1.5376259946528907
2021,00-0036936,Rondale Moore,WR,64,1.9384869017480924
2021,00-0036963,Amon-Ra St. Brown,WR,121,2.0489524406326094
2021,00-0036970,Kyle Pitts,TE,110,2.051255011110334
2021,00-0036980,Elijah Moore,WR,78,1.7829078602985515
2021,00-0036988,Josh Palmer,WR,49,2.2669117421794405
2021,00-0036997,Javonte Williams,RB,53,1.6374281436119245
2022,00-0027942,A.J. Green,WR,49,1.7355401738147604
2022,00-0027944,Julio Jones,WR,43,2.1334815939893774
2022,00-0028002,Randall Cobb,WR,50,2.104858484423021
2022,00-0029293,Marvin Jones,WR,81,1.7223410523693472
2022,00-0030035,Adam Thielen,WR,109,2.4623734346826414
2022,00-0030061,Zach Ertz,TE,71,1.8716354902151575
2022,00-0030068,Marquise Goodwin,WR,42,2.0809059004254995
2022,00-0030279,Keenan Allen,WR,89,2.1544644475157186
2022,00-0030288,Rex Burkhead,RB,51,1.9720346341525916
2022,00-0030431,Robert Woods,WR,91,1.7210885438393893
2022,00-0030506,Travis Kelce,TE,153,2.1979106255515743
2022,00-0030564,DeAndre Hopkins,WR,98,1.8987867385178683
2022,00-0031236,Brandin Cooks,WR,93,1.6976550839877667
2022,00-0031260,Logan Thomas,TE,61,2.0741385211767325
2022,00-0031376,Jerick McKinnon,RB,72,2.5406398932073984
2022,00-0031381,Davante Adams,WR,181,2.018488697695191
2022,00-0031382,Jarvis Landry,WR,40,2.0903120432794795
2022,00-0031408,Mike Evans,WR,128,2.036700390771442
2022,00-0031428,Allen Robinson,WR,52,2.4771105548430707
2022,00-0031544,Amari Cooper,WR,132,2.0633966738206446
2022,00-0031547,DeVante Parker,WR,47,2.1804048197859145
2022,00-0031549,Nelson Agholor,WR,53,1.682645400350184
2022,00-0031588,Stefon Diggs,WR,154,2.1791291129484307
2022,00-0031610,Darren Waller,TE,44,2.4561773529226616
2022,00-0031687,Raheem Mostert,RB,42,2.1225542491717664
2022,00-0031763,DeAndre Carter,WR,65,2.2768857528782416
2022,00-0032208,Phillip Dorsett,WR,40,1.7623276540572987
2022,00-0032211,Tyler Lockett,WR,117,1.7794986406304376
2022,00-0032392,Austin Hooper,TE,60,1.7773027696142285
2022,00-0032398,Chris Moore,WR,74,1.8832325727743338
2022,00-0032464,Kalif Raymond,WR,64,1.8881185526424815
2022,00-0032602,J.D. McKissic,RB,42,1.6670370414219686
2022,00-0032688,Robby Anderson,WR,44,1.5200710957115833
2022,00-0032764,Derrick Henry,RB,41,2.337162945444395
2022,00-0032775,Demarcus Robinson,WR,75,1.8250508251336093
2022,00-0033009,Tyler Boyd,WR,85,2.066961487168134
2022,00-0033040,Tyreek Hill,WR,170,1.6292243474875303
2022,00-0033090,Hunter Henry,TE,59,1.8793332332896138
2022,00-0033110,Tyler Higbee,TE,108,2.3434622835336123
2022,00-0033280,Christian McCaffrey,RB,108,1.928032298628952
2022,00-0033282,Curtis Samuel,WR,93,1.5797494463868218
2022,00-0033288,George Kittle,TE,86,2.204182447512298
2022,00-0033293,Aaron Jones,RB,73,2.12626946592374
2022,00-0033307,Kendrick Bourne,WR,48,1.5647289224331566
2022,00-0033466,Isaiah McKenzie,WR,65,2.2324879273020017
2022,00-0033526,Samaje Perine,RB,51,1.9832293856951781
2022,00-0033536,Mike Williams,WR,93,2.228733504866375
2022,00-0033553,James Conner,RB,58,1.327026153685814
2022,00-0033555,Mack Hollins,WR,94,1.8609084095932829
2022,00-0033591,Noah Brown,WR,75,1.9503495600565397
2022,00-0033699,Austin Ekeler,RB,127,2.2416567654849864
2022,00-0033757,Robert Tonyan,TE,67,1.670464164972281
2022,00-0033856,Leonard Fournette,RB,83,1.9861921956043842
2022,00-0033857,JuJu Smith-Schuster,WR,102,2.132312320083905
2022,00-0033871,Corey Davis,WR,64,1.4451952955187153
2022,00-0033881,Evan Engram,TE,101,1.7416025275330769
2022,00-0033885,David Njoku,TE,80,2.3028654149966314
2022,00-0033891,Zay Jones,WR,122,1.9866606403662495
2022,00-0033893,Dalvin Cook,RB,56,2.369840246187128
2022,00-0033895,Gerald Everett,TE,88,2.0622159179595396
2022,00-0033897,Joe Mixon,RB,75,2.424827638453571
2022,00-0033906,Alvin Kamara,RB,77,2.424185255004166
2022,00-0033908,Cooper Kupp,WR,98,2.0708737388895875
2022,00-0033921,Chris Godwin,WR,145,1.7011861918075588
2022,00-0033923,Kareem Hunt,RB,44,1.8147280388948275
2022,00-0033943,Josh Reynolds,WR,59,2.408821847079661
2022,00-0034270,Tyler Conklin,TE,87,1.3680567271072797
2022,00-0034272,Marquez Valdes-Scantling,WR,81,1.8838112420904778
2022,00-0034286,Richie James,WR,70,1.5725434456785607
2022,00-0034348,Courtland Sutton,WR,109,1.732114745491695
2022,00-0034351,Dallas Goedert,TE,69,2.1518438249704954
2022,00-0034364,Jordan Akins,TE,56,2.0408893233309584
2022,00-0034383,Dalton Schultz,TE,89,2.2522469301458856
2022,00-0034411,Russell Gage,WR,72,1.9622210977472065
2022,00-0034487,Trent Sherfield,WR,51,1.895309295445936
2022,00-0034521,Allen Lazard,WR,101,1.9388828552133535
2022,00-0034753,Mark Andrews,TE,114,1.9099171055069033
2022,00-0034764,Michael Gallup,WR,74,1.8439657123656348
2022,00-0034775,Christian Kirk,WR,134,2.147399712387283
2022,00-0034777,D.J. Chark,WR,52,2.0459152375753127
2022,00-0034827,D.J. Moore,WR,118,1.8076339055514221
2022,00-0034829,Mike Gesicki,TE,53,2.5678478274595977
2022,00-0034830,Hayden Hurst,TE,68,2.033115302395719
2022,00-0034844,Saquon Barkley,RB,77,1.5214014243424852
2022,00-0034860,Dante Pettis,WR,42,1.921279142644334
2022,00-0034960,Jakobi Meyers,WR,98,1.5145114756765996
2022,00-0034981,Foster Moreau,TE,54,1.9029540755215781
2022,00-0034983,Hunter Renfrow,WR,51,1.9322623284570688
2022,00-0035208,Olamide Zaccheaus,WR,61,1.6283140364131645
2022,00-0035216,Diontae Johnson,WR,149,1.9854724032021287
2022,00-0035229,T.J. Hockenson,TE,131,1.9507112598094631
2022,00-0035250,Devin Singletary,RB,52,2.3136429958876064
2022,00-0035261,Tony Pollard,RB,55,2.133382968388667
2022,00-0035298,Scott Miller,WR,40,2.324270056104433
2022,00-0035500,Greg Dortch,WR,64,1.8011713127898474
2022,00-0035535,Darius Slayton,WR,71,1.6114228252865843
2022,00-0035639,Parris Campbell,WR,92,1.8599274026025288
2022,00-0035640,DK Metcalf,WR,142,2.1548322097749426
2022,00-0035644,Noah Fant,TE,63,1.9412575156329985
2022,00-0035659,Terry McLaurin,WR,120,1.591457576000054
2022,00-0035662,Marquise Brown,WR,107,1.6497507438511874
2022,00-0035676,A.J. Brown,WR,145,2.1084438894508035
2022,00-0035685,David Montgomery,RB,40,1.3051958609736178
2022,00-0035689,Dawson Knox,TE,65,1.9944705203972544
2022,00-0035700,Josh Jacobs,RB,64,1.8882818908414265
2022,00-0035719,Deebo Samuel,WR,94,1.9754350105123446
2022,00-0036040,Juwan Johnson,TE,65,2.037665826168198
2022,00-0036165,Isaiah Hodgins,WR,49,1.9610967142302496
2022,00-0036182,Nick Westbrook-Ikhine,WR,50,1.7770601052721033
2022,00-0036196,Gabe Davis,WR,93,2.009461316547948
2022,00-0036223,Jonathan Taylor,RB,42,1.719909655727812
2022,00-0036232,Harrison Bryant,TE,43,2.034146096509659
2022,00-0036233,Donovan Peoples-Jones,WR,96,1.633076795901919
2022,00-0036252,Michael Pittman,WR,142,1.917792279962027
2022,00-0036259,Jauan Jennings,WR,56,1.6046542322297423
2022,00-0036261,Brandon Aiyuk,WR,114,2.096480999710733
2022,00-0036265,A.J. Dillon,RB,43,2.290954433343655
2022,00-0036271,Quez Watkins,WR,51,2.0357771550839328
2022,00-0036275,D'Andre Swift,RB,70,2.108213327539852
2022,00-0036290,Cole Kmet,TE,70,2.0798284382278696
2022,00-0036309,Darnell Mooney,WR,62,1.8676172961514226
2022,00-0036322,Justin Jefferson,WR,185,2.2870996080229613
2022,00-0036326,Chase Claypool,WR,79,1.7074751537875272
2022,00-0036328,Antonio Gibson,RB,58,1.9477278629126196
2022,00-0036331,Devin Duvernay,WR,49,2.184949081298439
2022,00-0036345,K.J. Osborn,WR,90,2.0207593647032303
2022,00-0036358,CeeDee Lamb,WR,156,2.0301158627497413
2022,00-0036407,Jerry Jeudy,WR,100,1.7684279234986748
2022,00-0036410,Tee Higgins,WR,110,2.083503981579004
2022,00-0036415,Van Jefferson,WR,44,1.5958779653499897
2022,00-0036554,Nico Collins,WR,66,1.8927966302849886
2022,00-0036572,Shi Smith,WR,42,2.107516442357984
2022,00-0036613,Jaylen Waddle,WR,118,1.7707207728722625
2022,00-0036862,Ben Skowronek,WR,61,1.9840799053733955
2022,00-0036875,Rhamondre Stevenson,RB,90,1.7090242147532966
2022,00-0036876,Kylen Granson,TE,40,1.5317686346024857
2022,00-0036893,Najee Harris,RB,53,2.134567530173369
2022,00-0036894,Pat Freiermuth,TE,98,1.8284183966651633
2022,00-0036900,Ja'Marr Chase,WR,134,2.353609967345212
2022,00-0036912,DeVonta Smith,WR,137,1.8700702348463762
2022,00-0036924,Michael Carter,RB,54,1.3448773215711332
2022,00-0036936,Rondale Moore,WR,56,1.7928463805931514
2022,00-0036955,Terrace Marshall,WR,47,2.049707707868483
2022,00-0036963,Amon-Ra St. Brown,WR,146,2.2299823599406245
2022,00-0036970,Kyle Pitts,TE,59,1.7828867970072957
2022,00-0036973,Travis Etienne,RB,45,1.8772363450805036
2022,00-0036980,Elijah Moore,WR,65,1.7232980963738203
2022,00-0036988,Josh Palmer,WR,108,2.0391688820704132
2022,00-0037238,Drake London,WR,118,2.1530331154821294
2022,00-0037239,Chris Olave,WR,120,1.6956245355311685
2022,00-0037247,George Pickens,WR,85,1.5277034222276746
2022,00-0037252,Greg Dulcich,TE,55,1.1672710445185654
2022,00-0037256,Rachaad White,RB,58,2.0019208928545056
2022,00-0037664,Alec Pierce,WR,78,1.705470799111376
2022,00-0037740,Garrett Wilson,WR,146,1.669890388991118
2022,00-0037741,Jahan Dotson,WR,63,2.013839570784638
2022,00-0037742,Treylon Burks,WR,54,1.8251294051323956
2022,00-0037755,Jelani Woods,TE,40,2.1115859985628047
2022,00-0037809,Chigoziem Okonkwo,TE,47,1.5941627606346391
2022,00-0037816,Romeo Doubs,WR,67,1.800611429816501
2022,00-0037838,Isaiah Likely,TE,60,1.8473168966583517
2022,00-0038104,Tyquan Thornton,WR,45,2.0232083188757923
2022,00-0038124,Christian Watson,WR,66,2.235705310080172
2022,00-0038129,Cade Otton,TE,65,2.5293071762779546
2023,00-0030035,Adam Thielen,WR,138,1.8694360895887763
2023,00-0030061,Zach Ertz,TE,43,1.8970360254576473
2023,00-0030279,Keenan Allen,WR,150,1.7678228086970436
2023,00-0030431,Robert Woods,WR,75,1.8814431812078691
2023,00-0030506,Travis Kelce,TE,121,2.2321278917762424
2023,00-0030564,DeAndre Hopkins,WR,137,1.7443023489424483
2023,00-0031235,Odell Beckham Jr.,WR,64,2.297620390808788
2023,00-0031236,Brandin Cooks,WR,82,2.365035204172293
2023,00-0031260,Logan Thomas,TE,79,1.700372282027883
2023,00-0031381,Davante Adams,WR,175,2.1964725081591
2023,00-0031408,Mike Evans,WR,137,1.9646141656544214
2023,00-0031428,Allen Robinson,WR,49,1.4154116735337492
2023,00-0031544,Amari Cooper,WR,130,1.5883611094047605
2023,00-0031547,DeVante Parker,WR,55,1.4452220079002225
2023,00-0031549,Nelson Agholor,WR,45,2.059473799894719
2023,00-0031588,Stefon Diggs,WR,161,1.8344507227439
2023,00-0031610,Darren Waller,TE,74,1.4869986522967953
2023,00-0032211,Tyler Lockett,WR,124,1.9021406577535764
2023,00-0032464,Kalif Raymond,WR,44,2.124111696044565
2023,00-0032765,Michael Thomas,WR,64,1.8367119055169496
2023,00-0033009,Tyler Boyd,WR,98,1.9375409866256728
2023,00-0033040,Tyreek Hill,WR,172,1.9764196222292172
2023,00-0033045,Ezekiel Elliott,RB,65,1.4287758495192975
2023,00-0033090,Hunter Henry,TE,61,1.6387422376495528
2023,00-0033110,Tyler Higbee,TE,70,2.15804333992502
2023,00-0033280,Christian McCaffrey,RB,83,2.387283866048625
2023,00-0033282,Curtis Samuel,WR,91,1.9136902109318756
2023,00-0033288,George Kittle,TE,90,1.99024831260354
2023,00-0033293,Aaron Jones,RB,43,2.3349537515449663
2023,00-0033307,Kendrick Bourne,WR,55,2.0167915124287403
2023,00-0033526,Samaje Perine,RB,56,1.550726542876094
2023,00-0033591,Noah Brown,WR,56,1.5127009972838983
2023,00-0033699,Austin Ekeler,RB,74,2.144313789089997
2023,00-0033857,JuJu Smith-Schuster,WR,47,1.6090549767411195
2023,00-0033858,Jonnu Smith,TE,70,2.2183235242118826
2023,00-0033881,Evan Engram,TE,144,1.8303214167504436
2023,00-0033885,David Njoku,TE,123,1.7680051764674447
2023,00-0033891,Zay Jones,WR,64,1.9249833282797226
2023,00-0033895,Gerald Everett,TE,70,2.004528660301003
2023,00-0033897,Joe Mixon,RB,65,2.195116343058402
2023,00-0033906,Alvin Kamara,RB,87,2.071121851863618
2023,00-0033908,Cooper Kupp,WR,97,2.4418068229110967
2023,00-0033921,Chris Godwin,WR,131,1.7132322772801265
2023,00-0033943,Josh Reynolds,WR,64,2.1179816173907966
2023,00-0034270,Tyler Conklin,TE,87,1.4452404263298877
2023,00-0034272,Marquez Valdes-Scantling,WR,42,1.5259281366958195
2023,00-0034348,Courtland Sutton,WR,91,2.062729728343073
2023,00-0034351,Dallas Goedert,TE,83,1.9913745106973526
2023,00-0034383,Dalton Schultz,TE,89,1.8105577245147646
2023,00-0034386,Justin Watson,WR,53,1.2240852245287794
2023,00-0034521,Allen Lazard,WR,49,1.6199705856412705
2023,00-0034613,Tanner Hudson,TE,50,1.6773084244946945
2023,00-0034646,Brandon Powell,WR,44,1.9646382915776814
2023,00-0034753,Mark Andrews,TE,61,2.3935548902477795
2023,00-0034764,Michael Gallup,WR,57,2.1788951009425146
2023,00-0034775,Christian Kirk,WR,85,1.8437623810211388
2023,00-0034777,D.J. Chark,WR,66,1.6646928826354048
2023,00-0034798,Durham Smythe,TE,43,2.0582460944519143
2023,00-0034827,D.J. Moore,WR,138,1.9784195785808436
2023,00-0034829,Mike Gesicki,TE,46,1.45135217113515
2023,00-0034837,Calvin Ridley,WR,137,2.198785640377177
2023,00-0034844,Saquon Barkley,RB,61,1.6357128628566329
2023,00-0034960,Jakobi Meyers,WR,106,2.351135626757069
2023,00-0034972,Alexander Mattison,RB,44,2.4434161449733605
2023,00-0035216,Diontae Johnson,WR,87,1.7081769463738652
2023,00-0035229,T.J. Hockenson,TE,127,1.9348328451804295
2023,00-0035243,Miles Sanders,RB,41,1.9228467363835788
2023,00-0035261,Tony Pollard,RB,67,2.4148215121926686
2023,00-0035329,Donald Parham,TE,41,2.459193932295709
2023,00-0035500,Greg Dortch,WR,41,1.5487349120894356
2023,00-0035535,Darius Slayton,WR,79,1.2529695556363492
2023,00-0035640,DK Metcalf,WR,119,2.1089320040585284
2023,00-0035644,Noah Fant,TE,43,1.6834454306071018
2023,00-0035659,Terry McLaurin,WR,132,1.8596603171798491
2023,00-0035662,Marquise Brown,WR,104,1.6389385767535962
2023,00-0035676,A.J. Brown,WR,158,1.931326860272402
2023,00-0035700,Josh Jacobs,RB,54,2.1232812154792353
2023,00-0035719,Deebo Samuel,WR,89,2.061124052432185
2023,00-0036040,Juwan Johnson,TE,59,2.202224033353929
2023,00-0036182,Nick Westbrook-Ikhine,WR,46,2.0632144699240733
2023,00-0036196,Gabe Davis,WR,82,2.1750600153046844
2023,00-0036252,Michael Pittman,WR,158,1.9926325486091696
2023,00-0036261,Brandon Aiyuk,WR,105,1.9264307197172286
2023,00-0036275,D'Andre Swift,RB,49,1.7696456556120528
2023,00-0036290,Cole Kmet,TE,90,2.0421140285784434
2023,00-0036309,Darnell Mooney,WR,61,1.8462232679260329
2023,00-0036322,Justin Jefferson,WR,100,2.0522162357205525
2023,00-0036328,Antonio Gibson,RB,59,1.5929128464347866
2023,00-0036345,K.J. Osborn,WR,75,1.966337245440421
2023,00-0036358,CeeDee Lamb,WR,182,2.356768471369942
2023,00-0036407,Jerry Jeudy,WR,87,1.9263513624345638
2023,00-0036410,Tee Higgins,WR,76,2.0562378930703025
2023,00-0036415,Van Jefferson,WR,43,1.6634497283565335
2023,00-0036550,Rashod Bateman,WR,56,2.080716480041571
2023,00-0036554,Nico Collins,WR,109,1.9575094320980084
2023,00-0036555,Chuba Hubbard,RB,44,1.3474291310769995
2023,00-0036613,Jaylen Waddle,WR,104,1.938623781795356
2023,00-0036637,Noah Gray,TE,41,2.1680023491775855
2023,00-0036849,Tutu Atwell,WR,68,1.7701406934183426
2023,00-0036875,Rhamondre Stevenson,RB,51,1.642009022166866
2023,00-0036876,Kylen Granson,TE,50,1.589676257749088
2023,00-0036894,Pat Freiermuth,TE,48,1.3888337862266151
2023,00-0036900,Ja'Marr Chase,WR,145,2.004005429887309
2023,00-0036912,DeVonta Smith,WR,113,1.9340385561418738
2023,00-0036936,Rondale Moore,WR,63,1.5307544603713286
2023,00-0036963,Amon-Ra St. Brown,WR,165,2.029844299927583
2023,00-0036970,Kyle Pitts,TE,90,1.532514964636195
2023,00-0036973,Travis Etienne,RB,73,1.8030866638339471
2023,00-0036980,Elijah Moore,WR,104,1.7855971529531347
2023,00-0036988,Josh Palmer,WR,61,2.16178967152268
2023,00-0036997,Javonte Williams,RB,59,1.8940611324917753
2023,00-0037197,Isiah Pacheco,RB,49,2.231816932706314
2023,00-0037228,Jaylen Warren,RB,74,1.5375832924733372
2023,00-0037238,Drake London,WR,112,1.7703912907693697
2023,00-0037239,Chris Olave,WR,139,1.9910260012592957
2023,00-0037240,Jameson Williams,WR,42,2.195591648961584
2023,00-0037247,George Pickens,WR,106,1.6106133111079886
2023,00-0037248,James Cook,RB,54,2.3882733618100045
2023,00-0037256,Rachaad White,RB,70,1.7956041060541923
2023,00-0037261,Khalil Shakir,WR,46,1.912240875538489
2023,00-0037267,Jerome Ford,RB,63,1.720661381092329
2023,00-0037545,Rashid Shaheed,WR,75,2.1082590882107617
2023,00-0037664,Alec Pierce,WR,65,1.7218119732963924
2023,00-0037740,Garrett Wilson,WR,168,1.7366607400032255
2023,00-0037741,Jahan Dotson,WR,83,2.0930383235422325
2023,00-0037744,Trey McBride,TE,106,1.7813606337154888
2023,00-0037746,Brian Robinson,RB,43,2.0489080168664193
2023,00-0037809,Chigoziem Okonkwo,TE,77,1.610741762495025
2023,00-0037816,Romeo Doubs,WR,96,1.9228699509173262
2023,00-0037838,Isaiah Likely,TE,40,2.007968240066839
2023,00-0037840,Kyren Williams,RB,48,2.6796972956854006
2023,00-0038041,Jake Ferguson,TE,102,2.3414555097768632
2023,00-0038117,Wan'Dale Robinson,WR,78,1.6190800744105873
2023,00-0038120,Breece Hall,RB,95,1.5614288161508738
2023,00-0038124,Christian Watson,WR,53,2.2781807686156106
2023,00-0038129,Cade Otton,TE,67,2.1671355490967175
2023,00-0038393,Dontayvion Wicks,WR,58,1.9523844909809074
2023,00-0038542,Bijan Robinson,RB,86,1.8291837299543132
2023,00-0038543,Jaxon Smith-Njigba,WR,93,1.620314530638029
2023,00-0038544,Quentin Johnston,WR,67,1.8532081115130794
2023,00-0038559,Michael Wilson,WR,58,1.902493209056235
2023,00-0038621,Demario Douglas,WR,79,1.7239595665559586
2023,00-0038933,Dalton Kincaid,TE,91,1.998560087817688
2023,00-0038938,Jalin Hyatt,WR,40,1.4200972949969581
2023,00-0038977,Tank Dell,WR,76,1.9546837487943856
2023,00-0038979,Cedric Tillman,WR,44,1.699387557959364
2023,00-0038994,Jordan Addison,WR,108,2.082240852521392
2023,00-0038996,Tucker Kraft,TE,40,2.59822255983745
2023,00-0038997,Josh Downs,WR,98,1.6755894103036404
2023,00-0039021,Roschon Johnson,RB,40,1.714044693534379
2023,00-0039032,Tyjae Spears,RB,70,1.5576739069922563
2023,00-0039052,Trey Palmer,WR,69,1.830294563585386
2023,00-0039062,Jonathan Mingo,WR,85,1.2908836178906153
2023,00-0039064,Zay Flowers,WR,109,2.1543954291052243
2023,00-0039065,Sam LaPorta,TE,122,1.8561958410644972
2023,00-0039066,Michael Mayer,TE,41,1.9044765411814357
2023,00-0039067,Rashee Rice,WR,102,2.2569723823704124
2023,00-0039075,Puka Nacua,WR,160,1.9363332586926845
2023,00-0039139,Jahmyr Gibbs,RB,72,2.1743955566802855
2023,00-0039144,Luke Musgrave,TE,46,1.9157068025391628
2023,00-0039146,Jayden Reed,WR,95,2.132404883745842
2023,00-0039165,Zach Charbonnet,RB,40,1.6030224333371734
2024,00-0030035,Adam Thielen,WR,62,1.6347551236460511
2024,00-0030061,Zach Ertz,TE,93,2.251600399516678
2024,00-0030279,Keenan Allen,WR,123,2.082919956469335
2024,00-0030506,Travis Kelce,TE,134,2.3404929383727144
2024,00-0030564,DeAndre Hopkins,WR,80,1.9564254653385433
2024,00-0031236,Brandin Cooks,WR,54,2.0406804496683266
2024,00-0031381,Davante Adams,WR,142,2.3102062962170224
2024,00-0031408,Mike Evans,WR,110,2.111269580515959
2024,00-0031544,Amari Cooper,WR,85,1.9503717523054493
2024,00-0031588,Stefon Diggs,WR,64,1.9774142121632394
2024,00-0032104,Ameer Abdullah,RB,47,2.3012867095407117
2024,00-0032211,Tyler Lockett,WR,74,1.9012096355975185
2024,00-0032385,Sterling Shepard,WR,52,1.856003477005006
2024,00-0032392,Austin Hooper,TE,59,2.2080168156653754
2024,00-0032775,Demarcus Robinson,WR,66,2.3305706856556196
2024,00-0033009,Tyler Boyd,WR,58,1.6846281063307864
2024,00-0033040,Tyreek Hill,WR,123,1.9510830043290017
2024,00-0033090,Hunter Henry,TE,97,2.0923729318220494
2024,00-0033282,Curtis Samuel,WR,46,1.854759168074689
2024,00-0033288,George Kittle,TE,94,2.300319642463248
2024,00-0033293,Aaron Jones,RB,62,2.6423747463287004
2024,00-0033375,Tim Patrick,WR,45,2.299545092242056
2024,00-0033553,James Conner,RB,55,2.1851428481665525
2024,00-0033555,Mack Hollins,WR,50,1.9238352414412656
2024,00-0033589,David Moore,WR,57,2.288617957122992
2024,00-0033591,Noah Brown,WR,56,1.724296379793876
2024,00-0033699,Austin Ekeler,RB,41,1.8050508771301814
2024,00-0033858,Jonnu Smith,TE,111,2.0874484660605237
2024,00-0033881,Evan Engram,TE,67,1.4511227156163693
2024,00-0033885,David Njoku,TE,99,2.013275994934231
2024,00-0033897,Joe Mixon,RB,52,2.3670909713982837
2024,00-0033906,Alvin Kamara,RB,89,1.8880186235225431
2024,00-0033908,Cooper Kupp,WR,100,1.8253931874906992
2024,00-0033921,Chris Godwin,WR,62,1.90841874095232
2024,00-0034159,Will Dissly,TE,64,1.8281090453306206
2024,00-0034270,Tyler Conklin,TE,73,2.0173109818283015
2024,00-0034272,Marquez Valdes-Scantling,WR,44,1.6401409203985662
2024,00-0034348,Courtland Sutton,WR,135,2.0767257022805063
2024,00-0034351,Dallas Goedert,TE,52,2.2646115530246442
2024,00-0034364,Jordan Akins,TE,58,1.852311757695259
2024,00-0034383,Dalton Schultz,TE,85,1.6555059496590676
2024,00-0034407,Ray-Ray McCloud,WR,87,1.6383418386923174
2024,00-0034521,Allen Lazard,WR,61,2.038854803361827
2024,00-0034753,Mark Andrews,TE,69,2.2980757733124504
2024,00-0034775,Christian Kirk,WR,47,1.6888433103678757
2024,00-0034827,DJ Moore,WR,142,1.8639365340467002
2024,00-0034829,Mike Gesicki,TE,83,2.168492118317454
2024,00-0034837,Calvin Ridley,WR,120,1.6976523020033105
2024,00-0034844,Saquon Barkley,RB,43,2.253666087053716
2024,00-0034960,Jakobi Meyers,WR,130,2.0522083759926866
2024,00-0034972,Alexander Mattison,RB,48,1.7957843050438291
2024,00-0034975,Justice Hill,RB,51,1.9631327350918366
2024,00-0034981,Foster Moreau,TE,43,2.598639143212579
2024,00-0035208,Olamide Zaccheaus,WR,64,2.2218043647426384
2024,00-0035216,Diontae Johnson,WR,67,1.9923137860979068
2024,00-0035229,T.J. Hockenson,TE,62,2.0488964374000656
2024,00-0035261,Tony Pollard,RB,57,1.5889142690728861
2024,00-0035406,Lil'Jordan Humphrey,WR,45,1.991987668323822
2024,00-0035500,Greg Dortch,WR,50,2.2610801593365615
2024,00-0035535,Darius Slayton,WR,72,1.6352391987976347
2024,00-0035640,DK Metcalf,WR,109,1.628408368168651
2024,00-0035644,Noah Fant,TE,64,1.8015549471710983
2024,00-0035659,Terry McLaurin,WR,118,2.0117909407160006
2024,00-0035676,A.J. Brown,WR,97,1.9096731759071321
2024,00-0035700,Josh Jacobs,RB,43,1.9710730012021633
2024,00-0035719,Deebo Samuel Sr.,WR,81,2.076918824237375
2024,00-0036040,Juwan Johnson,TE,68,1.8593339464350687
2024,00-0036139,Rico Dowdle,RB,50,2.666937509871493
2024,00-0036182,Nick Westbrook-Ikhine,WR,60,1.8510759210112155
2024,00-0036196,Gabe Davis,WR,42,2.0197324014242484
2024,00-0036244,Colby Parkinson,TE,49,2.2391110872707274
2024,00-0036252,Michael Pittman,WR,112,1.682111983577149
2024,00-0036259,Jauan Jennings,WR,113,2.101610077195801
2024,00-0036261,Brandon Aiyuk,WR,47,1.9967421786413788
2024,00-0036275,D'Andre Swift,RB,53,1.8523972401846254
2024,00-0036290,Cole Kmet,TE,59,1.8226994420885092
2024,00-0036309,Darnell Mooney,WR,106,1.8988489463394358
2024,00-0036322,Justin Jefferson,WR,154,2.244904972618527
2024,00-0036358,CeeDee Lamb,WR,154,2.062729322691122
2024,00-0036407,Jerry Jeudy,WR,148,1.844869414371073
2024,00-0036410,Tee Higgins,WR,110,2.3157346491044404
2024,00-0036415,Van Jefferson,WR,40,2.1629831590194954
2024,00-0036427,Tyler Johnson,WR,41,2.3946872302913107
2024,00-0036550,Rashod Bateman,WR,72,2.09829151070355
2024,00-0036554,Nico Collins,WR,99,2.0545752180124057
2024,00-0036555,Chuba Hubbard,RB,54,2.1980665425351753
2024,00-0036613,Jaylen Waddle,WR,85,2.1176290897012193
2024,00-0036626,Dyami Brown,WR,40,2.2049686368620316
2024,00-0036637,Noah Gray,TE,49,2.5799352364211905
2024,00-0036849,Tutu Atwell,WR,62,1.9825908683940783
2024,00-0036875,Rhamondre Stevenson,RB,43,2.4149812001330173
2024,00-0036893,Najee Harris,RB,48,1.962686858839637
2024,00-0036894,Pat Freiermuth,TE,78,1.855629612965575
2024,00-0036900,Ja'Marr Chase,WR,175,2.5393690165933887
2024,00-0036912,DeVonta Smith,WR,90,2.1256106859650257
2024,00-0036963,Amon-Ra St. Brown,WR,141,2.4634681479777916
2024,00-0036970,Kyle Pitts,TE,74,2.0045451592465993
2024,00-0036973,Travis Etienne,RB,52,1.6762179801074895
2024,00-0036980,Elijah Moore,WR,102,1.7654682742657173
2024,00-0036988,Josh Palmer,WR,67,1.6463625492587124
2024,00-0036997,Javonte Williams,RB,70,1.6305229123922929
2024,00-0037228,Jaylen Warren,RB,47,1.9626600711415718
2024,00-0037238,Drake London,WR,159,2.3618922747387696
2024,00-0037239,Chris Olave,WR,44,2.2488799207494594
2024,00-0037240,Jameson Williams,WR,91,2.3255865448973254
2024,00-0037247,George Pickens,WR,103,1.8712579231052002
2024,00-0037256,Rachaad White,RB,57,2.4790679949198915
2024,00-0037261,Khalil Shakir,WR,100,2.036721498772968
2024,00-0037267,Jerome Ford,RB,43,1.2993318788628743
2024,00-0037291,Jalen Nailor,WR,42,1.9704898929325974
2024,00-0037545,Rashid Shaheed,WR,41,2.0970832999453526
2024,00-0037664,Alec Pierce,WR,69,1.8928806970564083
2024,00-0037666,Jalen Tolbert,WR,79,2.191652111677804
2024,00-0037740,Garrett Wilson,WR,154,2.0941666008422843
2024,00-0037744,Trey McBride,TE,147,2.328267741749985
2024,00-0037801,KaVontae Turpin,WR,52,2.0019098413691747
2024,00-0037809,Chig Okonkwo,TE,71,1.7480785823863683
2024,00-0037816,Romeo Doubs,WR,73,1.8891751557121705
2024,00-0037837,Calvin Austin III,WR,58,1.3791861477792704
2024,00-0037838,Isaiah Likely,TE,58,2.3982709328079967
2024,00-0037840,Kyren Williams,RB,40,2.201770013391797
2024,00-0038041,Jake Ferguson,TE,86,1.6768108335192324
2024,00-0038117,Wan'Dale Robinson,WR,140,1.7564537576861246
2024,00-0038120,Breece Hall,RB,76,2.066187243880306
2024,00-0038124,Christian Watson,WR,54,1.9127445584305873
2024,00-0038129,Cade Otton,TE,87,2.3498845347079538
2024,00-0038134,Kenneth Walker III,RB,53,2.206462932516654
2024,00-0038393,Dontayvion Wicks,WR,76,2.191120456088883
2024,00-0038542,Bijan Robinson,RB,72,1.9828175017577854
2024,00-0038543,Jaxon Smith-Njigba,WR,138,1.7707152268063713
2024,00-0038544,Quentin Johnston,WR,91,1.891493011689438
2024,00-0038559,Michael Wilson,WR,71,1.9847758573957088
2024,00-0038563,Tre Tucker,WR,81,1.721367477508331
2024,00-0038597,Chase Brown,RB,65,2.7560457292868077
2024,00-0038606,Parker Washington,WR,53,1.5883603413064287
2024,00-0038608,Kayshon Boutte,WR,69,1.7992028879607838
2024,00-0038619,Andrei Iosivas,WR,61,2.2945508688710223
2024,00-0038621,Demario Douglas,WR,87,1.6688766427657262
2024,00-0038933,Dalton Kincaid,TE,75,2.1651649580329346
2024,00-0038935,Brenton Strange,TE,53,2.0727625049789054
2024,00-0038976,Marvin Mims Jr.,WR,53,1.8107200074374747
2024,00-0038977,Tank Dell,WR,81,2.060979512068127
2024,00-0038979,Cedric Tillman,WR,51,2.0092224062622397
2024,00-0038994,Jordan Addison,WR,100,2.3393594692028996
2024,00-0038996,Tucker Kraft,TE,71,2.345837097446323
2024,00-0038997,Josh Downs,WR,107,2.022121766894114
2024,00-0039040,De'Von Achane,RB,87,2.23929121509735
2024,00-0039062,Jonathan Mingo,WR,42,1.6756852796963704
2024,00-0039064,Zay Flowers,WR,117,1.790576148661908
2024,00-0039065,Sam LaPorta,TE,83,2.740948764384298
2024,00-0039075,Puka Nacua,WR,107,2.252705047644318
2024,00-0039139,Jahmyr Gibbs,RB,63,2.4036173021212024
2024,00-0039146,Jayden Reed,WR,76,2.042639163420971
2024,00-0039165,Zach Charbonnet,RB,52,1.2474346962240253
2024,00-0039337,Malik Nabers,WR,172,2.076853178617669
2024,00-0039338,Brock Bowers,TE,153,2.0339912723664657
2024,00-0039342,Xavier Legette,WR,85,1.8033367714942214
2024,00-0039356,Ja'Tavion Sanders,TE,43,1.931175551457103
2024,00-0039361,Bucky Irving,RB,53,2.815374130487741
2024,00-0039384,Tyrone Tracy Jr.,RB,54,1.8602898570919641
2024,00-0039424,Devaughn Vele,WR,55,2.032329778780695
2024,00-0039491,Jalen Coker,WR,46,2.00179435748736
2024,00-0039847,Theo Johnson,TE,43,1.6001134753541284
2024,00-0039849,Marvin Harrison Jr.,WR,116,2.0172164208817214
2024,00-0039855,Jalen McMillan,WR,58,2.299948717854367
2024,00-0039868,Troy Franklin,WR,53,2.042210739647381
2024,00-0039890,Adonai Mitchell,WR,55,1.9583516532322391
2024,00-0039893,Brian Thomas Jr.,WR,135,1.7802264864340889
2024,00-0039894,Xavier Worthy,WR,99,2.2352333405289393
2024,00-0039901,Keon Coleman,WR,58,2.210625376855673
2024,00-0039915,Ladd McConkey,WR,113,1.8187336149627786
2024,00-0039916,Ricky Pearsall,WR,47,1.8721072419278393
2024,00-0039919,Rome Odunze,WR,101,1.988230572010351
2025,00-0030061,Zach Ertz,TE,73,1.6731438022555387
2025,00-0030279,Keenan Allen,WR,122,1.881635156279758
2025,00-0030506,Travis Kelce,TE,109,1.8772436312503662
2025,00-0031381,Davante Adams,WR,114,2.663237925127441
2025,00-0031408,Mike Evans,WR,62,2.1472230823128484
2025,00-0031588,Stefon Diggs,WR,102,1.6920688995539654
2025,00-0032211,Tyler Lockett,WR,56,1.3817313103284354
2025,00-0032385,Sterling Shepard,WR,54,1.7651182474868663
2025,00-0033090,Hunter Henry,TE,87,2.3149822526240063
2025,00-0033280,Christian McCaffrey,RB,129,2.175098672314266
2025,00-0033288,George Kittle,TE,69,2.412633453788526
2025,00-0033293,Aaron Jones,RB,41,2.0059343117683923
2025,00-0033307,Kendrick Bourne,WR,53,1.772745615362304
2025,00-0033555,Mack Hollins,WR,65,1.8160446577033817
2025,00-0033857,JuJu Smith-Schuster,WR,45,2.6268697473433957
2025,00-0033858,Jonnu Smith,TE,55,2.1066465071606197
2025,00-0033881,Evan Engram,TE,77,1.7586106603238307
2025,00-0033885,David Njoku,TE,48,1.8883757805463877
2025,00-0033908,Cooper Kupp,WR,71,1.9448157964578836
2025,00-0033921,Chris Godwin Jr.,WR,52,1.9211333650637221
2025,00-0034348,Courtland Sutton,WR,125,1.9642803920834548
2025,00-0034351,Dallas Goedert,TE,82,2.3861904034785724
2025,00-0034383,Dalton Schultz,TE,107,2.0017387015932986
2025,00-0034753,Mark Andrews,TE,70,2.086031326587129
2025,00-0034775,Christian Kirk,WR,53,1.981600448030939
2025,00-0034827,DJ Moore,WR,85,2.305866347370423
2025,00-0034829,Mike Gesicki,TE,43,1.9727608519914226
2025,00-0034844,Saquon Barkley,RB,51,1.794493904431159
2025,00-0034960,Jakobi Meyers,WR,110,2.1164848706597694
2025,00-0035208,Olamide Zaccheaus,WR,66,2.031285916017869
2025,00-0035229,T.J. Hockenson,TE,66,2.047922417345972
2025,00-0035261,Tony Pollard,RB,41,1.561021268407519
2025,00-0035535,Darius Slayton,WR,65,1.9621377935592732
2025,00-0035640,DK Metcalf,WR,99,2.1474736010922695
2025,00-0035644,Noah Fant,TE,41,2.157126852984131
2025,00-0035659,Terry McLaurin,WR,60,1.7463296252836398
2025,00-0035662,Marquise Brown,WR,74,2.3604693648470656
2025,00-0035676,A.J. Brown,WR,121,1.7800597377917113
2025,00-0035689,Dawson Knox,TE,50,2.6030475166262455
2025,00-0035700,Josh Jacobs,RB,44,1.821384716981398
2025,00-0035719,Deebo Samuel Sr.,WR,100,2.228131365323642
2025,00-0036040,Juwan Johnson,TE,102,1.9640300287454222
2025,00-0036139,Rico Dowdle,RB,50,2.072252177898772
2025,00-0036223,Jonathan Taylor,RB,56,2.054701993762395
2025,00-0036244,Colby Parkinson,TE,56,3.3529962165297804
2025,00-0036252,Michael Pittman,WR,114,2.062362351779401
2025,00-0036259,Jauan Jennings,WR,93,2.2786028198126393
2025,00-0036275,D'Andre Swift,RB,48,1.8145978366052682
2025,00-0036290,Cole Kmet,TE,49,2.247923987941655
2025,00-0036309,Darnell Mooney,WR,72,1.8646147535457402
2025,00-0036322,Justin Jefferson,WR,142,2.1261249175423322
2025,00-0036358,CeeDee Lamb,WR,117,2.2543865440840714
2025,00-0036407,Jerry Jeudy,WR,106,1.6130455258117884
2025,00-0036410,Tee Higgins,WR,99,2.335446026298949
2025,00-0036415,Van Jefferson,WR,52,1.4881227009150626
2025,00-0036554,Nico Collins,WR,121,1.9340845489349399
2025,00-0036613,Jaylen Waddle,WR,100,1.9889022202635533
2025,00-0036894,Pat Freiermuth,TE,54,1.8553398031562447
2025,00-0036900,Ja'Marr Chase,WR,185,2.053924801133139
2025,00-0036912,DeVonta Smith,WR,114,1.6677274440644703
2025,00-0036919,Kenneth Gainwell,RB,85,2.0430299381886416
2025,00-0036924,Michael Carter,RB,45,2.0576091941827648
2025,00-0036963,Amon-Ra St. Brown,WR,172,2.149273141787785
2025,00-0036970,Kyle Pitts,TE,119,1.9152603474018366
2025,00-0036973,Travis Etienne,RB,52,2.2789905644783106
2025,00-0036997,Javonte Williams,RB,51,2.4171539411261476
2025,00-0037112,Jake Tonges,TE,46,2.5641342181239137
2025,00-0037228,Jaylen Warren,RB,45,2.196100949092458
2025,00-0037238,Drake London,WR,113,2.119968509453114
2025,00-0037239,Chris Olave,WR,156,2.1739729870140976
2025,00-0037240,Jameson Williams,WR,102,2.1907766002444915
2025,00-0037247,George Pickens,WR,137,2.2228410830687273
2025,00-0037248,James Cook,RB,40,2.0286767639605388
2025,00-0037256,Rachaad White,RB,45,2.158359292294416
2025,00-0037261,Khalil Shakir,WR,97,1.914720103743522
2025,00-0037291,Jalen Nailor,WR,54,2.2640870564638216
2025,00-0037545,Rashid Shaheed,WR,92,1.8662813980551183
2025,00-0037614,John Metchie III,WR,48,1.6960808060139243
2025,00-0037664,Alec Pierce,WR,84,1.8905645424203525
2025,00-0037740,Garrett Wilson,WR,60,1.6530443082536883
2025,00-0037744,Trey McBride,TE,170,2.4162547943897033
2025,00-0037809,Chig Okonkwo,TE,79,1.8315808843251005
2025,00-0037816,Romeo Doubs,WR,86,2.3011372653213464
2025,00-0037837,Calvin Austin III,WR,55,1.8703494547379456
2025,00-0037840,Kyren Williams,RB,50,2.3240870626887773
2025,00-0038041,Jake Ferguson,TE,103,2.2465478109103416
2025,00-0038117,Wan'Dale Robinson,WR,141,1.5148556044810084
2025,00-0038120,Breece Hall,RB,48,2.347487705226134
2025,00-0038124,Christian Watson,WR,55,1.6721562468245712
2025,00-0038129,Cade Otton,TE,82,1.7800110649012608
2025,00-0038393,Dontayvion Wicks,WR,46,1.6900011976249516
2025,00-0038542,Bijan Robinson,RB,103,2.160459603673498
2025,00-0038543,Jaxon Smith-Njigba,WR,163,1.8185020280597328
2025,00-0038544,Quentin Johnston,WR,84,2.1448166192085845
2025,00-0038558,Darnell Washington,TE,44,2.261553075467829
2025,00-0038559,Michael Wilson,WR,127,1.9595496446238208
2025,00-0038563,Tre Tucker,WR,92,2.169168242978428
2025,00-0038597,Chase Brown,RB,89,2.227299300155351
2025,00-0038606,Parker Washington,WR,97,1.9324870550046056
2025,00-0038608,Kayshon Boutte,WR,46,1.7613479233455702
2025,00-0038618,Xavier Hutchinson,WR,57,2.2730004944907005
2025,00-0038619,Andrei Iosivas,WR,58,2.0061264042762623
2025,00-0038621,DeMario Douglas,WR,46,2.042317394822654
2025,00-0038933,Dalton Kincaid,TE,50,2.1372793138315296
2025,00-0038935,Brenton Strange,TE,60,2.1558508278918453
2025,00-0038976,Marvin Mims Jr.,WR,51,1.7014328701862171
2025,00-0038994,Jordan Addison,WR,79,2.286809018429935
2025,00-0038996,Tucker Kraft,TE,44,2.515576493755692
2025,00-0038997,Josh Downs,WR,88,2.0531406097040668
2025,00-0039032,Tyjae Spears,RB,50,1.6791547006741165
2025,00-0039040,De'Von Achane,RB,85,1.857002961182597
2025,00-0039064,Zay Flowers,WR,119,1.8177254584848044
2025,00-0039065,Sam LaPorta,TE,49,2.1078821855409506
2025,00-0039066,Michael Mayer,TE,50,1.9122652570065113
2025,00-0039067,Rashee Rice,WR,79,2.255152013056867
2025,00-0039075,Puka Nacua,WR,166,2.1037957538320775
2025,00-0039139,Jahmyr Gibbs,RB,94,2.083531081266243
2025,00-0039338,Brock Bowers,TE,87,2.0920495117852926
2025,00-0039342,Xavier Legette,WR,64,2.2437385682405875
2025,00-0039384,Tyrone Tracy Jr.,RB,48,2.143868012513849
2025,00-0039410,Ryan Flournoy,WR,56,1.9396266165713314
2025,00-0039424,Devaughn Vele,WR,40,1.8287550584031098
2025,00-0039491,Jalen Coker,WR,45,1.7421130666709712
2025,00-0039793,AJ Barner,TE,68,2.2348991362420803
2025,00-0039847,Theo Johnson,TE,74,1.9491852664351748
2025,00-0039849,Marvin Harrison Jr.,WR,74,2.091049556394076
2025,00-0039868,Troy Franklin,WR,107,2.053120567083217
2025,00-0039880,Malik Washington,WR,65,1.8618009640772542
2025,00-0039890,Adonai Mitchell,WR,74,1.712531106139854
2025,00-0039893,Brian Thomas Jr.,WR,91,1.8462866292674742
2025,00-0039894,Xavier Worthy,WR,73,1.7721759616313597
2025,00-0039901,Keon Coleman,WR,62,2.1310959230963324
2025,00-0039915,Ladd McConkey,WR,106,2.3016654163108092
2025,00-0039916,Ricky Pearsall,WR,53,1.6890494684218693
2025,00-0039919,Rome Odunze,WR,91,2.1085059920068088
2025,00-0040122,Ashton Jeanty,RB,73,2.1072809907188317
2025,00-0040124,Tetairoa McMillan,WR,122,1.9231177211741985
2025,00-0040126,Colston Loveland,TE,83,2.148367007601204
2025,00-0040128,Tyler Warren,TE,114,2.5665116921884676
2025,00-0040129,Emeka Egbuka,WR,128,1.9703849073399613
2025,00-0040130,Jayden Higgins,WR,69,2.2241391417563228
2025,00-0040134,Pat Bryant,WR,49,1.912577239745439
2025,00-0040162,Dylan Sampson,RB,40,2.200078331912664
2025,00-0040170,Elic Ayomanor,WR,89,1.6468506038873691
2025,00-0040189,Oronde Gadsden II,TE,69,2.355578854871556
2025,00-0040237,Tez Johnson,WR,44,2.454273137242126
2025,00-0040584,Gunnar Helm,TE,55,2.1694641654929994
2025,00-0040663,Harold Fannin Jr.,TE,108,1.6579874647756716
2025,00-0040667,Matthew Golden,WR,44,1.4749938851283249
2025,00-0040705,Chimere Dike,WR,74,2.0337875025536443
2025,00-0040718,Travis Hunter,WR,45,1.9524023831420991
2025,00-0040727,Tre Harris,WR,43,1.5491313465497307
2025,00-0040730,RJ Harvey,RB,58,1.9912496383356106
2025,00-0040734,TreVeyon Henderson,RB,42,2.010950864148548
2025,00-0040735,Luther Burden III,WR,60,1.8947347482666372
2025,00-0040736,Mason Taylor,TE,66,1.8281004010101278
2025,00-0040782,Isaiah Bond,WR,44,1.6644879403875994
