season,posteam,run_location,run_gap,carries,yoe_per_carry,stuff_rate
2020,ARI,left,end,32,-2.9156845808029175,0.3125
2020,ARI,left,guard,28,-0.103338611977441,0.10714285714285714
2020,ARI,left,tackle,30,0.792136151591937,0.23333333333333334
2020,ARI,middle,guard,179,0.14668619849162476,0.15083798882681565
2020,ARI,right,end,27,-0.13694198926289905,0.25925925925925924
2020,ARI,right,tackle,28,0.03771001100540161,0.21428571428571427
2020,ATL,left,end,43,-1.2879015872644826,0.16279069767441862
2020,ATL,left,guard,70,-0.30605316758155837,0.14285714285714285
2020,ATL,left,tackle,56,0.4915752847279824,0.21428571428571427
2020,ATL,middle,guard,52,-0.6332737809190381,0.17307692307692307
2020,ATL,right,end,38,1.6369231751090596,0.13157894736842105
2020,ATL,right,guard,60,-0.8813108901182811,0.15
2020,ATL,right,tackle,47,-0.8689504836467984,0.2127659574468085
2020,BAL,left,end,48,1.4511841560403507,0.20833333333333334
2020,BAL,left,guard,55,0.7777097447351975,0.07272727272727272
2020,BAL,left,tackle,46,1.5371764198593465,0.17391304347826086
2020,BAL,middle,guard,54,-0.5981105676403748,0.2037037037037037
2020,BAL,right,end,51,2.3020618943607096,0.0784313725490196
2020,BAL,right,guard,73,-0.06917888416002889,0.1506849315068493
2020,BAL,right,tackle,72,-0.7061795095602672,0.1111111111111111
2020,BUF,left,end,37,1.2376387054855755,0.16216216216216217
2020,BUF,left,guard,38,-0.513499377589477,0.15789473684210525
2020,BUF,left,tackle,70,0.5994410565921239,0.14285714285714285
2020,BUF,middle,guard,81,-0.002955125069912616,0.1728395061728395
2020,BUF,right,end,24,0.9159605751434962,0.125
2020,BUF,right,guard,25,-1.058703066110611,0.24
2020,BUF,right,tackle,43,-1.0679381087768909,0.20930232558139536
2020,CAR,left,end,26,0.024644473424324794,0.23076923076923078
2020,CAR,left,guard,40,-0.5535860449075698,0.15
2020,CAR,left,tackle,37,0.09137202436859518,0.08108108108108109
2020,CAR,middle,guard,95,0.014200151594061695,0.17894736842105263
2020,CAR,right,end,24,-0.06670440236727386,0.16666666666666666
2020,CAR,right,guard,37,-0.5959891950761952,0.16216216216216217
2020,CAR,right,tackle,34,-0.3515508245019354,0.14705882352941177
2020,CHI,left,end,22,-0.7577202320098877,0.2727272727272727
2020,CHI,left,guard,39,-0.55469451042322,0.2564102564102564
2020,CHI,left,tackle,42,1.5669337213039398,0.16666666666666666
2020,CHI,middle,guard,56,0.3165878030870637,0.21428571428571427
2020,CHI,right,end,19,-0.5109285053453949,0.21052631578947367
2020,CHI,right,guard,48,-0.08154822885990143,0.14583333333333334
2020,CHI,right,tackle,58,-0.568376625406331,0.1896551724137931
2020,CIN,left,end,23,-0.1304954743903618,0.30434782608695654
2020,CIN,left,guard,46,0.4881273916234137,0.13043478260869565
2020,CIN,left,tackle,47,0.2898447615035042,0.2553191489361702
2020,CIN,middle,guard,81,-0.42472575034624255,0.13580246913580246
2020,CIN,right,end,31,-1.645943234043737,0.3548387096774194
2020,CIN,right,guard,59,-0.5904990480107779,0.1694915254237288
2020,CIN,right,tackle,45,-0.668671711285909,0.1111111111111111
2020,CLE,left,end,47,2.1058535195411516,0.2127659574468085
2020,CLE,left,guard,97,-0.024604629302761333,0.21649484536082475
2020,CLE,left,tackle,77,1.5009491149481238,0.11688311688311688
2020,CLE,middle,guard,52,1.0539604677603802,0.23076923076923078
2020,CLE,right,end,31,0.10367576537593713,0.22580645161290322
2020,CLE,right,guard,99,-0.014944704494090664,0.15151515151515152
2020,CLE,right,tackle,74,0.3935088551527749,0.22972972972972974
2020,DAL,left,end,29,0.6695287392057221,0.2413793103448276
2020,DAL,left,guard,37,-1.3203001199541866,0.21621621621621623
2020,DAL,left,tackle,66,0.0509939243396124,0.13636363636363635
2020,DAL,middle,guard,86,-0.06657682948334319,0.19767441860465115
2020,DAL,right,end,29,-0.8317434582216989,0.20689655172413793
2020,DAL,right,guard,46,-0.4585837099863136,0.13043478260869565
2020,DAL,right,tackle,60,0.7773329824209211,0.21666666666666667
2020,DEN,left,end,39,0.6009778456810195,0.20512820512820512
2020,DEN,left,guard,46,-0.27849699556827545,0.1956521739130435
2020,DEN,left,tackle,56,-0.3881159637655528,0.2857142857142857
2020,DEN,middle,guard,92,0.13454500423825297,0.22826086956521738
2020,DEN,right,end,37,0.12635868304484624,0.16216216216216217
2020,DEN,right,guard,45,-1.6824809286329478,0.26666666666666666
2020,DEN,right,tackle,55,1.7230598688125611,0.10909090909090909
2020,DET,left,end,41,-0.28662390825225054,0.21951219512195122
2020,DET,left,guard,24,0.49490912879506754,0.08333333333333333
2020,DET,left,tackle,55,-0.5057632592591376,0.10909090909090909
2020,DET,middle,guard,116,0.6888793406301535,0.13793103448275862
2020,DET,right,end,26,-0.934173711217367,0.3076923076923077
2020,DET,right,guard,15,-0.806991155942281,0.2
2020,DET,right,tackle,46,-0.8994377683038294,0.2391304347826087
2020,GB,left,end,43,1.5298682867094533,0.16279069767441862
2020,GB,left,guard,51,0.7442202147315531,0.11764705882352941
2020,GB,left,tackle,62,-0.030252075964404504,0.0967741935483871
2020,GB,middle,guard,118,1.6094206081608589,0.1440677966101695
2020,GB,right,end,44,-0.6022379398345947,0.1590909090909091
2020,GB,right,guard,58,-0.4026120752096176,0.1206896551724138
2020,GB,right,tackle,56,1.1080712037427083,0.14285714285714285
2020,HOU,left,end,18,-1.4072785377502441,0.16666666666666666
2020,HOU,left,guard,32,-0.16182583570480347,0.0625
2020,HOU,left,tackle,27,0.6309083302815756,0.14814814814814814
2020,HOU,middle,guard,81,0.3370530031345498,0.14814814814814814
2020,HOU,right,guard,52,-0.5186512023210526,0.09615384615384616
2020,HOU,right,tackle,30,-2.718903678655624,0.3
2020,IND,left,end,56,0.9775169406618403,0.16071428571428573
2020,IND,left,guard,60,0.26250433425108705,0.21666666666666667
2020,IND,left,tackle,39,1.6082937083183177,0.2564102564102564
2020,IND,middle,guard,141,0.43267009000406237,0.15602836879432624
2020,IND,right,end,46,-0.5003038385640025,0.2391304347826087
2020,IND,right,guard,56,-0.9898284173437532,0.17857142857142858
2020,IND,right,tackle,41,1.14073022691215,0.17073170731707318
2020,JAX,left,end,33,0.8411554134253302,0.15151515151515152
2020,JAX,left,guard,30,0.07669973373413086,0.06666666666666667
2020,JAX,left,tackle,20,1.1513850212097168,0.1
2020,JAX,middle,guard,130,0.10465732262684616,0.14615384615384616
2020,JAX,right,end,32,-1.4632362946867943,0.375
2020,JAX,right,guard,23,-0.3286713750466057,0.13043478260869565
2020,KC,left,end,51,-0.594009549010034,0.17647058823529413
2020,KC,left,guard,59,1.0472098851608014,0.11864406779661017
2020,KC,left,tackle,26,-1.7229461119725156,0.34615384615384615
2020,KC,middle,guard,70,-0.09151988284928503,0.21428571428571427
2020,KC,right,end,57,-0.2065998885715218,0.17543859649122806
2020,KC,right,guard,77,-0.8046275586276859,0.11688311688311688
2020,KC,right,tackle,21,1.1059819743746804,0.09523809523809523
2020,LA,left,end,47,-0.32266658671358817,0.2127659574468085
2020,LA,left,guard,41,1.551099695810458,0.14634146341463414
2020,LA,left,tackle,61,-0.2501409447095436,0.19672131147540983
2020,LA,middle,guard,93,-0.1621528575497291,0.17204301075268819
2020,LA,right,end,67,0.0536233289028281,0.2537313432835821
2020,LA,right,guard,50,-0.3447488510608675,0.2
2020,LA,right,tackle,80,0.8699998863041399,0.1
2020,LAC,left,end,41,-0.4349184501461867,0.14634146341463414
2020,LAC,left,guard,44,-0.255169846794822,0.2727272727272727
2020,LAC,left,tackle,44,-0.7105202823877335,0.20454545454545456
2020,LAC,middle,guard,127,-0.19932914930065782,0.2047244094488189
2020,LAC,right,end,51,-0.32413811777152285,0.19607843137254902
2020,LAC,right,guard,47,0.07759282753822708,0.10638297872340426
2020,LAC,right,tackle,37,-0.7706708054284783,0.16216216216216217
2020,LV,left,end,25,1.8985980892181396,0.12
2020,LV,left,guard,84,-0.2228590168413667,0.10714285714285714
2020,LV,left,tackle,34,-1.391729796634001,0.3235294117647059
2020,LV,middle,guard,68,0.22288544081589773,0.11764705882352941
2020,LV,right,end,32,-0.06299039721488953,0.28125
2020,LV,right,guard,112,0.07488499076238712,0.1875
2020,LV,right,tackle,42,-0.5610756647019162,0.19047619047619047
2020,MIA,left,end,15,1.4821844975153602,0.2
2020,MIA,left,guard,45,-0.3474377804332307,0.17777777777777778
2020,MIA,left,tackle,30,-0.2769124815861388,0.23333333333333334
2020,MIA,middle,guard,146,-0.41166096292946447,0.1780821917808219
2020,MIA,right,end,18,-0.04167026943630662,0.3333333333333333
2020,MIA,right,guard,65,0.048985890700267216,0.16923076923076924
2020,MIA,right,tackle,29,0.1904882398144949,0.06896551724137931
2020,MIN,left,end,59,1.5871374708111001,0.15254237288135594
2020,MIN,left,guard,66,-0.19881207924900643,0.16666666666666666
2020,MIN,left,tackle,65,1.046886857656332,0.09230769230769231
2020,MIN,middle,guard,87,0.802033548039952,0.1839080459770115
2020,MIN,right,end,42,0.5139464352812089,0.19047619047619047
2020,MIN,right,guard,53,0.1351261262623765,0.18867924528301888
2020,MIN,right,tackle,63,1.3739014286843558,0.06349206349206349
2020,NE,left,end,49,0.2908517097940249,0.20408163265306123
2020,NE,left,guard,47,0.4262409806251526,0.1702127659574468
2020,NE,left,tackle,27,1.2453921724248813,0.1111111111111111
2020,NE,middle,guard,107,-0.07438832660701797,0.16822429906542055
2020,NE,right,end,31,-0.047936039586220974,0.0967741935483871
2020,NE,right,guard,51,1.3673791973029867,0.0392156862745098
2020,NE,right,tackle,29,0.7696818647713495,0.10344827586206896
2020,NO,left,end,34,-0.553436444962725,0.23529411764705882
2020,NO,left,guard,102,1.075462860219619,0.09803921568627451
2020,NO,left,tackle,51,0.8000242949700825,0.1568627450980392
2020,NO,middle,guard,49,0.027570352262380308,0.14285714285714285
2020,NO,right,end,24,1.1696492955088615,0.08333333333333333
2020,NO,right,guard,95,-0.3825323631888946,0.12631578947368421
2020,NO,right,tackle,65,0.5239142922254715,0.13846153846153847
2020,NYG,left,end,15,0.7190550963083909,0.4
2020,NYG,left,guard,47,0.49612272800283286,0.1276595744680851
2020,NYG,left,tackle,31,-1.2201677233942096,0.12903225806451613
2020,NYG,middle,guard,88,0.04624484547159913,0.17045454545454544
2020,NYG,right,end,17,-0.5638199694016398,0.23529411764705882
2020,NYG,right,guard,62,0.02363265618201206,0.14516129032258066
2020,NYG,right,tackle,50,-0.7830281174182884,0.16
2020,NYJ,left,end,37,-0.41237331081081097,0.24324324324324326
2020,NYJ,left,guard,46,-0.5530829662862033,0.10869565217391304
2020,NYJ,left,tackle,63,0.6222951733876791,0.1111111111111111
2020,NYJ,middle,guard,111,-0.56847671130756,0.1891891891891892
2020,NYJ,right,end,21,-1.356890008563087,0.14285714285714285
2020,NYJ,right,guard,44,-0.8923093188892711,0.06818181818181818
2020,NYJ,right,tackle,34,0.11612927913665771,0.17647058823529413
2020,PHI,left,end,37,-0.5416955690126158,0.24324324324324326
2020,PHI,left,guard,30,1.6627952098846441,0.13333333333333333
2020,PHI,left,tackle,34,1.6462686587782465,0.11764705882352941
2020,PHI,middle,guard,79,0.8938303454012805,0.13924050632911392
2020,PHI,right,end,35,-0.1959001643317084,0.22857142857142856
2020,PHI,right,guard,35,-0.3776560170309884,0.2
2020,PHI,right,tackle,32,-0.9157655164599419,0.1875
2020,PIT,left,end,21,-0.47888221343358334,0.19047619047619047
2020,PIT,left,guard,63,0.01169013078250617,0.14285714285714285
2020,PIT,left,tackle,40,-0.3232779271900652,0.225
2020,PIT,middle,guard,82,-0.7126958464703912,0.17073170731707318
2020,PIT,right,end,34,0.21843323637457457,0.11764705882352941
2020,PIT,right,guard,54,-1.2025175304324538,0.2037037037037037
2020,PIT,right,tackle,43,-0.1761278967524688,0.27906976744186046
2020,SEA,left,end,58,-0.7378759641071848,0.22413793103448276
2020,SEA,left,guard,47,-1.0805805255757999,0.1702127659574468
2020,SEA,left,tackle,29,-0.33822515915180085,0.1724137931034483
2020,SEA,middle,guard,70,0.4527296006679533,0.1
2020,SEA,right,end,35,-1.7911302294049942,0.2857142857142857
2020,SEA,right,guard,68,1.8067280781619692,0.11764705882352941
2020,SEA,right,tackle,30,-0.8949730793635051,0.2
2020,SF,left,end,56,-0.07568629458546638,0.23214285714285715
2020,SF,left,guard,34,-1.519125610589981,0.3235294117647059
2020,SF,left,tackle,53,-1.4869223360745412,0.20754716981132076
2020,SF,middle,guard,124,0.3291924658321559,0.20967741935483872
2020,SF,right,end,45,2.4044125133090555,0.17777777777777778
2020,SF,right,guard,33,0.9755722808115412,0.15151515151515152
2020,SF,right,tackle,50,-0.2613419091701508,0.16
2020,TB,left,end,24,-1.0173857112725575,0.20833333333333334
2020,TB,left,guard,65,-0.12900245510614847,0.1076923076923077
2020,TB,left,tackle,48,-1.284693698088328,0.25
2020,TB,middle,guard,123,1.4825069027218405,0.11382113821138211
2020,TB,right,end,33,2.1318716569380336,0.09090909090909091
2020,TB,right,guard,73,-0.27611597311006847,0.1095890410958904
2020,TB,right,tackle,64,-0.10959652438759804,0.09375
2020,TEN,left,end,67,-0.18775475914798592,0.19402985074626866
2020,TEN,left,guard,41,0.7181803409646202,0.14634146341463414
2020,TEN,left,tackle,80,-0.6301374733448029,0.15
2020,TEN,middle,guard,116,0.540049710921172,0.15517241379310345
2020,TEN,right,end,79,1.1350224931028825,0.1518987341772152
2020,TEN,right,guard,36,2.0648083918624467,0.1111111111111111
2020,TEN,right,tackle,65,1.5117307901382446,0.16923076923076924
2020,WAS,left,end,44,-0.9700241522355515,0.1590909090909091
2020,WAS,left,guard,42,0.299982188712983,0.047619047619047616
2020,WAS,left,tackle,41,-0.47938663421607547,0.14634146341463414
2020,WAS,middle,guard,94,0.13569311861028066,0.20212765957446807
2020,WAS,right,end,54,0.10869028391661446,0.2222222222222222
2020,WAS,right,guard,42,-0.6388466755549115,0.11904761904761904
2020,WAS,right,tackle,49,-0.49287208184903986,0.14285714285714285
2021,ARI,left,end,33,-1.0275628250656703,0.15151515151515152
2021,ARI,left,guard,35,0.6520982265472415,0.14285714285714285
2021,ARI,left,tackle,31,-0.4418601037994506,0.16129032258064516
2021,ARI,middle,guard,196,0.1542372963562311,0.14285714285714285
2021,ARI,right,end,26,-1.7433741023907292,0.46153846153846156
2021,ARI,right,guard,24,-0.9582228759924571,0.16666666666666666
2021,ARI,right,tackle,32,0.5848594009876251,0.09375
2021,ATL,left,end,61,-0.7602722371210816,0.2459016393442623
2021,ATL,left,guard,39,-0.7223504193318195,0.15384615384615385
2021,ATL,left,tackle,59,-1.286157721180027,0.2542372881355932
2021,ATL,middle,guard,47,0.13055798030914112,0.19148936170212766
2021,ATL,right,end,41,0.576426343946922,0.04878048780487805
2021,ATL,right,guard,38,0.22693599054687896,0.21052631578947367
2021,ATL,right,tackle,62,-0.3649644563275,0.12903225806451613
2021,BAL,left,end,27,0.11887899151554836,0.25925925925925924
2021,BAL,left,guard,58,-0.029644774465725002,0.1206896551724138
2021,BAL,left,tackle,25,-1.2286083555221556,0.08
2021,BAL,middle,guard,37,1.151874046067933,0.13513513513513514
2021,BAL,right,end,33,-0.01388669194597278,0.24242424242424243
2021,BAL,right,guard,91,-0.04771934269548816,0.13186813186813187
2021,BAL,right,tackle,52,-1.6639930055691647,0.23076923076923078
2021,BUF,left,end,55,-0.7521738908507607,0.18181818181818182
2021,BUF,left,guard,49,0.06587479309159903,0.10204081632653061
2021,BUF,left,tackle,51,0.06586548393847903,0.1568627450980392
2021,BUF,middle,guard,74,-0.06575927218875278,0.14864864864864866
2021,BUF,right,end,35,-0.5233580112457275,0.2
2021,BUF,right,guard,39,0.7480490024273203,0.1282051282051282
2021,BUF,right,tackle,37,-0.44248197368673453,0.1891891891891892
2021,CAR,left,end,35,-0.6899995871952606,0.2571428571428571
2021,CAR,left,guard,34,-1.2227378452525417,0.2647058823529412
2021,CAR,left,tackle,57,-0.1812657844602017,0.15789473684210525
2021,CAR,middle,guard,73,-0.22295510891365708,0.2054794520547945
2021,CAR,right,end,34,-0.724157726063448,0.29411764705882354
2021,CAR,right,guard,46,-1.236983387366585,0.15217391304347827
2021,CAR,right,tackle,58,0.26335691994634197,0.1896551724137931
2021,CHI,left,end,30,1.2397427797317502,0.2
2021,CHI,left,guard,70,-0.3847870554242815,0.12857142857142856
2021,CHI,left,tackle,60,-0.3268700212240219,0.16666666666666666
2021,CHI,middle,guard,66,0.0973669489224747,0.24242424242424243
2021,CHI,right,end,25,-0.8618464374542237,0.32
2021,CHI,right,guard,67,-0.6006084925203178,0.26865671641791045
2021,CHI,right,tackle,50,-0.2869307327270509,0.18
2021,CIN,left,end,48,-0.8389387379089992,0.2708333333333333
2021,CIN,left,guard,52,0.10531161610896787,0.15384615384615385
2021,CIN,left,tackle,81,0.46523772934336693,0.13580246913580246
2021,CIN,middle,guard,69,-0.5470649764157725,0.17391304347826086
2021,CIN,right,end,57,-0.2568491383602747,0.17543859649122806
2021,CIN,right,guard,77,0.030687650689830915,0.11688311688311688
2021,CIN,right,tackle,69,-0.5811477251674818,0.13043478260869565
2021,CLE,left,end,36,2.7791052179204088,0.1388888888888889
2021,CLE,left,guard,60,0.23861718028783716,0.15
2021,CLE,left,tackle,83,1.024901498153985,0.10843373493975904
2021,CLE,middle,guard,26,-1.317285643174098,0.23076923076923078
2021,CLE,right,end,43,0.7920748466669122,0.13953488372093023
2021,CLE,right,guard,90,0.20138427416483456,0.17777777777777778
2021,CLE,right,tackle,83,2.191309535359761,0.13253012048192772
2021,DAL,left,end,40,0.14706359803676605,0.225
2021,DAL,left,guard,42,-0.05099803351220626,0.047619047619047616
2021,DAL,left,tackle,54,-0.6194273972952798,0.24074074074074073
2021,DAL,middle,guard,139,0.6354487928555175,0.17266187050359713
2021,DAL,right,end,48,2.2403508722782135,0.0625
2021,DAL,right,guard,55,-0.6220171841708098,0.07272727272727272
2021,DAL,right,tackle,46,-0.6832639082618379,0.10869565217391304
2021,DEN,left,end,48,-0.47746853095789743,0.1875
2021,DEN,left,guard,55,0.8949766928499411,0.16363636363636364
2021,DEN,left,tackle,51,0.8118895783143891,0.11764705882352941
2021,DEN,middle,guard,90,0.4703303800688834,0.2
2021,DEN,right,end,50,0.03098037421703304,0.22
2021,DEN,right,guard,56,-1.1776572785207202,0.19642857142857142
2021,DEN,right,tackle,63,1.0361402011106884,0.14285714285714285
2021,DET,left,end,35,-0.724034411140851,0.37142857142857144
2021,DET,left,guard,28,3.8061108376298636,0.07142857142857142
2021,DET,left,tackle,73,0.39853428549146025,0.1232876712328767
2021,DET,middle,guard,112,-0.8875237079337239,0.23214285714285715
2021,DET,right,end,33,-1.2967869512962575,0.18181818181818182
2021,DET,right,guard,47,-0.4685778307153822,0.1702127659574468
2021,DET,right,tackle,67,0.7269340095235348,0.14925373134328357
2021,GB,left,end,51,-0.1634073257446289,0.19607843137254902
2021,GB,left,guard,43,2.5248983765757376,0.11627906976744186
2021,GB,left,tackle,34,-1.326606753994437,0.11764705882352941
2021,GB,middle,guard,151,-0.14432762948093056,0.1390728476821192
2021,GB,right,end,40,0.7864474415779115,0.1
2021,GB,right,guard,52,-0.04246675738921522,0.07692307692307693
2021,GB,right,tackle,39,-0.42145954722013246,0.15384615384615385
2021,HOU,left,end,26,-1.7921178524310775,0.38461538461538464
2021,HOU,left,guard,53,-1.4883159781402013,0.1320754716981132
2021,HOU,left,tackle,42,-0.8787853653941837,0.14285714285714285
2021,HOU,middle,guard,141,-1.270840765736627,0.2127659574468085
2021,HOU,right,end,24,-0.8236543933550518,0.2916666666666667
2021,HOU,right,guard,54,-0.20650792563403084,0.09259259259259259
2021,HOU,right,tackle,37,-0.9011817526172946,0.10810810810810811
2021,IND,left,end,48,2.101395219564438,0.2916666666666667
2021,IND,left,guard,60,1.3151205226778968,0.2
2021,IND,left,tackle,45,1.052971922026739,0.2222222222222222
2021,IND,middle,guard,152,0.015528372635966568,0.19736842105263158
2021,IND,right,end,30,3.6065469582875567,0.13333333333333333
2021,IND,right,guard,57,0.3673517934063024,0.12280701754385964
2021,IND,right,tackle,37,2.124014682060963,0.13513513513513514
2021,JAX,left,end,27,3.348588276792456,0.25925925925925924
2021,JAX,left,guard,21,0.8661799430847168,0.09523809523809523
2021,JAX,left,tackle,25,0.04787556648254394,0.16
2021,JAX,middle,guard,160,-0.5724961319938302,0.175
2021,JAX,right,end,23,-0.9429298898448115,0.13043478260869565
2021,JAX,right,guard,22,0.6559723507274283,0
2021,JAX,right,tackle,19,-1.0986022808049856,0.21052631578947367
2021,KC,left,end,50,-0.827234342098236,0.18
2021,KC,left,guard,44,0.20418932492082784,0.13636363636363635
2021,KC,left,tackle,35,0.01872210502624481,0.08571428571428572
2021,KC,middle,guard,126,0.5259533408615321,0.1349206349206349
2021,KC,right,end,49,-0.8564613850749271,0.24489795918367346
2021,KC,right,guard,43,0.2692923282468042,0.13953488372093023
2021,KC,right,tackle,40,-0.7803026735782623,0.075
2021,LA,left,end,38,-0.5863421653446401,0.23684210526315788
2021,LA,left,guard,41,-0.7146795144895226,0.2682926829268293
2021,LA,left,tackle,99,-0.38307412706240224,0.2222222222222222
2021,LA,middle,guard,132,-1.0468919390078737,0.23484848484848486
2021,LA,right,end,33,1.3293928811044409,0.06060606060606061
2021,LA,right,guard,47,0.7450586709570381,0.14893617021276595
2021,LA,right,tackle,80,-0.3479985680431127,0.1875
2021,LAC,left,end,54,1.097388670400338,0.2777777777777778
2021,LAC,left,guard,60,0.6326824083924294,0.08333333333333333
2021,LAC,left,tackle,46,0.29878876908965707,0.08695652173913043
2021,LAC,middle,guard,84,-0.5734118904386248,0.2261904761904762
2021,LAC,right,end,33,-0.2681420644124349,0.18181818181818182
2021,LAC,right,guard,41,0.25773969219952086,0.0975609756097561
2021,LAC,right,tackle,31,-0.8094083253414397,0.16129032258064516
2021,LV,left,end,26,-1.5626811190293384,0.3076923076923077
2021,LV,left,guard,83,-0.4165159348981923,0.14457831325301204
2021,LV,left,tackle,61,-0.6588342609952709,0.14754098360655737
2021,LV,middle,guard,76,-0.4474098117727982,0.21052631578947367
2021,LV,right,guard,64,1.1714694537222385,0.109375
2021,LV,right,tackle,37,1.5379937226707876,0.10810810810810811
2021,MIA,left,end,16,0.5921229347586632,0.0625
2021,MIA,left,guard,83,-0.465736982334091,0.12048192771084337
2021,MIA,left,tackle,48,-0.5398783177758257,0.20833333333333334
2021,MIA,middle,guard,87,-1.0042818949140349,0.22988505747126436
2021,MIA,right,end,21,0.7223731761886958,0.19047619047619047
2021,MIA,right,guard,80,-0.9202625382691623,0.2125
2021,MIA,right,tackle,35,-0.7991697720118928,0.14285714285714285
2021,MIN,left,end,40,0.012757107615470886,0.325
2021,MIN,left,guard,48,0.010877829045057297,0.20833333333333334
2021,MIN,left,tackle,56,0.4483403959976774,0.14285714285714285
2021,MIN,middle,guard,96,0.26002403472860663,0.16666666666666666
2021,MIN,right,end,55,0.11460648016496125,0.32727272727272727
2021,MIN,right,guard,56,-0.2705780118703842,0.19642857142857142
2021,MIN,right,tackle,63,-0.2259099086125692,0.3333333333333333
2021,NE,left,end,56,0.7001551219395226,0.14285714285714285
2021,NE,left,guard,56,0.5957627535930698,0.125
2021,NE,left,tackle,30,0.750671315193177,0.2
2021,NE,middle,guard,152,-0.07957096339056384,0.21710526315789475
2021,NE,right,end,24,2.4848688294490175,0.125
2021,NE,right,guard,61,0.9608572828965101,0.13114754098360656
2021,NE,right,tackle,47,-1.170289461282974,0.2553191489361702
2021,NO,left,end,36,-1.7734247644742331,0.2222222222222222
2021,NO,left,guard,73,-1.1504540414842839,0.2465753424657534
2021,NO,left,tackle,60,-0.10916384458541863,0.18333333333333332
2021,NO,middle,guard,45,-0.48029408189985473,0.17777777777777778
2021,NO,right,end,31,0.08314805742233002,0.22580645161290322
2021,NO,right,guard,71,-0.7205024840126575,0.15492957746478872
2021,NO,right,tackle,60,-0.7884012778600057,0.15
2021,NYG,left,end,15,0.9511641025543213,0.2
2021,NYG,left,guard,53,-0.370069475668781,0.18867924528301888
2021,NYG,left,tackle,32,-1.331248052418232,0.15625
2021,NYG,middle,guard,96,-0.3490536293635766,0.16666666666666666
2021,NYG,right,end,22,2.182272650978782,0.3181818181818182
2021,NYG,right,guard,65,-1.007544031509986,0.15384615384615385
2021,NYG,right,tackle,50,-0.789839032292366,0.24
2021,NYJ,left,end,37,0.46229198172285735,0.16216216216216217
2021,NYJ,left,guard,45,-0.5153355062007906,0.15555555555555556
2021,NYJ,left,tackle,44,0.7619295987215907,0.1590909090909091
2021,NYJ,middle,guard,66,0.39773484567801193,0.21212121212121213
2021,NYJ,right,end,26,-0.6313610718800473,0.2692307692307692
2021,NYJ,right,guard,60,-0.493095370133718,0.11666666666666667
2021,NYJ,right,tackle,49,0.23624674154787828,0.22448979591836735
2021,PHI,left,end,60,1.215564765532812,0.16666666666666666
2021,PHI,left,guard,45,1.560049695438809,0.08888888888888889
2021,PHI,left,tackle,39,0.805915532967983,0.1794871794871795
2021,PHI,middle,guard,122,0.09806526977507853,0.09016393442622951
2021,PHI,right,end,54,1.0181042047010522,0.2222222222222222
2021,PHI,right,guard,38,-0.17358230760222995,0.10526315789473684
2021,PHI,right,tackle,44,-0.2706925638697364,0.11363636363636363
2021,PIT,left,end,28,-1.3623601964541845,0.21428571428571427
2021,PIT,left,guard,74,-0.6936946764991084,0.16216216216216217
2021,PIT,left,tackle,38,-0.9545115899098547,0.2894736842105263
2021,PIT,middle,guard,96,-0.9396673658241826,0.13541666666666666
2021,PIT,right,end,30,-0.43766662279764806,0.23333333333333334
2021,PIT,right,guard,70,-0.1596257290669853,0.11428571428571428
2021,PIT,right,tackle,41,0.5299948701044411,0.1951219512195122
2021,SEA,left,end,27,-0.6634972581156978,0.18518518518518517
2021,SEA,left,guard,36,-1.1108046331339407,0.2777777777777778
2021,SEA,left,tackle,30,2.9859841267267857,0.26666666666666666
2021,SEA,middle,guard,139,1.4124970478977275,0.10071942446043165
2021,SEA,right,end,28,-1.3856391821588787,0.35714285714285715
2021,SEA,right,guard,40,-0.10713512748479839,0.175
2021,SEA,right,tackle,46,0.995987270189369,0.13043478260869565
2021,SF,left,end,47,0.8455714621442434,0.2127659574468085
2021,SF,left,guard,43,-0.9370981163756792,0.16279069767441862
2021,SF,left,tackle,49,1.0544177220792186,0.14285714285714285
2021,SF,middle,guard,143,-0.4034350676970052,0.13286713286713286
2021,SF,right,end,56,-0.40400460788181924,0.26785714285714285
2021,SF,right,guard,38,-0.7034950028908876,0.15789473684210525
2021,SF,right,tackle,38,-0.4799490476909435,0.23684210526315788
2021,TB,left,end,30,0.6121705532073974,0.2
2021,TB,left,guard,47,-1.1371973410565799,0.2553191489361702
2021,TB,left,tackle,33,0.3791384046727964,0.12121212121212122
2021,TB,middle,guard,129,0.2081299798433171,0.11627906976744186
2021,TB,right,end,45,-0.1632543139987519,0.26666666666666666
2021,TB,right,guard,44,0.1109001582319088,0.06818181818181818
2021,TB,right,tackle,53,0.062491562568916734,0.1320754716981132
2021,TEN,left,end,58,0.9331904875821073,0.15517241379310345
2021,TEN,left,guard,65,0.5648554719411412,0.1076923076923077
2021,TEN,left,tackle,85,-0.6158674746751784,0.2235294117647059
2021,TEN,middle,guard,131,0.7123221529804105,0.2366412213740458
2021,TEN,right,end,40,-1.561092573404312,0.175
2021,TEN,right,guard,56,0.12126100808382034,0.08928571428571429
2021,TEN,right,tackle,73,-0.5615250215138473,0.1506849315068493
2021,WAS,left,end,72,-0.4061162695288658,0.18055555555555555
2021,WAS,left,guard,60,-0.34672005077203094,0.16666666666666666
2021,WAS,left,tackle,67,0.4717212141449771,0.13432835820895522
2021,WAS,middle,guard,78,-0.904312015343935,0.1794871794871795
2021,WAS,right,end,38,-0.14721621965107198,0.21052631578947367
2021,WAS,right,guard,41,0.13080255868958254,0.04878048780487805
2021,WAS,right,tackle,42,0.22357596102215016,0.11904761904761904
2022,ARI,left,end,22,2.660062768242576,0.13636363636363635
2022,ARI,left,guard,29,0.03130838788788885,0.1724137931034483
2022,ARI,left,tackle,43,-0.8039512606554251,0.20930232558139536
2022,ARI,middle,guard,143,-0.16404511836858893,0.16083916083916083
2022,ARI,right,end,20,-1.6700772285461423,0.2
2022,ARI,right,guard,26,-0.7430649308057932,0.07692307692307693
2022,ARI,right,tackle,33,-0.19272511655634117,0.15151515151515152
2022,ATL,left,end,90,-0.40006060335371196,0.2777777777777778
2022,ATL,left,guard,31,0.07765977421114512,0.06451612903225806
2022,ATL,left,tackle,90,0.3322196972039016,0.14444444444444443
2022,ATL,middle,guard,32,-0.9376178085803986,0.125
2022,ATL,right,end,81,2.3441674002894652,0.18518518518518517
2022,ATL,right,guard,43,1.5715797501941062,0.046511627906976744
2022,ATL,right,tackle,87,-0.052076690498439854,0.08045977011494253
2022,BAL,left,end,37,-0.7786455669918574,0.35135135135135137
2022,BAL,left,guard,60,0.6233276585737868,0.15
2022,BAL,left,tackle,69,-0.23894235405369063,0.2028985507246377
2022,BAL,middle,guard,50,1.2361992269754414,0.16
2022,BAL,right,end,34,-0.313475296777837,0.23529411764705882
2022,BAL,right,guard,61,-0.2874958603108514,0.16393442622950818
2022,BAL,right,tackle,58,2.404859447273714,0.08620689655172414
2022,BUF,left,end,36,0.6465796232223511,0.2777777777777778
2022,BUF,left,guard,65,0.03766539830428005,0.2
2022,BUF,left,tackle,39,-0.4183771060063288,0.15384615384615385
2022,BUF,middle,guard,88,0.36358454213901015,0.125
2022,BUF,right,end,27,0.0644352104928767,0.2222222222222222
2022,BUF,right,guard,37,0.6676380537651682,0.16216216216216217
2022,BUF,right,tackle,32,1.7917986065149307,0.125
2022,CAR,left,end,31,1.0126517049727906,0.25806451612903225
2022,CAR,left,guard,74,0.6131555035307592,0.10810810810810811
2022,CAR,left,tackle,62,-0.4762681597663511,0.1774193548387097
2022,CAR,middle,guard,131,0.3076367805932338,0.13740458015267176
2022,CAR,right,guard,58,-0.5548024896917676,0.2413793103448276
2022,CAR,right,tackle,51,2.112895304081486,0.13725490196078433
2022,CHI,left,end,58,0.31035858598248767,0.1724137931034483
2022,CHI,left,guard,65,0.6571140082982873,0.12307692307692308
2022,CHI,left,tackle,52,-0.2260106985385605,0.11538461538461539
2022,CHI,middle,guard,48,0.5523988952239358,0.08333333333333333
2022,CHI,right,end,34,0.2086305758532357,0.11764705882352941
2022,CHI,right,guard,65,-0.7016063671845646,0.26153846153846155
2022,CHI,right,tackle,45,0.2525948895348443,0.08888888888888889
2022,CIN,left,end,31,-0.7159287121988115,0.3225806451612903
2022,CIN,left,guard,61,0.09927813146935147,0.09836065573770492
2022,CIN,left,tackle,47,-1.4892531722149949,0.19148936170212766
2022,CIN,middle,guard,80,-0.9980849862098695,0.175
2022,CIN,right,end,19,3.321777729611648,0.2631578947368421
2022,CIN,right,guard,76,0.7066914266661593,0.09210526315789473
2022,CIN,right,tackle,51,-0.30431415286718655,0.11764705882352941
2022,CLE,left,end,41,1.495236098766327,0.17073170731707318
2022,CLE,left,guard,68,-0.8818787599311153,0.22058823529411764
2022,CLE,left,tackle,104,0.17012263375979242,0.2692307692307692
2022,CLE,middle,guard,19,-2.027556896209717,0.3157894736842105
2022,CLE,right,end,35,1.2909210818154466,0.2
2022,CLE,right,guard,88,0.3033578944477168,0.17045454545454544
2022,CLE,right,tackle,84,0.7135598269246877,0.15476190476190477
2022,DAL,left,end,49,1.1941357632072618,0.2857142857142857
2022,DAL,left,guard,60,-0.28836761613686945,0.13333333333333333
2022,DAL,left,tackle,82,-0.5524537050869412,0.17073170731707318
2022,DAL,middle,guard,146,0.2635208484652932,0.1643835616438356
2022,DAL,right,end,65,-0.207838109364876,0.2
2022,DAL,right,guard,40,-0.787548257410526,0.2
2022,DAL,right,tackle,64,0.3112767916172743,0.140625
2022,DEN,left,end,29,1.467714589217613,0.13793103448275862
2022,DEN,left,guard,53,0.5423873213102235,0.18867924528301888
2022,DEN,left,tackle,46,-0.722432830411455,0.1956521739130435
2022,DEN,middle,guard,94,0.40503621228197806,0.19148936170212766
2022,DEN,right,end,32,0.35978076234459877,0.125
2022,DEN,right,guard,60,-0.9007392247517905,0.11666666666666667
2022,DEN,right,tackle,49,-0.9502994856055899,0.20408163265306123
2022,DET,left,end,44,1.6436753516847442,0.25
2022,DET,left,guard,20,0.5253451019525528,0.15
2022,DET,left,tackle,73,0.2100723453172252,0.1506849315068493
2022,DET,middle,guard,152,0.654689117481833,0.14473684210526316
2022,DET,right,end,39,-1.5096292274120529,0.3333333333333333
2022,DET,right,guard,26,-0.8125309210557203,0.19230769230769232
2022,DET,right,tackle,76,0.40716932713985443,0.17105263157894737
2022,GB,left,end,68,0.26909156406626855,0.20588235294117646
2022,GB,left,guard,43,0.16598109589066617,0.09302325581395349
2022,GB,left,tackle,48,-0.4707824308425188,0.1875
2022,GB,middle,guard,91,-0.20119003083679624,0.12087912087912088
2022,GB,right,end,69,0.5761611945387247,0.14492753623188406
2022,GB,right,guard,48,0.807369766136011,0.125
2022,GB,right,tackle,41,0.395319931390809,0.04878048780487805
2022,HOU,left,end,25,-0.11162425994873083,0.16
2022,HOU,left,guard,54,-0.5146025673106869,0.14814814814814814
2022,HOU,left,tackle,46,-1.6170597750207656,0.32608695652173914
2022,HOU,middle,guard,97,-0.6211977060308168,0.14432989690721648
2022,HOU,right,end,33,1.3229899966355507,0.2727272727272727
2022,HOU,right,guard,35,-0.8406014987400598,0.14285714285714285
2022,HOU,right,tackle,43,0.40479024898174254,0.20930232558139536
2022,IND,left,end,23,-0.6769865543945978,0.30434782608695654
2022,IND,left,guard,37,-0.6668074920370779,0.1891891891891892
2022,IND,left,tackle,45,-0.35119517379336906,0.13333333333333333
2022,IND,middle,guard,141,0.34314532905605644,0.1702127659574468
2022,IND,right,end,22,-1.2829328992150044,0.22727272727272727
2022,IND,right,guard,46,0.9842446861059767,0.08695652173913043
2022,IND,right,tackle,53,-0.03241494916519988,0.1320754716981132
2022,JAX,left,end,60,1.2361697773138678,0.25
2022,JAX,left,guard,30,-0.2167255441347758,0.3
2022,JAX,left,tackle,34,4.487886460388407,0.11764705882352941
2022,JAX,middle,guard,144,-0.42485491558909416,0.20833333333333334
2022,JAX,right,end,54,0.4848494993315799,0.18518518518518517
2022,JAX,right,guard,43,0.4620178702265719,0.3023255813953488
2022,JAX,right,tackle,29,1.3416007726356902,0.2413793103448276
2022,KC,left,end,52,0.3786827371670651,0.1346153846153846
2022,KC,left,guard,55,0.3637043768709357,0.10909090909090909
2022,KC,left,tackle,45,0.4337561680210966,0.15555555555555556
2022,KC,middle,guard,105,-0.6187626248314273,0.18095238095238095
2022,KC,right,end,50,-0.31805792808532796,0.28
2022,KC,right,guard,41,0.8642416930780177,0.04878048780487805
2022,KC,right,tackle,28,0.1031823094402041,0.17857142857142858
2022,LA,left,end,24,-0.4702282597621277,0.4166666666666667
2022,LA,left,guard,31,-0.8210199071514994,0.1935483870967742
2022,LA,left,tackle,38,0.4789808988571167,0.07894736842105263
2022,LA,middle,guard,70,0.4051825140203751,0.14285714285714285
2022,LA,right,end,18,0.1597482893202036,0.2777777777777778
2022,LA,right,guard,28,-0.9999048880168371,0.25
2022,LA,right,tackle,41,-0.7042874185050414,0.1951219512195122
2022,LAC,left,end,39,-1.2290447552998864,0.2564102564102564
2022,LAC,left,guard,51,-0.03134859134169179,0.13725490196078433
2022,LAC,left,tackle,49,-0.9296305836463458,0.22448979591836735
2022,LAC,middle,guard,52,0.22918599156232985,0.15384615384615385
2022,LAC,right,end,38,-1.7620905245605265,0.2631578947368421
2022,LAC,right,guard,53,2.542348075587794,0.1509433962264151
2022,LAC,right,tackle,45,-0.7101987785763212,0.24444444444444444
2022,LV,left,end,38,-1.1705585153479323,0.23684210526315788
2022,LV,left,guard,68,0.7072901546078566,0.1323529411764706
2022,LV,left,tackle,54,-0.1324160010726369,0.16666666666666666
2022,LV,middle,guard,116,0.29578279292789034,0.15517241379310345
2022,LV,right,end,25,2.2355088901519777,0.04
2022,LV,right,guard,54,0.9325659473737083,0.16666666666666666
2022,LV,right,tackle,24,2.522475792715947,0.08333333333333333
2022,MIA,left,end,46,-0.40243646372919467,0.34782608695652173
2022,MIA,left,guard,49,-1.0023050886027667,0.24489795918367346
2022,MIA,left,tackle,41,-0.27492218482785125,0.14634146341463414
2022,MIA,middle,guard,84,0.3146407213949024,0.10714285714285714
2022,MIA,right,end,36,1.0358369946479797,0.1111111111111111
2022,MIA,right,guard,51,-0.6204394756578934,0.13725490196078433
2022,MIA,right,tackle,43,1.8164133027542466,0.13953488372093023
2022,MIN,left,end,57,-0.1519835716799683,0.24561403508771928
2022,MIN,left,guard,41,-1.0989675565463741,0.3170731707317073
2022,MIN,left,tackle,48,1.8895778271059198,0.2708333333333333
2022,MIN,middle,guard,77,0.12339368733492762,0.19480519480519481
2022,MIN,right,end,49,1.1632672755085691,0.16326530612244897
2022,MIN,right,guard,52,-1.3094746034878948,0.25
2022,MIN,right,tackle,48,-1.2920727586994567,0.22916666666666666
2022,NE,left,end,30,-0.4110388040542603,0.3
2022,NE,left,guard,72,0.11334007150597071,0.18055555555555555
2022,NE,left,tackle,37,-1.793006491016697,0.2702702702702703
2022,NE,middle,guard,120,0.8827160229285561,0.19166666666666668
2022,NE,right,end,22,0.48362415487116034,0.09090909090909091
2022,NE,right,guard,44,1.1049876497550446,0.13636363636363635
2022,NE,right,tackle,29,2.0026458296282543,0.06896551724137931
2022,NO,left,end,33,0.05459803523439387,0.18181818181818182
2022,NO,left,guard,68,0.7497584526153167,0.058823529411764705
2022,NO,left,tackle,31,-1.6568063958998647,0.22580645161290322
2022,NO,middle,guard,50,-0.49481878519058276,0.2
2022,NO,right,end,17,0.08234089963576392,0.17647058823529413
2022,NO,right,guard,85,-0.6346087301478663,0.18823529411764706
2022,NO,right,tackle,47,-1.7571843786442534,0.1702127659574468
2022,NYG,left,end,44,1.4895044077526443,0.25
2022,NYG,left,guard,49,0.061735290045641614,0.24489795918367346
2022,NYG,left,tackle,41,-1.2754993467796139,0.21951219512195122
2022,NYG,middle,guard,108,0.08272851782816364,0.12037037037037036
2022,NYG,right,end,44,1.7026095593517472,0.11363636363636363
2022,NYG,right,guard,57,-0.11078678725058572,0.17543859649122806
2022,NYG,right,tackle,63,-0.14920556734478674,0.20634920634920634
2022,NYJ,left,end,60,1.336531841754913,0.31666666666666665
2022,NYJ,left,guard,59,-0.8871740436149856,0.2542372881355932
2022,NYJ,left,tackle,47,-0.35612944339184077,0.14893617021276595
2022,NYJ,middle,guard,73,-0.341301722885812,0.2465753424657534
2022,NYJ,right,end,27,-1.0557086379439744,0.25925925925925924
2022,NYJ,right,guard,41,-0.47358782698468477,0.12195121951219512
2022,NYJ,right,tackle,31,0.7474769796094584,0.06451612903225806
2022,PHI,left,end,54,0.1679053394882762,0.25925925925925924
2022,PHI,left,guard,63,0.6098584334055583,0.09523809523809523
2022,PHI,left,tackle,67,0.029511577157832064,0.13432835820895522
2022,PHI,middle,guard,107,-0.47698185544147703,0.17757009345794392
2022,PHI,right,end,49,1.3463215536000779,0.12244897959183673
2022,PHI,right,guard,64,0.16844849847257137,0.15625
2022,PHI,right,tackle,48,0.5743526518344879,0.20833333333333334
2022,PIT,left,end,19,2.996687619309676,0.15789473684210525
2022,PIT,left,guard,54,0.2098086973031363,0.09259259259259259
2022,PIT,left,tackle,61,-0.01676257321092016,0.09836065573770492
2022,PIT,middle,guard,108,-0.49179967189276635,0.17592592592592593
2022,PIT,right,end,34,0.7340687863966997,0.17647058823529413
2022,PIT,right,guard,62,-0.4331598435678791,0.0967741935483871
2022,PIT,right,tackle,46,-0.9527885440898975,0.2608695652173913
2022,SEA,left,end,42,-1.2016042520602546,0.38095238095238093
2022,SEA,left,guard,52,1.6834445870839634,0.17307692307692307
2022,SEA,left,tackle,44,-1.0403082912618467,0.22727272727272727
2022,SEA,middle,guard,88,-0.44323905015533616,0.14772727272727273
2022,SEA,right,end,38,4.742770129128508,0.23684210526315788
2022,SEA,right,guard,62,0.8087868738558988,0.1774193548387097
2022,SEA,right,tackle,45,-0.37295710775587276,0.24444444444444444
2022,SF,left,end,42,0.1296800034386773,0.21428571428571427
2022,SF,left,guard,60,0.4571761707464851,0.2
2022,SF,left,tackle,59,1.5970819804628014,0.1864406779661017
2022,SF,middle,guard,159,0.8480177624795415,0.16981132075471697
2022,SF,right,end,34,1.0263598806717813,0.11764705882352941
2022,SF,right,guard,49,0.4484742679158038,0.16326530612244897
2022,SF,right,tackle,54,-0.5598743375804693,0.2962962962962963
2022,TB,left,end,28,1.3088361535753519,0.14285714285714285
2022,TB,left,guard,55,-0.504401042244651,0.14545454545454545
2022,TB,left,tackle,30,0.41016216178735077,0.2
2022,TB,middle,guard,107,-0.8859995202483419,0.205607476635514
2022,TB,right,end,25,-2.4102251720428467,0.24
2022,TB,right,guard,61,-0.9364058741780582,0.16393442622950818
2022,TB,right,tackle,49,-0.8145039781015746,0.20408163265306123
2022,TEN,left,end,28,-0.35719886847904764,0.14285714285714285
2022,TEN,left,guard,53,0.7277290449952177,0.1320754716981132
2022,TEN,left,tackle,66,-0.4374907901792813,0.24242424242424243
2022,TEN,middle,guard,102,0.2834571392512795,0.16666666666666666
2022,TEN,right,end,59,-0.8245044582981176,0.1694915254237288
2022,TEN,right,guard,51,0.5138044404048548,0.09803921568627451
2022,TEN,right,tackle,49,0.20992922296329447,0.1836734693877551
2022,WAS,left,end,72,-0.628230147891574,0.16666666666666666
2022,WAS,left,guard,68,-0.34555763093864195,0.10294117647058823
2022,WAS,left,tackle,59,-0.3387768697940697,0.11864406779661017
2022,WAS,middle,guard,76,-1.118360188446547,0.14473684210526316
2022,WAS,right,end,38,-0.5229688475006505,0.2894736842105263
2022,WAS,right,guard,59,-0.40466784723734417,0.13559322033898305
2022,WAS,right,tackle,61,0.6841826126223702,0.04918032786885246
2023,ARI,left,end,37,1.0639935216388183,0.24324324324324326
2023,ARI,left,guard,35,-0.055592073713030266,0.2571428571428571
2023,ARI,left,tackle,49,1.9467787146568298,0.14285714285714285
2023,ARI,middle,guard,114,-0.5901302295295818,0.2982456140350877
2023,ARI,right,end,30,1.524401760101318,0.23333333333333334
2023,ARI,right,guard,21,0.8287739555040996,0.047619047619047616
2023,ARI,right,tackle,55,0.38186304135756033,0.21818181818181817
2023,ATL,left,end,90,-0.7894082036283289,0.23333333333333334
2023,ATL,left,guard,30,1.1723976890246077,0.13333333333333333
2023,ATL,left,tackle,93,-0.868862784037025,0.25806451612903225
2023,ATL,middle,guard,33,0.15547097090518824,0.15151515151515152
2023,ATL,right,end,87,0.10903824882945777,0.13793103448275862
2023,ATL,right,guard,29,-0.4235363232678382,0.13793103448275862
2023,ATL,right,tackle,88,-0.7882277261127127,0.17045454545454544
2023,BAL,left,end,45,-0.5020818021562361,0.24444444444444444
2023,BAL,left,guard,59,-0.2385086265660951,0.2033898305084746
2023,BAL,left,tackle,45,-0.3309645970662438,0.13333333333333333
2023,BAL,middle,guard,76,0.5388864365063221,0.13157894736842105
2023,BAL,right,end,52,1.168616507488947,0.11538461538461539
2023,BAL,right,guard,81,1.4653514642038459,0.13580246913580246
2023,BAL,right,tackle,44,-1.0613222040913322,0.1590909090909091
2023,BUF,left,end,59,-0.5254145254523069,0.22033898305084745
2023,BUF,left,guard,76,0.561054862643543,0.11842105263157894
2023,BUF,left,tackle,38,0.07444390811418235,0.13157894736842105
2023,BUF,middle,guard,106,0.5584627836942673,0.14150943396226415
2023,BUF,right,end,30,0.4158210436503091,0.06666666666666667
2023,BUF,right,guard,96,-0.3378772586584091,0.125
2023,BUF,right,tackle,27,-0.8512023996423791,0.07407407407407407
2023,CAR,left,end,28,0.5630063414573669,0.32142857142857145
2023,CAR,left,guard,62,-0.8189034582145757,0.1774193548387097
2023,CAR,left,tackle,51,-1.3058422313017006,0.27450980392156865
2023,CAR,middle,guard,121,-0.2804477842878704,0.1322314049586777
2023,CAR,right,end,22,-2.110109860246832,0.36363636363636365
2023,CAR,right,guard,55,0.13102293502200754,0.16363636363636364
2023,CAR,right,tackle,43,-1.081632023633913,0.20930232558139536
2023,CHI,left,end,48,-1.1430576741695404,0.20833333333333334
2023,CHI,left,guard,58,-0.1744323177584286,0.1896551724137931
2023,CHI,left,tackle,56,-0.25659254619053373,0.125
2023,CHI,middle,guard,40,-0.6487463831901551,0.125
2023,CHI,right,end,37,-1.0648438350574392,0.24324324324324326
2023,CHI,right,guard,69,0.15214220121286948,0.17391304347826086
2023,CHI,right,tackle,52,1.390239305221117,0.11538461538461539
2023,CIN,left,end,28,-0.6930861132485524,0.21428571428571427
2023,CIN,left,guard,55,-0.05402586134997275,0.14545454545454545
2023,CIN,left,tackle,37,-0.6059840627618741,0.1891891891891892
2023,CIN,middle,guard,90,0.42137175202369687,0.17777777777777778
2023,CIN,right,end,30,-2.099066163102786,0.23333333333333334
2023,CIN,right,guard,53,-0.7229772345075066,0.1320754716981132
2023,CIN,right,tackle,25,2.221141557693482,0.08
2023,CLE,left,end,30,-0.9853002707163494,0.3333333333333333
2023,CLE,left,guard,69,-0.5180041729540061,0.2318840579710145
2023,CLE,left,tackle,83,-1.2169472724199295,0.3373493975903614
2023,CLE,middle,guard,54,-0.09257696458586914,0.18518518518518517
2023,CLE,right,end,43,-0.09458405472511212,0.18604651162790697
2023,CLE,right,guard,108,0.22918236145266804,0.18518518518518517
2023,CLE,right,tackle,62,-0.8403410603923179,0.22580645161290322
2023,DAL,left,end,37,-1.0374472270140782,0.2972972972972973
2023,DAL,left,guard,43,-0.9184714278509449,0.13953488372093023
2023,DAL,left,tackle,48,-0.34700994193553925,0.25
2023,DAL,middle,guard,120,0.1560976579785347,0.075
2023,DAL,right,end,36,-1.1091490545206597,0.2777777777777778
2023,DAL,right,guard,55,-0.24766746380112378,0.18181818181818182
2023,DAL,right,tackle,49,-0.9029649191973158,0.22448979591836735
2023,DEN,left,end,27,-0.5110010824821611,0.2222222222222222
2023,DEN,left,guard,36,-0.14751135640674137,0.08333333333333333
2023,DEN,left,tackle,36,-1.0386554954780478,0.19444444444444445
2023,DEN,middle,guard,66,0.9489724536736808,0.12121212121212122
2023,DEN,right,end,65,-0.5850607431851904,0.26153846153846155
2023,DEN,right,guard,63,-0.7138781680001155,0.2222222222222222
2023,DEN,right,tackle,62,-0.3787646428231271,0.22580645161290322
2023,DET,left,end,61,1.3544621330792783,0.13114754098360656
2023,DET,left,guard,29,2.269777281530973,0.13793103448275862
2023,DET,left,tackle,105,0.12831453595842604,0.11428571428571428
2023,DET,middle,guard,133,0.7050288505572124,0.14285714285714285
2023,DET,right,end,69,0.6260552207628883,0.21739130434782608
2023,DET,right,guard,45,-0.4047831839985316,0.13333333333333333
2023,DET,right,tackle,76,0.32664972269221365,0.18421052631578946
2023,GB,left,end,46,-0.40812493925509225,0.17391304347826086
2023,GB,left,guard,71,0.07028670000358349,0.11267605633802817
2023,GB,left,tackle,58,-0.5452905379492669,0.22413793103448276
2023,GB,middle,guard,107,-0.2502079500216195,0.1588785046728972
2023,GB,right,end,35,-0.27120582035609647,0.11428571428571428
2023,GB,right,guard,46,0.6390871846157571,0.17391304347826086
2023,GB,right,tackle,59,0.9169568894273142,0.11864406779661017
2023,HOU,left,end,32,0.5954724177718163,0.125
2023,HOU,left,guard,63,-0.8477782446240618,0.19047619047619047
2023,HOU,left,tackle,65,-1.0137843384192544,0.2
2023,HOU,middle,guard,124,-0.3901732131358119,0.20161290322580644
2023,HOU,right,end,34,-0.6796191720401535,0.29411764705882354
2023,HOU,right,guard,48,-0.37677440295616815,0.25
2023,HOU,right,tackle,40,-1.0887291342020036,0.25
2023,IND,left,end,29,1.7484831563357643,0.13793103448275862
2023,IND,left,guard,48,-1.1296734462181723,0.2708333333333333
2023,IND,left,tackle,56,-0.8945503532886505,0.23214285714285715
2023,IND,middle,guard,176,-0.00939262082630946,0.14772727272727273
2023,IND,right,end,21,0.2866900421324225,0.3333333333333333
2023,IND,right,guard,41,1.4246637385065966,0.1951219512195122
2023,IND,right,tackle,45,0.7430232908990652,0.17777777777777778
2023,JAX,left,end,41,0.4750452623134699,0.2926829268292683
2023,JAX,left,guard,50,-0.5699259757995608,0.28
2023,JAX,left,tackle,29,-0.3007602814970347,0.27586206896551724
2023,JAX,middle,guard,108,-1.5132760786347914,0.28703703703703703
2023,JAX,right,end,57,0.07906400216253143,0.21052631578947367
2023,JAX,right,guard,58,-1.7542199091664676,0.1896551724137931
2023,JAX,right,tackle,17,-1.3041788269491754,0.11764705882352941
2023,KC,left,end,65,-0.4958486208548908,0.2923076923076923
2023,KC,left,guard,62,-0.005702578252361957,0.11290322580645161
2023,KC,left,tackle,37,0.5210274280728521,0.16216216216216217
2023,KC,middle,guard,93,-0.03049548915637433,0.16129032258064516
2023,KC,right,end,67,-1.5077733353002747,0.2835820895522388
2023,KC,right,guard,59,0.012235724319845763,0.1016949152542373
2023,KC,right,tackle,27,0.3065557126645691,0.07407407407407407
2023,LA,left,end,44,-0.6247428140857008,0.25
2023,LA,left,guard,55,-0.16367192159999486,0.12727272727272726
2023,LA,left,tackle,51,-1.1265523083069744,0.21568627450980393
2023,LA,middle,guard,154,0.7612383592051344,0.1038961038961039
2023,LA,right,end,42,0.28903078465234633,0.23809523809523808
2023,LA,right,guard,36,0.16550825701819527,0.1388888888888889
2023,LA,right,tackle,49,-0.20290765227103746,0.22448979591836735
2023,LAC,left,end,38,-0.275775296123404,0.23684210526315788
2023,LAC,left,guard,34,0.31614666125353674,0.08823529411764706
2023,LAC,left,tackle,44,-1.7976580370556223,0.20454545454545456
2023,LAC,middle,guard,101,-0.9745989542196288,0.2079207920792079
2023,LAC,right,end,23,-1.8731450684692548,0.21739130434782608
2023,LAC,right,guard,52,-0.19893144758848083,0.09615384615384616
2023,LAC,right,tackle,35,-1.0055740654468535,0.17142857142857143
2023,LV,left,end,29,1.3155066062664158,0.27586206896551724
2023,LV,left,guard,49,-1.2713392559362915,0.16326530612244897
2023,LV,left,tackle,43,-0.5402544029923368,0.18604651162790697
2023,LV,middle,guard,124,-0.07871701616433392,0.16129032258064516
2023,LV,right,end,24,0.21625630060831758,0.2916666666666667
2023,LV,right,guard,56,-1.0649166320051464,0.16071428571428573
2023,LV,right,tackle,32,-0.13539129495620728,0.15625
2023,MIA,left,end,97,0.9607312568684221,0.16494845360824742
2023,MIA,left,guard,30,1.034737610816956,0.1
2023,MIA,left,tackle,37,4.195804437270034,0.16216216216216217
2023,MIA,middle,guard,100,0.5328020268678665,0.15
2023,MIA,right,end,91,0.8783876385007581,0.18681318681318682
2023,MIA,right,guard,31,-0.6314452925036032,0.1935483870967742
2023,MIA,right,tackle,26,0.8871994935549222,0.23076923076923078
2023,MIN,left,end,42,-0.08205178238096683,0.14285714285714285
2023,MIN,left,guard,51,0.0529236951295061,0.17647058823529413
2023,MIN,left,tackle,52,-0.23114568912065983,0.23076923076923078
2023,MIN,middle,guard,65,-0.34184746833947954,0.18461538461538463
2023,MIN,right,end,36,-0.11457260780864253,0.25
2023,MIN,right,guard,35,-0.8021587703909192,0.2
2023,MIN,right,tackle,43,-0.22187757353450005,0.16279069767441862
2023,NE,left,end,28,-1.7295980198042733,0.35714285714285715
2023,NE,left,guard,53,-0.8732480507976609,0.16981132075471697
2023,NE,left,tackle,27,-1.2355983985794916,0.14814814814814814
2023,NE,middle,guard,144,-0.5177463032305241,0.18055555555555555
2023,NE,right,end,16,-0.22649486362934113,0.125
2023,NE,right,guard,61,0.43800318241119385,0.19672131147540983
2023,NE,right,tackle,27,-1.2712477224844474,0.25925925925925924
2023,NO,left,end,27,-1.524055166376962,0.25925925925925924
2023,NO,left,guard,59,-0.2144103191666683,0.15254237288135594
2023,NO,left,tackle,44,-0.6699897734956306,0.25
2023,NO,middle,guard,64,-1.08366543892771,0.21875
2023,NO,right,end,30,-1.1955321470896405,0.2
2023,NO,right,guard,78,-0.11831509723113098,0.11538461538461539
2023,NO,right,tackle,50,-0.4997458493709563,0.24
2023,NYG,left,end,34,-0.44573095616172265,0.47058823529411764
2023,NYG,left,guard,46,-0.37548724983049453,0.06521739130434782
2023,NYG,left,tackle,34,-1.5446293003418865,0.17647058823529413
2023,NYG,middle,guard,104,-0.77576846170884,0.2692307692307692
2023,NYG,right,end,28,-0.2648335865565711,0.25
2023,NYG,right,guard,49,-0.8146803026296658,0.20408163265306123
2023,NYG,right,tackle,36,-9.313805235808578e-5,0.2222222222222222
2023,NYJ,left,end,49,-1.246023596549521,0.30612244897959184
2023,NYJ,left,guard,28,-0.3538449321474346,0.25
2023,NYJ,left,tackle,42,-0.12024809632982547,0.30952380952380953
2023,NYJ,middle,guard,79,-1.2409281247778785,0.189873417721519
2023,NYJ,right,end,29,0.37987727954469813,0.3103448275862069
2023,NYJ,right,guard,52,2.1924905868676965,0.15384615384615385
2023,NYJ,right,tackle,44,-0.9647339203140951,0.18181818181818182
2023,PHI,left,end,54,1.7163858501999458,0.18518518518518517
2023,PHI,left,guard,58,-0.45121694844344606,0.08620689655172414
2023,PHI,left,tackle,27,-0.820483413007524,0.14814814814814814
2023,PHI,middle,guard,108,-0.17808384255126666,0.14814814814814814
2023,PHI,right,end,30,-1.3622762401898696,0.3333333333333333
2023,PHI,right,guard,43,0.4899281679197804,0.06976744186046512
2023,PHI,right,tackle,39,-0.9499491116939445,0.15384615384615385
2023,PIT,left,end,33,1.6100230469848171,0.24242424242424243
2023,PIT,left,guard,87,-0.33612212915530093,0.1839080459770115
2023,PIT,left,tackle,62,0.9655068420594735,0.08064516129032258
2023,PIT,middle,guard,97,-0.08718115521460457,0.18556701030927836
2023,PIT,right,end,29,-0.8378132705030774,0.3793103448275862
2023,PIT,right,guard,66,0.49522164554307013,0.13636363636363635
2023,PIT,right,tackle,51,-0.17433311541875215,0.21568627450980393
2023,SEA,left,end,32,-0.5221330672502518,0.3125
2023,SEA,left,guard,45,-0.2129945649041068,0.15555555555555556
2023,SEA,left,tackle,35,-1.1603936272008077,0.2571428571428571
2023,SEA,middle,guard,108,-0.0934076717606295,0.17592592592592593
2023,SEA,right,end,35,0.15214488846915092,0.2
2023,SEA,right,guard,56,1.6173205375671387,0.14285714285714285
2023,SEA,right,tackle,25,-1.5166222286224365,0.24
2023,SF,left,end,60,1.4647976438204446,0.16666666666666666
2023,SF,left,guard,57,-0.2531318293328873,0.14035087719298245
2023,SF,left,tackle,68,1.9073428274954072,0.14705882352941177
2023,SF,middle,guard,139,-0.15689372287379785,0.12949640287769784
2023,SF,right,end,44,0.7215043888850647,0.1590909090909091
2023,SF,right,guard,48,1.306240017215411,0.14583333333333334
2023,SF,right,tackle,49,0.3090568124031537,0.1836734693877551
2023,TB,left,end,28,-1.4975520968437195,0.14285714285714285
2023,TB,left,guard,65,-0.48402966077511134,0.09230769230769231
2023,TB,left,tackle,48,-1.2496302674214057,0.20833333333333334
2023,TB,middle,guard,157,-0.6563867949376436,0.1337579617834395
2023,TB,right,end,22,0.5550721016797149,0.2727272727272727
2023,TB,right,guard,46,-1.402544745932455,0.21739130434782608
2023,TB,right,tackle,32,-0.3953450582921505,0.09375
2023,TEN,left,end,36,1.1932342383596635,0.16666666666666666
2023,TEN,left,guard,47,0.552318734057406,0.14893617021276595
2023,TEN,left,tackle,50,-0.8447710931301118,0.22
2023,TEN,middle,guard,114,-0.33983943729024185,0.16666666666666666
2023,TEN,right,end,40,2.255356717109681,0.15
2023,TEN,right,guard,56,-0.47498786396213927,0.10714285714285714
2023,TEN,right,tackle,39,-1.4798942987735455,0.1794871794871795
2023,WAS,left,end,39,-0.4099344313144684,0.23076923076923078
2023,WAS,left,guard,45,0.6110132005479598,0.06666666666666667
2023,WAS,left,tackle,33,-1.0589620127822412,0.18181818181818182
2023,WAS,middle,guard,71,-0.6650869720418686,0.23943661971830985
2023,WAS,right,end,20,2.807302844524384,0.15
2023,WAS,right,guard,47,0.22875432765230203,0.06382978723404255
2023,WAS,right,tackle,43,-0.2775960495305614,0.16279069767441862
2024,ARI,left,end,45,-0.6617007732391355,0.17777777777777778
2024,ARI,left,guard,27,-0.5276638379803406,0.18518518518518517
2024,ARI,left,tackle,53,2.940214478744651,0.16981132075471697
2024,ARI,middle,guard,164,0.7671468559561709,0.1402439024390244
2024,ARI,right,end,23,-1.9833816134411353,0.391304347826087
2024,ARI,right,guard,23,-0.005354264508123254,0.13043478260869565
2024,ARI,right,tackle,39,1.5770740325634292,0.15384615384615385
2024,ATL,left,end,93,0.10361187688765983,0.13978494623655913
2024,ATL,left,guard,40,0.0021729640662672134,0.175
2024,ATL,left,tackle,67,0.0014896797600082196,0.08955223880597014
2024,ATL,middle,guard,30,0.9345340311527252,0.13333333333333333
2024,ATL,right,end,78,1.0077036088093734,0.19230769230769232
2024,ATL,right,guard,49,0.6119803640307213,0.20408163265306123
2024,ATL,right,tackle,97,-0.003971990236302229,0.14432989690721648
2024,BAL,left,end,71,4.5513777061247485,0.14084507042253522
2024,BAL,left,guard,86,1.788346347420715,0.1744186046511628
2024,BAL,left,tackle,70,0.42674902847835006,0.17142857142857143
2024,BAL,middle,guard,65,0.1053801408180821,0.12307692307692308
2024,BAL,right,end,45,-1.3212438311841754,0.2
2024,BAL,right,guard,67,-0.31632758921651716,0.16417910447761194
2024,BAL,right,tackle,47,1.9184270076295156,0.14893617021276595
2024,BUF,left,end,46,-0.10678241563879913,0.1956521739130435
2024,BUF,left,guard,61,-0.644757210231218,0.22950819672131148
2024,BUF,left,tackle,58,1.4122962733281066,0.13793103448275862
2024,BUF,middle,guard,107,1.4420765008881828,0.09345794392523364
2024,BUF,right,end,37,0.2224993238577974,0.24324324324324326
2024,BUF,right,guard,74,-0.19174614307042706,0.14864864864864866
2024,BUF,right,tackle,61,0.3493017564054397,0.22950819672131148
2024,CAR,left,end,27,1.3783206365726617,0.2222222222222222
2024,CAR,left,guard,60,0.8044584413369498,0.16666666666666666
2024,CAR,left,tackle,50,-0.1610015082359314,0.16
2024,CAR,middle,guard,98,0.48064326510137445,0.1326530612244898
2024,CAR,right,guard,56,-0.27630284002849015,0.125
2024,CAR,right,tackle,38,0.4529165978494442,0.10526315789473684
2024,CHI,left,end,53,0.9454321827528617,0.18867924528301888
2024,CHI,left,guard,43,-0.233274766179018,0.13953488372093023
2024,CHI,left,tackle,29,-1.78613831256998,0.20689655172413793
2024,CHI,middle,guard,74,-0.7001456823703402,0.1891891891891892
2024,CHI,right,end,41,-1.6860762514719148,0.24390243902439024
2024,CHI,right,guard,51,-0.4167894633377302,0.13725490196078433
2024,CHI,right,tackle,36,-1.635456687046422,0.19444444444444445
2024,CIN,left,end,30,-0.0667774995168052,0.13333333333333333
2024,CIN,left,guard,55,-0.7103507778861304,0.18181818181818182
2024,CIN,left,tackle,36,-0.6234994795587331,0.16666666666666666
2024,CIN,middle,guard,87,0.4646196105014319,0.10344827586206896
2024,CIN,right,end,23,-0.8000002127626666,0.34782608695652173
2024,CIN,right,guard,60,-0.1263311808307969,0.11666666666666667
2024,CIN,right,tackle,41,-0.008248501434559014,0.12195121951219512
2024,CLE,left,end,28,-0.884177084480012,0.35714285714285715
2024,CLE,left,guard,48,-0.26565902928511287,0.1875
2024,CLE,left,tackle,47,-0.04199882263832912,0.1702127659574468
2024,CLE,middle,guard,66,-0.34809608802650943,0.21212121212121213
2024,CLE,right,end,21,-1.2769965217227028,0.3333333333333333
2024,CLE,right,guard,47,-0.6182280417452467,0.2553191489361702
2024,CLE,right,tackle,51,1.299446755764531,0.11764705882352941
2024,DAL,left,end,29,-0.04368045412260923,0.06896551724137931
2024,DAL,left,guard,67,-0.24545057318103836,0.11940298507462686
2024,DAL,left,tackle,42,-0.22612786683298317,0.07142857142857142
2024,DAL,middle,guard,111,0.607017647307199,0.11711711711711711
2024,DAL,right,end,20,-1.3830403804779052,0.2
2024,DAL,right,guard,44,-0.9477266317064114,0.22727272727272727
2024,DAL,right,tackle,33,-0.3798852183602071,0.12121212121212122
2024,DEN,left,end,24,0.05483508110046387,0.125
2024,DEN,left,guard,62,0.3654066670325495,0.04838709677419355
2024,DEN,left,tackle,34,0.6495510409860055,0.14705882352941177
2024,DEN,middle,guard,75,-0.6202241865793869,0.25333333333333335
2024,DEN,right,end,35,-1.427754643133708,0.2857142857142857
2024,DEN,right,guard,81,0.31596106732333124,0.1728395061728395
2024,DEN,right,tackle,50,-0.6917751985788343,0.18
2024,DET,left,end,66,-0.6705975839585974,0.21212121212121213
2024,DET,left,guard,38,0.4137191427381414,0.05263157894736842
2024,DET,left,tackle,98,0.8195071229521113,0.12244897959183673
2024,DET,middle,guard,130,1.4506441164475221,0.1076923076923077
2024,DET,right,end,57,1.1311869453965575,0.24561403508771928
2024,DET,right,guard,28,0.20496596608843123,0.17857142857142858
2024,DET,right,tackle,83,0.37709079593060985,0.1927710843373494
2024,GB,left,end,37,-1.0336136431307406,0.13513513513513514
2024,GB,left,guard,63,0.19069366606454952,0.1746031746031746
2024,GB,left,tackle,46,0.7913341907703361,0.10869565217391304
2024,GB,middle,guard,154,0.3680369246315647,0.12337662337662338
2024,GB,right,end,53,-0.38437295859714715,0.24528301886792453
2024,GB,right,guard,63,0.5518949060213,0.14285714285714285
2024,GB,right,tackle,53,0.5476170424020512,0.1320754716981132
2024,HOU,left,end,62,-0.3430018175032833,0.2903225806451613
2024,HOU,left,guard,58,-0.5697521577621327,0.27586206896551724
2024,HOU,left,tackle,76,0.32809395735201125,0.21052631578947367
2024,HOU,middle,guard,110,-7.609681649638166e-4,0.20909090909090908
2024,HOU,right,end,32,0.6100985379889607,0.25
2024,HOU,right,guard,39,2.0803264257235403,0.15384615384615385
2024,HOU,right,tackle,42,0.15629080221766525,0.16666666666666666
2024,IND,left,end,29,-1.95709111361668,0.3448275862068966
2024,IND,left,guard,39,1.8075945996321157,0.23076923076923078
2024,IND,left,tackle,60,1.8029459436734523,0.13333333333333333
2024,IND,middle,guard,135,-0.5581598069932726,0.18518518518518517
2024,IND,right,end,27,2.2006287563730167,0.4074074074074074
2024,IND,right,guard,55,0.02682061737233922,0.09090909090909091
2024,IND,right,tackle,48,-0.4536313836773237,0.25
2024,JAX,left,end,24,-1.029618352651596,0.20833333333333334
2024,JAX,left,guard,30,-0.20465201139450073,0.1
2024,JAX,left,tackle,35,-0.8208458219255719,0.2
2024,JAX,middle,guard,151,-0.04536919522759077,0.19205298013245034
2024,JAX,right,end,31,-0.8466865324204971,0.22580645161290322
2024,JAX,right,guard,38,2.606092801219538,0.10526315789473684
2024,JAX,right,tackle,41,0.3117039436247295,0.14634146341463414
2024,KC,left,end,28,-1.8264894868646353,0.14285714285714285
2024,KC,left,guard,70,0.058907364947455354,0.2
2024,KC,left,tackle,24,-1.2384109795093536,0.25
2024,KC,middle,guard,114,-0.1660385476915461,0.12280701754385964
2024,KC,right,end,25,-1.3391266608238221,0.2
2024,KC,right,guard,95,-0.5610612342232154,0.08421052631578947
2024,KC,right,tackle,43,-0.9371508276739787,0.20930232558139536
2024,LA,left,end,41,-0.14185007607064573,0.1951219512195122
2024,LA,left,guard,49,1.3256366897602472,0.10204081632653061
2024,LA,left,tackle,46,-1.0085114175858707,0.2608695652173913
2024,LA,middle,guard,155,-0.19152491823319434,0.13548387096774195
2024,LA,right,end,26,0.6834539266733026,0.11538461538461539
2024,LA,right,guard,59,0.10262768955554005,0.1016949152542373
2024,LA,right,tackle,59,-0.22046854182825243,0.2033898305084746
2024,LAC,left,end,53,-0.1136646546282852,0.2830188679245283
2024,LAC,left,guard,51,-0.43016435118282564,0.23529411764705882
2024,LAC,left,tackle,61,0.4532627668537079,0.21311475409836064
2024,LAC,middle,guard,115,0.08752855295720335,0.16521739130434782
2024,LAC,right,end,22,-2.1015367792411284,0.3181818181818182
2024,LAC,right,guard,43,-0.22189655830693822,0.11627906976744186
2024,LAC,right,tackle,46,-0.6590859805760174,0.2391304347826087
2024,LV,left,end,19,-0.39951901686818947,0.2631578947368421
2024,LV,left,guard,57,0.7002923373590433,0.14035087719298245
2024,LV,left,tackle,29,-1.4084540728865,0.1724137931034483
2024,LV,middle,guard,112,-0.46679035733853036,0.17857142857142858
2024,LV,right,guard,52,-0.958801271250615,0.1346153846153846
2024,LV,right,tackle,31,-1.2095751502821523,0.3548387096774194
2024,MIA,left,end,65,-0.0348067558728736,0.27692307692307694
2024,MIA,left,guard,39,-1.4907437501809533,0.358974358974359
2024,MIA,left,tackle,46,-0.7663715274437615,0.2391304347826087
2024,MIA,middle,guard,102,0.7002911959208697,0.23529411764705882
2024,MIA,right,end,64,-1.6890826039016247,0.359375
2024,MIA,right,guard,30,-0.6169846296310427,0.16666666666666666
2024,MIA,right,tackle,36,0.7979635008507302,0.2777777777777778
2024,MIN,left,end,62,-0.538680577951093,0.3387096774193548
2024,MIN,left,guard,61,-3.9211159846786825e-4,0.14754098360655737
2024,MIN,left,tackle,52,1.4597649803528414,0.11538461538461539
2024,MIN,middle,guard,95,0.17869652195980623,0.1368421052631579
2024,MIN,right,end,48,0.5868913729985556,0.22916666666666666
2024,MIN,right,guard,43,-0.6564851181451663,0.11627906976744186
2024,MIN,right,tackle,37,-1.1620068727312862,0.1891891891891892
2024,NE,left,end,24,0.6812766790390015,0.20833333333333334
2024,NE,left,guard,47,0.01599990497244177,0.1702127659574468
2024,NE,left,tackle,36,-1.3756985465685523,0.25
2024,NE,middle,guard,96,-0.905192827495436,0.20833333333333334
2024,NE,right,end,37,1.0784840575746586,0.21621621621621623
2024,NE,right,guard,57,0.4254683632599684,0.14035087719298245
2024,NE,right,tackle,63,-0.5523830633314828,0.1746031746031746
2024,NO,left,end,58,-0.09208042046119451,0.1896551724137931
2024,NO,left,guard,44,-1.4049610529433596,0.25
2024,NO,left,tackle,44,0.04389559071172345,0.20454545454545456
2024,NO,middle,guard,41,0.5435491160648621,0.17073170731707318
2024,NO,right,end,59,-1.484196541673046,0.3728813559322034
2024,NO,right,guard,55,0.18722338459708499,0.09090909090909091
2024,NO,right,tackle,47,-0.745599316789749,0.23404255319148937
2024,NYG,left,end,24,-1.2325803836186728,0.20833333333333334
2024,NYG,left,guard,63,0.7129271692699847,0.1111111111111111
2024,NYG,left,tackle,47,0.6243619411549672,0.1276595744680851
2024,NYG,middle,guard,74,-0.47761932579246713,0.0945945945945946
2024,NYG,right,guard,64,-0.51829335372895,0.203125
2024,NYG,right,tackle,38,-1.0012361909213816,0.23684210526315788
2024,NYJ,left,end,42,1.4077372664497014,0.11904761904761904
2024,NYJ,left,guard,32,-0.7956952527165413,0.09375
2024,NYJ,left,tackle,49,-0.43180146874213726,0.1836734693877551
2024,NYJ,middle,guard,77,-0.9305421166218719,0.2597402597402597
2024,NYJ,right,end,42,-0.1375136602492557,0.2857142857142857
2024,NYJ,right,guard,36,-0.20819539990690064,0.1388888888888889
2024,NYJ,right,tackle,55,-0.18536791584708479,0.16363636363636364
2024,PHI,left,end,53,2.4691696999207986,0.20754716981132076
2024,PHI,left,guard,100,1.3149445301294334,0.13
2024,PHI,left,tackle,78,1.7571449952247826,0.14102564102564102
2024,PHI,middle,guard,110,-0.5580929815769196,0.23636363636363636
2024,PHI,right,end,47,-0.49596282522729074,0.23404255319148937
2024,PHI,right,guard,102,0.14109347205536077,0.16666666666666666
2024,PHI,right,tackle,74,2.35874900544012,0.13513513513513514
2024,PIT,left,end,31,0.29237715659603036,0.12903225806451613
2024,PIT,left,guard,90,0.42373991674847056,0.15555555555555556
2024,PIT,left,tackle,73,-0.17019561872090408,0.1917808219178082
2024,PIT,middle,guard,73,-0.2772284509384468,0.1780821917808219
2024,PIT,right,end,44,-0.6927296600558541,0.18181818181818182
2024,PIT,right,guard,55,0.3169691259210758,0.10909090909090909
2024,PIT,right,tackle,68,-1.3396795304382556,0.2647058823529412
2024,SEA,left,end,35,0.2541407133851734,0.2571428571428571
2024,SEA,left,guard,73,-0.14588050809625186,0.1780821917808219
2024,SEA,left,tackle,37,1.5658984401741556,0.1891891891891892
2024,SEA,middle,guard,77,-0.38036099192383965,0.24675324675324675
2024,SEA,right,end,27,-0.7604730217545121,0.2222222222222222
2024,SEA,right,guard,45,-0.6267535408337912,0.2
2024,SEA,right,tackle,27,-0.503747484198323,0.14814814814814814
2024,SF,left,end,41,0.6820174193963772,0.14634146341463414
2024,SF,left,guard,52,1.0776273333109343,0.21153846153846154
2024,SF,left,tackle,42,-1.0344883998235068,0.30952380952380953
2024,SF,middle,guard,94,0.5764156732153392,0.18085106382978725
2024,SF,right,end,32,2.1061260104179382,0.125
2024,SF,right,guard,33,-0.7679094220652722,0.15151515151515152
2024,SF,right,tackle,40,1.4044050604104998,0.1
2024,TB,left,end,64,2.10449729161337,0.25
2024,TB,left,guard,57,-0.6762876217825367,0.17543859649122806
2024,TB,left,tackle,59,-0.9718549014148063,0.15254237288135594
2024,TB,middle,guard,71,1.2826121004534439,0.08450704225352113
2024,TB,right,end,36,2.0928094792697154,0.1388888888888889
2024,TB,right,guard,72,2.0540870543983254,0.1527777777777778
2024,TB,right,tackle,59,0.18146598137031117,0.1864406779661017
2024,TEN,left,end,43,0.40448995246443586,0.18604651162790697
2024,TEN,left,guard,52,-0.017434959228222385,0.11538461538461539
2024,TEN,left,tackle,45,-0.0865258746676974,0.24444444444444444
2024,TEN,middle,guard,107,-0.3651878741857048,0.19626168224299065
2024,TEN,right,end,46,-0.40638782148775865,0.15217391304347827
2024,TEN,right,guard,35,-0.9196781158447264,0.2571428571428571
2024,TEN,right,tackle,40,-0.7747961610555645,0.125
2024,WAS,left,end,41,0.29845767777140514,0.17073170731707318
2024,WAS,left,guard,59,-0.19942393141277676,0.2033898305084746
2024,WAS,left,tackle,55,0.2691306439313024,0.14545454545454545
2024,WAS,middle,guard,102,-0.005482016533028062,0.20588235294117646
2024,WAS,right,end,29,0.06896374246169805,0.1724137931034483
2024,WAS,right,guard,65,0.004930789654071246,0.16923076923076924
2024,WAS,right,tackle,67,0.8899394220380644,0.13432835820895522
2025,ARI,left,end,34,0.7786690987208309,0.14705882352941177
2025,ARI,left,guard,21,-1.2699822244190035,0.23809523809523808
2025,ARI,left,tackle,45,-1.1804942250251769,0.2
2025,ARI,middle,guard,86,0.5700158265440965,0.18604651162790697
2025,ARI,right,end,29,0.3277210695990193,0.3103448275862069
2025,ARI,right,guard,20,2.332036924362183,0.15
2025,ARI,right,tackle,58,-1.4259086831890306,0.20689655172413793
2025,ATL,left,end,60,-0.2293704922000564,0.23333333333333334
2025,ATL,left,guard,63,-0.06513650833614326,0.12698412698412698
2025,ATL,left,tackle,83,1.0081177799098466,0.08433734939759036
2025,ATL,middle,guard,51,0.511189030665977,0.1568627450980392
2025,ATL,right,end,53,-0.3025515326913798,0.20754716981132076
2025,ATL,right,guard,40,0.2135684013366695,0.275
2025,ATL,right,tackle,90,0.5171077817678437,0.16666666666666666
2025,BAL,left,end,52,2.459287267464857,0.09615384615384616
2025,BAL,left,guard,60,0.40850538512071,0.1
2025,BAL,left,tackle,63,-0.7477638712005008,0.31746031746031744
2025,BAL,middle,guard,60,-0.5248063787817956,0.21666666666666667
2025,BAL,right,end,49,2.5943658102531826,0.10204081632653061
2025,BAL,right,guard,53,1.7237385978113928,0.07547169811320754
2025,BAL,right,tackle,54,1.0921073754628496,0.12962962962962962
2025,BUF,left,end,35,-0.20022368431091309,0.2
2025,BUF,left,guard,67,1.5922935146894037,0.16417910447761194
2025,BUF,left,tackle,49,-0.9373191011195281,0.20408163265306123
2025,BUF,middle,guard,125,0.6773101797103878,0.096
2025,BUF,right,end,38,1.3235668947822166,0.13157894736842105
2025,BUF,right,guard,72,0.7417945572071601,0.125
2025,BUF,right,tackle,72,1.2175671052601607,0.06944444444444445
2025,CAR,left,end,35,0.4592845780508861,0.14285714285714285
2025,CAR,left,guard,62,-0.44927055749200995,0.0967741935483871
2025,CAR,left,tackle,54,-1.093470719677431,0.2037037037037037
2025,CAR,middle,guard,147,-0.3834530707119275,0.14965986394557823
2025,CAR,right,end,21,4.6918783982594805,0.14285714285714285
2025,CAR,right,guard,58,0.18051361626592147,0.1206896551724138
2025,CAR,right,tackle,34,0.06971972479539731,0.14705882352941177
2025,CHI,left,end,30,-1.0587016284465787,0.2
2025,CHI,left,guard,51,-0.27174193718854117,0.1568627450980392
2025,CHI,left,tackle,51,0.6384520624198169,0.09803921568627451
2025,CHI,middle,guard,69,0.10173747245816249,0.11594202898550725
2025,CHI,right,end,57,2.097709010567582,0.14035087719298245
2025,CHI,right,guard,103,0.17391753949007924,0.1553398058252427
2025,CHI,right,tackle,93,0.4705983515708661,0.10752688172043011
2025,CIN,left,end,20,-0.9929413080215452,0.25
2025,CIN,left,guard,60,0.8737524827321375,0.016666666666666666
2025,CIN,left,tackle,41,1.373476778588644,0.07317073170731707
2025,CIN,middle,guard,84,0.11998941997687046,0.15476190476190477
2025,CIN,right,end,22,-0.4875059778040104,0.18181818181818182
2025,CIN,right,guard,82,-0.8454318184678148,0.10975609756097561
2025,CIN,right,tackle,26,-0.8454706416680263,0.11538461538461539
2025,CLE,left,end,28,-1.5947318843432836,0.32142857142857145
2025,CLE,left,guard,38,-1.6430032472861442,0.21052631578947367
2025,CLE,left,tackle,37,-1.4225702253547876,0.2972972972972973
2025,CLE,middle,guard,102,-0.8391033682753064,0.21568627450980393
2025,CLE,right,end,23,-0.5453245328820268,0.17391304347826086
2025,CLE,right,guard,76,-0.016313861075200404,0.23684210526315788
2025,CLE,right,tackle,50,-0.29034850478172325,0.16
2025,DAL,left,end,23,1.5014743493950884,0.30434782608695654
2025,DAL,left,guard,54,1.2269217222929,0.05555555555555555
2025,DAL,left,tackle,64,0.4014325572643429,0.109375
2025,DAL,middle,guard,125,0.19534685873985264,0.136
2025,DAL,right,end,21,-2.2574055081322077,0.3333333333333333
2025,DAL,right,guard,51,0.369991185618382,0.09803921568627451
2025,DAL,right,tackle,45,0.7599212778939142,0.08888888888888889
2025,DEN,left,end,45,1.588920561472573,0.3111111111111111
2025,DEN,left,guard,56,-0.5674596130847931,0.14285714285714285
2025,DEN,left,tackle,52,-0.8694725896303469,0.1346153846153846
2025,DEN,middle,guard,77,0.06619535212392932,0.14285714285714285
2025,DEN,right,end,41,-0.7413705703688834,0.17073170731707318
2025,DEN,right,guard,52,0.8206325494326067,0.17307692307692307
2025,DEN,right,tackle,61,0.2466325618204525,0.19672131147540983
2025,DET,left,end,35,0.688793420791626,0.2571428571428571
2025,DET,left,guard,40,-0.29755647182464595,0.125
2025,DET,left,tackle,59,-1.3334889351311376,0.1694915254237288
2025,DET,middle,guard,95,1.137469363526295,0.16842105263157894
2025,DET,right,end,43,0.7970658152602444,0.23255813953488372
2025,DET,right,guard,42,1.2148579841568352,0.14285714285714285
2025,DET,right,tackle,92,1.1897921073048006,0.15217391304347827
2025,GB,left,end,37,-1.241281900856946,0.24324324324324326
2025,GB,left,guard,55,-0.610441168871793,0.2909090909090909
2025,GB,left,tackle,48,0.44590604305267334,0.08333333333333333
2025,GB,middle,guard,114,-0.49060208990908505,0.12280701754385964
2025,GB,right,end,40,0.05452371835708643,0.25
2025,GB,right,guard,60,-0.05978827377160397,0.15
2025,GB,right,tackle,53,-0.31241358451123497,0.11320754716981132
2025,HOU,left,end,27,-1.569810135496988,0.3333333333333333
2025,HOU,left,guard,64,-0.44128418527543545,0.28125
2025,HOU,left,tackle,52,-0.5610039348785693,0.17307692307692307
2025,HOU,middle,guard,123,-0.4023653128282811,0.18699186991869918
2025,HOU,right,end,27,1.03964576014766,0.18518518518518517
2025,HOU,right,guard,88,0.6519138216972351,0.11363636363636363
2025,HOU,right,tackle,65,-1.4981798859742974,0.24615384615384617
2025,IND,left,end,29,-0.7126892548182913,0.3793103448275862
2025,IND,left,guard,33,-0.3388983950470437,0.12121212121212122
2025,IND,left,tackle,36,3.3153963353898805,0.16666666666666666
2025,IND,middle,guard,156,0.2286919850187428,0.1346153846153846
2025,IND,right,end,27,0.4966953209152926,0.14814814814814814
2025,IND,right,guard,50,0.8946385848522196,0.16
2025,IND,right,tackle,42,0.6263595251809985,0.09523809523809523
2025,JAX,left,end,62,0.8114125920880215,0.22580645161290322
2025,JAX,left,guard,41,0.16275816937772222,0.24390243902439024
2025,JAX,left,tackle,35,-1.49452725819179,0.14285714285714285
2025,JAX,middle,guard,148,0.1712075490001077,0.16216216216216217
2025,JAX,right,end,39,0.23103085848001362,0.15384615384615385
2025,JAX,right,guard,40,-1.2199060708284377,0.225
2025,JAX,right,tackle,24,2.3211057782173157,0.08333333333333333
2025,KC,left,end,24,0.3138571778933207,0.16666666666666666
2025,KC,left,guard,66,-0.47344380978381984,0.12121212121212122
2025,KC,left,tackle,37,-1.1777695191873088,0.16216216216216217
2025,KC,middle,guard,83,-0.4439948524337216,0.14457831325301204
2025,KC,right,end,23,-0.9803504840187407,0.13043478260869565
2025,KC,right,guard,55,-0.5874219829385929,0.10909090909090909
2025,KC,right,tackle,48,-0.15981320043404945,0.125
2025,LA,left,end,24,1.4404336512088776,0.08333333333333333
2025,LA,left,guard,66,0.25911196614756676,0.07575757575757576
2025,LA,left,tackle,62,1.0405269092129115,0.11290322580645161
2025,LA,middle,guard,160,0.4483671158552167,0.125
2025,LA,right,end,34,2.1123720898347735,0.08823529411764706
2025,LA,right,guard,68,0.33354319281437794,0.1323529411764706
2025,LA,right,tackle,69,0.55867140016694,0.18840579710144928
2025,LAC,left,end,55,1.3572088545018972,0.2
2025,LAC,left,guard,46,-1.1330335295718652,0.21739130434782608
2025,LAC,left,tackle,43,-0.14374622009521287,0.27906976744186046
2025,LAC,middle,guard,112,-1.1047551584030897,0.23214285714285715
2025,LAC,right,end,15,0.6368534564971924,0.2
2025,LAC,right,guard,49,-1.7054156746183124,0.2857142857142857
2025,LAC,right,tackle,51,1.6894720769396012,0.17647058823529413
2025,LV,left,end,18,-1.5346239540312026,0.3333333333333333
2025,LV,left,guard,59,-0.2145315045017316,0.3389830508474576
2025,LV,left,tackle,34,0.43494636872235465,0.17647058823529413
2025,LV,middle,guard,89,-0.979132849178956,0.2808988764044944
2025,LV,right,end,15,-0.008245897293090967,0.26666666666666666
2025,LV,right,guard,66,-0.6284081132122963,0.18181818181818182
2025,LV,right,tackle,27,-1.5434819018399275,0.25925925925925924
2025,MIA,left,end,54,1.4214895764986675,0.24074074074074073
2025,MIA,left,guard,44,-0.04834129322658884,0.2727272727272727
2025,MIA,left,tackle,48,-0.2431752309203148,0.25
2025,MIA,middle,guard,86,0.14525685268779104,0.13953488372093023
2025,MIA,right,end,66,1.5379095113638677,0.15151515151515152
2025,MIA,right,guard,26,-0.036851998705130215,0.3076923076923077
2025,MIA,right,tackle,56,0.34169476106762886,0.25
2025,MIN,left,end,47,0.0694629670457637,0.23404255319148937
2025,MIN,left,guard,34,6.442368030548096e-4,0.11764705882352941
2025,MIN,left,tackle,37,-0.5578676905180956,0.1891891891891892
2025,MIN,middle,guard,102,0.9228695686541347,0.10784313725490197
2025,MIN,right,end,42,-0.26824782575879763,0.16666666666666666
2025,MIN,right,guard,35,0.24230973379952522,0.17142857142857143
2025,MIN,right,tackle,51,-0.8139569262663522,0.19607843137254902
2025,NE,left,end,41,2.20826287385894,0.21951219512195122
2025,NE,left,guard,58,0.3184942407854664,0.20689655172413793
2025,NE,left,tackle,65,-1.2450579083882845,0.3230769230769231
2025,NE,middle,guard,132,-0.3872462777477324,0.20454545454545456
2025,NE,right,end,30,1.7454974373181662,0.2
2025,NE,right,guard,78,0.3210022541192866,0.16666666666666666
2025,NE,right,tackle,56,-0.09008078596421659,0.125
2025,NO,left,end,29,1.0319843292236328,0.06896551724137931
2025,NO,left,guard,55,-0.8519343137741089,0.14545454545454545
2025,NO,left,tackle,24,0.10977327823638916,0.20833333333333334
2025,NO,middle,guard,91,-0.8933520500476546,0.13186813186813187
2025,NO,right,end,22,0.6376059922305024,0.13636363636363635
2025,NO,right,guard,42,-0.4599565863609314,0.11904761904761904
2025,NO,right,tackle,37,-1.63310043231861,0.2702702702702703
2025,NYG,left,end,27,-1.2576395008299088,0.25925925925925924
2025,NYG,left,guard,59,0.630996500031423,0.15254237288135594
2025,NYG,left,tackle,71,-0.1935075395543803,0.09859154929577464
2025,NYG,middle,guard,95,-0.25997458351285846,0.15789473684210525
2025,NYG,right,end,32,0.12558546662330627,0.1875
2025,NYG,right,guard,52,-0.7605857986670276,0.15384615384615385
2025,NYG,right,tackle,61,-0.47855785391369815,0.11475409836065574
2025,NYJ,left,end,36,-1.7484501335355969,0.3611111111111111
2025,NYJ,left,guard,62,-0.1613971706359617,0.1935483870967742
2025,NYJ,left,tackle,42,-0.3822711450713019,0.16666666666666666
2025,NYJ,middle,guard,86,0.7849980031335072,0.11627906976744186
2025,NYJ,right,end,21,1.1305465017046243,0.19047619047619047
2025,NYJ,right,guard,52,-0.8000913995962876,0.1346153846153846
2025,NYJ,right,tackle,35,1.0152208123888287,0.2571428571428571
2025,PHI,left,end,43,1.053425492242325,0.23255813953488372
2025,PHI,left,guard,55,-0.8665073188868437,0.23636363636363636
2025,PHI,left,tackle,54,1.398638195461697,0.25925925925925924
2025,PHI,middle,guard,73,-1.5174830564080855,0.2876712328767123
2025,PHI,right,end,46,1.0607336500416638,0.2391304347826087
2025,PHI,right,guard,70,-0.6965636304446629,0.2
2025,PHI,right,tackle,54,0.1226805867972196,0.12962962962962962
2025,PIT,left,end,52,1.057823685499339,0.17307692307692307
2025,PIT,left,guard,45,-0.7347056309382122,0.044444444444444446
2025,PIT,left,tackle,51,0.427564725571988,0.27450980392156865
2025,PIT,middle,guard,80,-0.5560908205807209,0.15
2025,PIT,right,end,52,0.7019509042684844,0.28846153846153844
2025,PIT,right,guard,42,-0.7204990670794534,0.21428571428571427
2025,PIT,right,tackle,49,0.6323241846902025,0.10204081632653061
2025,SEA,left,end,77,-0.4295897522529988,0.2727272727272727
2025,SEA,left,guard,72,-0.9958361660440762,0.2222222222222222
2025,SEA,left,tackle,54,0.38969209679850886,0.2222222222222222
2025,SEA,middle,guard,136,-0.27084792799809393,0.20588235294117646
2025,SEA,right,end,67,0.055478757886744313,0.19402985074626866
2025,SEA,right,guard,67,1.7054923185661661,0.1044776119402985
2025,SEA,right,tackle,48,-0.12661408508817415,0.1875
2025,SF,left,end,48,-0.8717240790526075,0.22916666666666666
2025,SF,left,guard,69,-0.1392660015735066,0.13043478260869565
2025,SF,left,tackle,41,-0.38245965794819137,0.1951219512195122
2025,SF,middle,guard,108,0.2933825784259371,0.14814814814814814
2025,SF,right,end,50,-1.3917735099792476,0.26
2025,SF,right,guard,65,0.1055582844294038,0.1076923076923077
2025,SF,right,tackle,60,-0.8759275853633881,0.25
2025,TB,left,end,48,-1.6877924793710315,0.3125
2025,TB,left,guard,84,-0.5473669245839119,0.20238095238095238
2025,TB,left,tackle,60,1.0772965451081595,0.05
2025,TB,middle,guard,90,-0.7539129131370123,0.17777777777777778
2025,TB,right,end,27,-1.239638842918255,0.2222222222222222
2025,TB,right,guard,56,-0.11830675601959229,0.19642857142857142
2025,TB,right,tackle,34,-1.0853119597715488,0.17647058823529413
2025,TEN,left,end,27,-0.416224091141312,0.14814814814814814
2025,TEN,left,guard,45,-0.8990790870454577,0.2222222222222222
2025,TEN,left,tackle,42,0.18593766859599528,0.14285714285714285
2025,TEN,middle,guard,94,-0.37546328692994185,0.1276595744680851
2025,TEN,right,end,39,2.9186158547034644,0.1794871794871795
2025,TEN,right,guard,40,-0.19641493260860443,0.125
2025,TEN,right,tackle,41,-0.5747175332976554,0.21951219512195122
2025,WAS,left,end,25,0.7668220758438109,0.16
2025,WAS,left,guard,57,0.09996812385425158,0.17543859649122806
2025,WAS,left,tackle,57,-0.8368370449333862,0.15789473684210525
2025,WAS,middle,guard,96,0.28806664266933973,0.21875
2025,WAS,right,end,20,-0.6384546995162963,0.1
2025,WAS,right,guard,43,-0.43951652770818667,0.16279069767441862
2025,WAS,right,tackle,49,3.0821194867698507,0.12244897959183673
