season,posteam,games,outdoor_share,mean_wind,mean_temp,harsh_share
2020,ARI,3,0,8,60,0
2020,ATL,3,0.6736842105263158,6.526315789473683,58.48421052631579,0
2020,BAL,3,1,5.529702970297034,38.67326732673267,0
2020,BUF,3,1,9.510101010100996,41.03030303030303,0.32323232323232326
2020,CAR,3,1,4.406593406593406,43.28571428571429,0
2020,CHI,3,0.6926829268292682,6.634146341463415,48.34634146341462,0.35609756097560974
2020,CIN,3,0.5696969696969697,9.139393939393939,49.345454545454544,0
2020,CLE,3,1,3.9842931937172774,36.97905759162304,0
2020,DAL,3,0.38144329896907214,7.237113402061856,49.70103092783504,0
2020,DEN,3,0.6411483253588517,13.301435406698564,53.78947368421053,0.28708133971291866
2020,DET,3,0.39156626506024095,6.825301204819278,54.51807228915662,0
2020,GB,3,1,9.419753086419757,30.790123456790123,0.654320987654321
2020,HOU,3,0,8,60,0
2020,IND,3,0.3463687150837989,7.307262569832401,52.03351955307263,0
2020,JAX,3,0.6380368098159509,5.460122699386503,51.803680981595086,0
2020,KC,3,0.5637254901960784,7.519607843137256,50.43627450980392,0
2020,LA,3,0.37305699481865284,5.761658031088083,54.4041450777202,0
2020,LAC,3,0.3701657458563536,7.259668508287294,50.745856353591165,0
2020,LV,3,0.31958762886597936,8.63917525773196,57.76288659793814,0
2020,MIA,3,0.7129186602870813,5.650717703349282,56.70334928229664,0
2020,MIN,3,0,8,60,0
2020,NE,3,1,5.98051948051948,49.97402597402599,0
2020,NO,3,0.3315508021390374,6.010695187165774,59.00534759358289,0
2020,NYG,3,1,3,35.66666666666667,0
2020,NYJ,3,0.6702127659574468,5.98936170212766,43.329787234042556,0
2020,PHI,3,0.3024390243902439,8.604878048780487,53.34634146341462,0
2020,PIT,3,1,7.634920634920635,39.28042328042328,0
2020,SEA,3,0.6337209302325582,6.046511627906975,49.87790697674419,0
2020,SF,3,0,8,60,0
2020,TB,3,0.3247422680412371,6.701030927835053,61.623711340206185,0
2020,TEN,3,0.6363636363636364,8.925133689839575,45.98930481283422,0.28342245989304815
2020,WAS,3,1,7.930348258706467,40.875621890547265,0
2021,ARI,3,0,8,60,0
2021,ATL,3,1,8,60,0
2021,BAL,3,1,8,60,0
2021,BUF,3,1,8,60,0
2021,CAR,3,0.712707182320442,8,60,0
2021,CHI,3,1,8,60,0
2021,CIN,3,1,8,60,0
2021,CLE,3,1,8,60,0
2021,DAL,3,0.34536082474226804,8,60,0
2021,DEN,3,0.422360248447205,8,60,0
2021,DET,3,0.6808510638297872,8,60,0
2021,GB,3,1,8,60,0
2021,HOU,3,1,8,60,0
2021,IND,3,0.6303030303030303,8,60,0
2021,JAX,3,1,8,60,0
2021,KC,3,0.6473684210526316,8,60,0
2021,LA,3,0.30434782608695654,8,60,0
2021,LAC,3,0.29064039408866993,8,60,0
2021,LV,3,0.6524064171122995,8,60,0
2021,MIA,3,0.6888888888888889,8,60,0
2021,MIN,3,0.6407185628742516,8,60,0
2021,NE,3,1,8,60,0
2021,NO,3,0.36942675159235666,8,60,0
2021,NYG,3,1,8,60,0
2021,NYJ,3,1,8,60,0
2021,PHI,3,1,8,60,0
2021,PIT,3,1,8,60,0
2021,SEA,3,0.7076023391812866,8,60,0
2021,SF,3,1,8,60,0
2021,TB,3,1,8,60,0
2021,TEN,3,1,8,60,0
2021,WAS,3,0.6790123456790124,8,60,0
2022,ARI,3,0.6598984771573604,6.842639593908629,53.34517766497462,0
2022,ATL,3,0.34375,8.34375,45.21875,0.34375
2022,BAL,3,1,7.937106918238997,31.522012578616355,0.3270440251572327
2022,BUF,2,1,9.890625,19.03125,1
2022,CAR,3,1,7.184049079754601,46.3680981595092,0.3987730061349693
2022,CHI,3,0.7171052631578947,14.453947368421051,25.41447368421053,0.7171052631578947
2022,CIN,2,1,3.7841726618705036,41.07194244604315,0.5539568345323741
2022,CLE,3,1,16.775862068965512,30.43678160919541,0.3735632183908046
2022,DAL,3,0.6857142857142857,6.947619047619049,56.58095238095238,0
2022,DEN,3,0.6853932584269663,4.561797752808991,47.7191011235955,0
2022,DET,3,0.6494845360824743,10.938144329896902,40.1443298969072,0.30927835051546393
2022,GB,3,1,8.30851063829787,32.71276595744682,0.34574468085106386
2022,HOU,3,0.34054054054054056,10.043243243243245,47.05945945945947,0.34054054054054056
2022,IND,3,0.31213872832369943,9.872832369942195,57.50289017341041,0
2022,JAX,3,0.7055837563451777,11.548223350253807,51.857868020304565,0.3553299492385787
2022,KC,3,0.592391304347826,6.3478260869565215,42.78804347826087,0.2717391304347826
2022,LA,3,0.2585034013605442,6.965986394557822,48.36734693877549,0.2585034013605442
2022,LAC,3,0,8,60,0
2022,LV,3,0.2784090909090909,11.61931818181818,45.80113636363636,0.2784090909090909
2022,MIA,3,1,5.783132530120482,42.83132530120483,0.3373493975903614
2022,MIN,3,0.2722772277227723,7.727722772277227,54.282178217821794,0
2022,NE,3,0.6190476190476191,4.285714285714285,46.14285714285714,0.2976190476190476
2022,NO,3,0.6807228915662651,15.24698795180723,40.3012048192771,0.3253012048192771
2022,NYG,3,0.6577540106951871,11.614973262032086,49.101604278074866,0
2022,NYJ,3,1,10.219653179190754,42.08092485549133,0.3063583815028902
2022,PHI,3,0.6310160427807486,12.171122994652405,42.165775401069524,0.37967914438502676
2022,PIT,3,1,9.905472636815919,33.50746268656716,0.3283582089552239
2022,SEA,3,1,6.311224489795922,37.48469387755101,0.3622448979591837
2022,SF,3,0.6352941176470588,6.305882352941177,58.305882352941175,0
2022,TB,3,1,5.399999999999999,66.81818181818181,0
2022,TEN,3,0.6882352941176471,8.423529411764708,46.44705882352942,0.3176470588235294
2022,WAS,3,1,7.638297872340425,50.170212765957444,0
2023,ARI,3,1,7.175000000000001,52.315,0
2023,ATL,3,0.631578947368421,7.894736842105265,46.78947368421053,0.3333333333333333
2023,BAL,3,1,9.524861878453038,54.93922651933702,0
2023,BUF,3,0.7197802197802198,6.879120879120881,46.57692307692307,0
2023,CAR,3,1,6.497041420118346,56.840236686390526,0
2023,CHI,3,1,7.9900990099009865,42.84653465346535,0.6732673267326733
2023,CIN,3,1,7.420212765957449,45.86702127659575,0
2023,CLE,3,0.6091370558375635,9.659898477157364,51.441624365482234,0.3197969543147208
2023,DAL,3,0.6529411764705882,10.664705882352942,61.21764705882352,0.3352941176470588
2023,DEN,3,0.679144385026738,7.636363636363635,42.78609625668449,0.3315508021390374
2023,DET,3,0,8,60,0
2023,GB,3,0.6178010471204188,5.7277486910994755,56.99476439790575,0
2023,HOU,3,0.35233160621761656,8.352331606217616,55.77202072538861,0
2023,IND,3,0,8,60,0
2023,JAX,3,1,10.679775280898873,61.97752808988764,0
2023,KC,3,1,9.988826815642462,42.29050279329609,0
2023,LA,3,0.29381443298969073,8.587628865979381,54.417525773195884,0
2023,LAC,3,0.34065934065934067,7.318681318681318,53.527472527472526,0
2023,LV,3,0.27956989247311825,8.838709677419356,53.8494623655914,0
2023,MIA,3,1,12.17127071823204,66.45856353591161,0.6464088397790055
2023,MIN,3,0.4025157232704403,6.7924528301886795,57.18238993710692,0
2023,NE,3,1,6.7218543046357615,38.09933774834436,0.3576158940397351
2023,NO,3,0.3770491803278688,6.868852459016392,62.26229508196721,0
2023,NYG,3,0.6914285714285714,7.697142857142857,50.23428571428572,0
2023,NYJ,3,1,6.5050000000000034,53.25500000000001,0.245
2023,PHI,3,1,4.8994708994709,47.682539682539684,0
2023,PIT,3,0.7175141242937854,5.451977401129945,51.316384180790955,0
2023,SEA,3,1,3.291925465838509,51.515527950310556,0
2023,SF,3,1,7.637837837837838,54.27027027027028,0
2023,TB,3,1,8.377142857142857,60.89142857142858,0
2023,TEN,3,0.7080745341614907,6.906832298136645,56.186335403726716,0
2023,WAS,3,0.6346153846153846,5.538461538461538,51.28846153846153,0
2024,ARI,3,0.3128205128205128,8.625641025641025,52.80512820512821,0
2024,ATL,3,0.327683615819209,8.655367231638419,59.344632768361585,0
2024,BAL,3,0.6610169491525424,9.779661016949154,43.79096045197739,0.3446327683615819
2024,BUF,3,0.6363636363636364,8.491978609625665,43.98930481283422,0.6363636363636364
2024,CAR,3,1,8.544217687074829,50.27210884353742,0
2024,CHI,3,0.6352941176470588,6.76470588235294,45.70588235294118,0.3352941176470588
2024,CIN,3,1,8.770833333333334,50.0625,0
2024,CLE,3,1,13.101063829787234,43.425531914893625,0.6914893617021277
2024,DAL,3,0.6994535519125683,8.267759562841528,54.98907103825136,0
2024,DEN,3,0.659217877094972,10.346368715083798,58.324022346368714,0.33519553072625696
2024,DET,3,0.6407766990291263,7.689320388349515,50.368932038834956,0.3106796116504854
2024,GB,3,0.7027027027027027,7.843243243243241,44.697297297297304,0
2024,HOU,3,0.3708609271523179,6.887417218543046,48.87417218543047,0.3708609271523179
2024,IND,3,0.6995073891625616,7.576354679802955,56.14778325123153,0.3448275862068966
2024,JAX,3,0.6858638743455497,10.303664921465964,63.455497382198956,0.2879581151832461
2024,KC,3,1,8.93103448275862,36.310344827586206,0.7093596059113301
2024,LA,3,0.6804733727810651,6.461538461538462,46.360946745562124,0.2958579881656805
2024,LAC,3,0.4207650273224044,6.3169398907103815,51.584699453551906,0
2024,LV,3,0,8,60,0
2024,MIA,3,0.6647727272727273,11.5625,62.92045454545454,0.30113636363636365
2024,MIN,3,0.29949238578680204,7.101522842639595,56.40609137055837,0
2024,NE,3,0.7006369426751592,4.356687898089172,35.05732484076433,0.42038216560509556
2024,NO,3,0.33783783783783783,9.35135135135135,51.21621621621621,0
2024,NYG,3,0.6790123456790124,4.679012345679013,49.59259259259259,0
2024,NYJ,3,1,10.25146198830409,44.654970760233915,0.6842105263157895
2024,PHI,3,1,7.504950495049507,42.89108910891089,0.3316831683168317
2024,PIT,3,1,7.231707317073172,37.13414634146341,0.3475609756097561
2024,SEA,3,1,4.367741935483871,46.10967741935484,0
2024,SF,3,1,8.192771084337348,62.433734939759034,0
2024,TB,3,0.35294117647058826,8,65.64705882352942,0
2024,TEN,3,0.6830601092896175,12.065573770491806,61.202185792349724,0.3333333333333333
2024,WAS,3,0.6732673267326733,8.712871287128714,50.41584158415841,0.31683168316831684
2025,ARI,3,0.30120481927710846,8.301204819277109,61.506024096385545,0
2025,ATL,3,0.3489583333333333,6.953125,58.60416666666667,0
2025,BAL,3,1,6.716049382716048,31.53086419753086,0.2222222222222222
2025,BUF,3,1,8.637362637362637,32.42857142857142,0.6208791208791209
2025,CAR,3,0.6496815286624203,6.089171974522295,54.91719745222931,0
2025,CHI,3,1,5.654054054054054,32.97297297297296,0.32972972972972975
2025,CIN,3,1,7.717171717171718,50.878787878787854,0.3434343434343434
2025,CLE,3,1,12.212499999999997,25.581250000000004,0.7
2025,DAL,3,0.39901477832512317,7.600985221674877,56.009852216748776,0
2025,DEN,3,1,4.75,62.290000000000006,0
2025,DET,3,0,8,60,0
2025,GB,3,1,5.929411764705878,46.635294117647064,0
2025,HOU,3,0,8,60,0
2025,IND,3,0.3433734939759036,8.343373493975903,56.90963855421687,0
2025,JAX,3,0.648936170212766,7.2659574468085095,63.80851063829787,0
2025,KC,3,1,8,57.38059701492537,0
2025,LA,3,0.4131455399061033,11.71830985915493,56.28169014084507,0.4131455399061033
2025,LAC,3,0.3333333333333333,8,60,0
2025,LV,3,0.2753623188405797,11.304347826086955,51.739130434782595,0.2753623188405797
2025,MIA,3,1,5.666666666666667,61.79487179487177,0.2948717948717949
2025,MIN,3,0.36,12.320000000000002,54.959999999999994,0.36
2025,NE,3,1,3.7840909090909087,34.00568181818182,0.6193181818181818
2025,NO,3,0.273224043715847,9.639344262295081,63.00546448087432,0
2025,NYG,3,0.6411764705882353,12.976470588235296,43.64705882352943,0.6411764705882353
2025,NYJ,3,0.6978021978021978,7.708791208791207,53.01098901098903,0.34065934065934067
2025,PHI,3,1,11.327868852459018,36.5792349726776,0.3551912568306011
2025,PIT,3,0.6421052631578947,9.678947368421055,41.673684210526325,0.3105263157894737
2025,SEA,3,1,9.300546448087433,48.24590163934427,0.33879781420765026
2025,SF,3,0.675,5.635000000000001,55.615,0
2025,TB,3,1,5.323863636363635,65.85795454545453,0
2025,TEN,3,1,9.145945945945941,59.14594594594595,0
2025,WAS,3,1,9.317241379310344,38.358620689655176,0.38620689655172413
