season,posteam,games,team_pass_attempts,team_carries,team_rec_yds_exp,team_rec_td_exp,team_rush_td_exp,pass_attempts_pg,carries_pg
2020,ARI,16,575,479,4407.010000000001,28.349999999999998,24.05,35.9375,29.9375
2020,ATL,16,628,409,5048.41,36.04,13.109999999999998,39.25,25.5625
2020,BAL,16,406,555,3096.61,27.42,22.04,25.375,34.6875
2020,BUF,16,596,411,4643.38,41.16,19.239999999999995,37.25,25.6875
2020,CAR,16,550,407,4082.71,21.65,17.8,34.375,25.4375
2020,CHI,16,614,393,4318.15,30.619999999999997,15.009999999999998,38.375,24.5625
2020,CIN,16,581,411,4191.59,26.519999999999996,12.87,36.3125,25.6875
2020,CLE,16,501,495,3907.1000000000004,33.14,19.599999999999998,31.3125,30.9375
2020,DAL,16,639,430,4736.0599999999995,29.76,18.450000000000003,39.9375,26.875
2020,DEN,16,556,442,4033.0600000000004,23.54,11.150000000000002,34.75,27.625
2020,DET,16,582,367,4594.52,28.24,15.780000000000001,36.375,22.9375
2020,GB,16,526,443,4077.84,40,15.91,32.875,27.6875
2020,HOU,16,546,344,4287.879999999999,33.92,11.83,34.125,21.5
2020,IND,16,552,459,4220.94,26.69,20.09,34.5,28.6875
2020,JAX,16,616,337,4502.75,27.859999999999996,5.59,38.5,21.0625
2020,KC,16,630,403,5009.19,40.98,15,39.375,25.1875
2020,LA,16,590,473,4361.12,22.729999999999997,25.66,36.875,29.5625
2020,LAC,16,627,466,4613.049999999999,31.740000000000002,16.64,39.1875,29.125
2020,LV,16,551,457,4260.610000000001,34.970000000000006,16.35,34.4375,28.5625
2020,MIA,16,559,428,4174.3099999999995,30.09,19.68,34.9375,26.75
2020,MIN,16,516,468,4016.2699999999995,32.79,22.549999999999997,32.25,29.25
2020,NE,16,440,502,3290.3499999999995,13.729999999999999,23.21,27.5,31.375
2020,NO,16,522,494,3887.56,27.58,24.81,32.625,30.875
2020,NYG,16,517,399,3719.8200000000006,19.290000000000003,11.900000000000002,32.3125,24.9375
2020,NYJ,16,499,406,3478.9400000000005,17.77,9.52,31.1875,25.375
2020,PHI,16,598,403,4369.96,23.43,12.809999999999999,37.375,25.1875
2020,PIT,16,656,373,4474.53,32.74,17.380000000000003,41,23.3125
2020,SEA,16,563,411,4353.699999999999,40.49,14.629999999999999,35.1875,25.6875
2020,SF,16,570,437,4151.8099999999995,23.64,15.95,35.625,27.3125
2020,TB,16,626,369,4974.790000000001,42.74,13.639999999999999,39.125,23.0625
2020,TEN,16,485,521,3835.7500000000005,28.049999999999997,20.810000000000002,30.3125,32.5625
2020,WAS,16,601,400,4021.5499999999997,19.549999999999997,16.939999999999998,37.5625,25
2021,ARI,17,591,496,4481.720000000001,33.94,23.51,34.76470588235294,29.176470588235293
2021,ATL,17,573,393,4146.759999999998,24.650000000000002,10.439999999999998,33.705882352941174,23.11764705882353
2021,BAL,17,611,517,4594.419999999999,27.999999999999996,16.490000000000002,35.94117647058823,30.41176470588235
2021,BUF,17,655,461,4917.499999999999,46.04999999999999,21.39,38.529411764705884,27.11764705882353
2021,CAR,17,599,455,4306.96,20.869999999999994,14.939999999999998,35.23529411764706,26.764705882352942
2021,CHI,17,542,475,3896.1,21.39,17.099999999999998,31.88235294117647,27.941176470588236
2021,CIN,17,555,436,4036.1800000000003,26.36,14.77,32.64705882352941,25.647058823529413
2021,CLE,17,520,485,3983.09,23.480000000000004,15.64,30.58823529411765,28.529411764705884
2021,DAL,17,647,473,5103.479999999999,38.6,16.17,38.05882352941177,27.823529411764707
2021,DEN,17,541,455,4013.71,22.599999999999998,16.77,31.823529411764707,26.764705882352942
2021,DET,17,593,427,4041.070000000001,20.76,10.920000000000002,34.88235294117647,25.11764705882353
2021,GB,17,593,446,4252.62,41.309999999999995,16.77,34.88235294117647,26.235294117647058
2021,HOU,17,546,420,3799.2699999999995,19.630000000000003,9.549999999999999,32.11764705882353,24.705882352941178
2021,IND,17,521,499,3798.6800000000003,28.61,21.349999999999998,30.647058823529413,29.352941176470587
2021,JAX,17,604,392,4324.870000000001,21.96,12.780000000000003,35.529411764705884,23.058823529411764
2021,KC,17,675,431,5268.92,39.86,17.97,39.705882352941174,25.352941176470587
2021,LA,17,607,420,4835.5199999999995,42.89000000000001,15.18,35.705882352941174,24.705882352941178
2021,LAC,17,674,423,5012.17,41.099999999999994,18.18,39.64705882352941,24.88235294117647
2021,LV,17,628,414,4834.49,28.979999999999997,14.04,36.94117647058823,24.352941176470587
2021,MIA,17,615,442,4384.419999999999,27.340000000000003,17.28,36.1764705882353,26
2021,MIN,17,604,449,4719.56,30.199999999999996,13.870000000000001,35.529411764705884,26.41176470588235
2021,NE,17,535,489,4036.4799999999996,25.129999999999995,18.589999999999996,31.470588235294116,28.764705882352942
2021,NO,17,504,510,3535.91,24.94,13.83,29.647058823529413,30
2021,NYG,17,593,419,4137.239999999999,21.640000000000004,9.879999999999999,34.88235294117647,24.647058823529413
2021,NYJ,17,603,380,4232.17,20.380000000000003,17.740000000000006,35.470588235294116,22.352941176470587
2021,PHI,17,494,550,3618.21,25.700000000000003,27.54,29.058823529411764,32.35294117647059
2021,PIT,17,664,411,4407.029999999999,29.840000000000003,11.190000000000001,39.05882352941177,24.176470588235293
2021,SEA,17,495,413,3741.46,25.869999999999997,12.600000000000001,29.11764705882353,24.294117647058822
2021,SF,17,514,499,4003.6500000000005,24.24,14.399999999999999,30.235294117647058,29.352941176470587
2021,TB,17,731,385,5908.359999999999,47.099999999999994,16.55,43,22.647058823529413
2021,TEN,17,535,551,4041.88,29.769999999999996,17.98,31.470588235294116,32.411764705882355
2021,WAS,17,550,477,3879.3199999999997,22.319999999999997,17.75,32.35294117647059,28.058823529411764
2022,ARI,17,664,434,4645.96,23.429999999999996,12.919999999999998,39.05882352941177,25.529411764705884
2022,ATL,17,415,559,3171.63,19.84,19.27,24.41176470588235,32.88235294117647
2022,BAL,17,488,526,3513.6299999999997,27.07,17.08,28.705882352941178,30.941176470588236
2022,BUF,16,574,430,4552.53,36.97,15.430000000000001,35.875,26.875
2022,CAR,17,457,483,3151.5099999999998,17.48,13.02,26.88235294117647,28.41176470588235
2022,CHI,17,377,558,2673.2899999999995,13.479999999999999,17.679999999999996,22.176470588235293,32.8235294117647
2022,CIN,16,610,399,4296.490000000001,32.830000000000005,16.34,38.125,24.9375
2022,CLE,17,540,532,3744.92,25.760000000000005,13.239999999999998,31.764705882352942,31.294117647058822
2022,DAL,17,556,531,4196.02,26.450000000000003,18.94,32.705882352941174,31.235294117647058
2022,DEN,17,571,444,3932.1,24.779999999999998,11.56,33.588235294117645,26.11764705882353
2022,DET,17,588,480,4433.91,32.699999999999996,22.569999999999997,34.588235294117645,28.235294117647058
2022,GB,17,563,456,4038.8499999999995,30.45,12.29,33.11764705882353,26.823529411764707
2022,HOU,17,579,398,4037.27,21.38,10.79,34.05882352941177,23.41176470588235
2022,IND,17,604,439,4051.79,21.299999999999997,12.350000000000001,35.529411764705884,25.823529411764707
2022,JAX,17,596,448,4185.489999999999,28.169999999999995,18.610000000000003,35.05882352941177,26.352941176470587
2022,KC,17,651,417,4898.56,45.53000000000001,18.32,38.294117647058826,24.529411764705884
2022,LA,17,531,411,3623.1900000000005,24.719999999999995,12.700000000000001,31.235294117647058,24.176470588235293
2022,LAC,17,711,404,5058.800000000001,39.540000000000006,13.39,41.8235294117647,23.764705882352942
2022,LV,17,586,428,4586.11,29.940000000000005,11.259999999999998,34.470588235294116,25.176470588235293
2022,MIA,17,584,390,4692.12,24.190000000000005,10.19,34.35294117647059,22.941176470588236
2022,MIN,17,672,404,4955.65,36.190000000000005,17.93,39.529411764705884,23.764705882352942
2022,NE,17,540,425,3900.3300000000004,20.52,11.640000000000002,31.764705882352942,25
2022,NO,17,512,465,3813.35,19.98,11,30.11764705882353,27.352941176470587
2022,NYG,17,520,520,3479.2999999999997,13.200000000000001,17.349999999999998,30.58823529411765,30.58823529411765
2022,NYJ,17,627,405,4340.360000000001,20.160000000000004,12.860000000000003,36.88235294117647,23.823529411764707
2022,PHI,17,536,544,4140.450000000001,23.67,31.4,31.529411764705884,32
2022,PIT,17,571,500,3878.5499999999997,21.959999999999997,17.53,33.588235294117645,29.41176470588235
2022,SEA,17,573,425,4127.4400000000005,29.329999999999995,10.69,33.705882352941174,25
2022,SF,17,512,504,3706.23,22.800000000000004,23.35,30.11764705882353,29.647058823529413
2022,TB,17,751,386,5153.97,34.88999999999999,10.19,44.1764705882353,22.705882352941178
2022,TEN,17,456,487,3167.9700000000007,17.96,11.570000000000002,26.823529411764707,28.647058823529413
2022,WAS,17,554,538,3759.78,23.89,17.499999999999996,32.588235294117645,31.647058823529413
2023,ARI,17,555,471,3875.92,19.369999999999997,14.230000000000002,32.64705882352941,27.705882352941178
2023,ATL,17,530,522,3833.8300000000004,19.520000000000003,14.059999999999999,31.176470588235293,30.705882352941178
2023,BAL,17,494,541,3646.9900000000007,24.84,25.139999999999997,29.058823529411764,31.823529411764707
2023,BUF,17,579,512,4282.5599999999995,28.790000000000003,25.089999999999996,34.05882352941177,30.11764705882353
2023,CAR,17,586,445,3860.33,14.51,10.17,34.470588235294116,26.176470588235293
2023,CHI,17,513,534,3445.0400000000004,23.72,17.71,30.176470588235293,31.41176470588235
2023,CIN,17,615,383,4184.22,25.410000000000007,17.72,36.1764705882353,22.529411764705884
2023,CLE,17,624,518,4184.02,24.18,12.79,36.705882352941174,30.470588235294116
2023,DAL,17,614,468,4520.84,43.64,21.530000000000005,36.11764705882353,27.529411764705884
2023,DEN,17,513,451,3373.05,27.169999999999998,13.459999999999997,30.176470588235293,26.529411764705884
2023,DET,17,606,500,4591.23,27.839999999999996,23.64,35.64705882352941,29.41176470588235
2023,GB,17,581,441,4107.33,29.250000000000004,15.610000000000001,34.1764705882353,25.941176470588236
2023,HOU,17,592,444,4526.240000000001,27.29,17.57,34.8235294117647,26.11764705882353
2023,IND,17,574,479,4092.9300000000003,19.139999999999993,19.45,33.76470588235294,28.176470588235293
2023,JAX,17,620,453,4403.580000000001,25.79,16.549999999999997,36.470588235294116,26.647058823529413
2023,KC,17,635,417,4385.219999999999,29.78,13.750000000000002,37.35294117647059,24.529411764705884
2023,LA,17,583,477,4220.82,31.870000000000005,19.03,34.294117647058826,28.058823529411764
2023,LAC,17,632,431,4460.51,31.739999999999995,19.2,37.1764705882353,25.352941176470587
2023,LV,17,557,413,4009.36,21.55,13.310000000000002,32.76470588235294,24.294117647058822
2023,MIA,17,566,456,4335.03,30.46,18.990000000000002,33.294117647058826,26.823529411764707
2023,MIN,17,631,393,4648.19,31.89,11.489999999999998,37.11764705882353,23.11764705882353
2023,NE,17,557,415,3789.8599999999997,14.329999999999998,6.010000000000002,32.76470588235294,24.41176470588235
2023,NO,17,606,480,4327.579999999999,29.45,20.06,35.64705882352941,28.235294117647058
2023,NYG,17,518,454,3341.67,13.84,9.17,30.470588235294116,26.705882352941178
2023,NYJ,17,601,388,3765.1199999999994,14.84,5.08,35.35294117647059,22.823529411764707
2023,PHI,17,563,510,4226.110000000001,22.729999999999997,25.179999999999996,33.11764705882353,30
2023,PIT,17,506,487,3388.6800000000007,15.2,13.81,29.764705882352942,28.647058823529413
2023,SEA,17,575,382,4010.1800000000003,25.760000000000005,14.790000000000001,33.8235294117647,22.470588235294116
2023,SF,17,491,499,3777.0699999999997,25.080000000000005,23.66,28.88235294117647,29.352941176470587
2023,TB,17,568,439,4000.39,27.19,11.409999999999997,33.411764705882355,25.823529411764707
2023,TEN,17,494,444,3432.8,19.34,11.820000000000002,29.058823529411764,26.11764705882353
2023,WAS,17,636,359,4234.320000000001,28.4,13.3,37.411764705882355,21.11764705882353
2024,ARI,17,543,463,3978.17,26.7,15.83,31.941176470588236,27.235294117647058
2024,ATL,17,559,495,4267.95,21.64,17.52,32.88235294117647,29.11764705882353
2024,BAL,17,477,554,3662.55,27.78,19.220000000000002,28.058823529411764,32.588235294117645
2024,BUF,17,520,491,3811.41,30.220000000000002,25.099999999999998,30.58823529411765,28.88235294117647
2024,CAR,17,547,410,3793.5300000000007,25.509999999999998,16.73,32.1764705882353,24.11764705882353
2024,CHI,17,566,431,3882.0399999999995,24.23,13.750000000000002,33.294117647058826,25.352941176470587
2024,CIN,17,652,380,4518.3099999999995,45.910000000000004,15.530000000000001,38.35294117647059,22.352941176470587
2024,CLE,17,661,391,4366.74,22.330000000000002,11.730000000000004,38.88235294117647,23
2024,DAL,17,637,429,4507.28,25.8,11.14,37.470588235294116,25.235294117647058
2024,DEN,17,570,461,3907,25.05,16.36,33.529411764705884,27.11764705882353
2024,DET,17,551,534,4390.549999999998,33.86,28.169999999999998,32.411764705882355,31.41176470588235
2024,GB,17,479,526,3524.6200000000003,26.869999999999994,20.400000000000002,28.176470588235293,30.941176470588236
2024,HOU,17,570,434,4389,28.1,14.360000000000001,33.529411764705884,25.529411764705884
2024,IND,17,513,496,4020.5400000000004,22.430000000000003,23.08,30.176470588235293,29.176470588235293
2024,JAX,17,546,414,3948.3700000000003,24.12,15.319999999999997,32.11764705882353,24.352941176470587
2024,KC,17,600,450,4051.980000000001,32.99,16.869999999999994,35.294117647058826,26.470588235294116
2024,LA,17,559,450,4085.84,26.88,15.12,32.88235294117647,26.470588235294116
2024,LAC,17,510,463,3806.7599999999993,24.329999999999995,17.59,30,27.235294117647058
2024,LV,17,635,380,4189.500000000001,20.4,14.370000000000001,37.35294117647059,22.352941176470587
2024,MIA,17,591,448,4079.16,26.509999999999998,14.44,34.76470588235294,26.352941176470587
2024,MIN,17,548,457,4290.429999999999,37.74000000000001,14.590000000000002,32.23529411764706,26.88235294117647
2024,NE,17,529,446,3376.08,19.839999999999996,12.520000000000001,31.11764705882353,26.235294117647058
2024,NO,17,551,444,4045.0600000000004,20.58,12.6,32.411764705882355,26.11764705882353
2024,NYG,17,591,424,3770.5999999999995,18.11,12.68,34.76470588235294,24.941176470588236
2024,NYJ,17,607,363,4013.8599999999997,30.72,7.639999999999999,35.705882352941174,21.352941176470587
2024,PHI,17,448,621,3197.5000000000005,22.89,29.099999999999998,26.352941176470587,36.529411764705884
2024,PIT,17,499,533,3346.3799999999997,21.090000000000003,16.09,29.352941176470587,31.352941176470587
2024,SEA,17,593,383,4156.56,22.74,14.57,34.88235294117647,22.529411764705884
2024,SF,17,533,457,4134.56,28.110000000000003,18.61,31.352941176470587,26.88235294117647
2024,TB,17,571,483,4214.9,33.660000000000004,17.02,33.588235294117645,28.41176470588235
2024,TEN,17,530,450,3566.6699999999996,18.080000000000002,8.410000000000002,31.176470588235293,26.470588235294116
2024,WAS,17,525,526,3873.400000000001,27.449999999999996,27.929999999999996,30.88235294117647,30.941176470588236
2025,ARI,17,649,366,4585.070000000001,32.769999999999996,14.299999999999999,38.1764705882353,21.529411764705884
2025,ATL,17,545,477,4087.56,19.61,15.260000000000002,32.05882352941177,28.058823529411764
2025,BAL,17,422,507,3139.9300000000003,21.4,22.48,24.823529411764707,29.823529411764707
2025,BUF,17,495,547,3746.11,25.700000000000003,26.66,29.11764705882353,32.1764705882353
2025,CAR,17,515,461,3474.2099999999996,21.93,10.049999999999999,30.294117647058822,27.11764705882353
2025,CHI,17,574,505,4466.09,28.56,18.470000000000002,33.76470588235294,29.705882352941178
2025,CIN,17,640,381,4528.9800000000005,30.299999999999994,11.43,37.64705882352941,22.41176470588235
2025,CLE,17,558,421,3519.3599999999997,16.570000000000004,14.010000000000003,32.8235294117647,24.764705882352942
2025,DAL,17,624,465,4734.340000000001,41.650000000000006,18.990000000000002,36.705882352941174,27.352941176470587
2025,DEN,17,613,456,4283.049999999999,29.339999999999993,13.42,36.05882352941177,26.823529411764707
2025,DET,17,582,442,4416.89,30.560000000000006,17.12,34.23529411764706,26
2025,GB,17,489,492,3682.13,24.790000000000003,17.300000000000004,28.764705882352942,28.941176470588236
2025,HOU,17,582,475,4177.139999999999,27.98,16.63,34.23529411764706,27.941176470588236
2025,IND,17,547,442,4148.86,27.320000000000007,24.740000000000002,32.1764705882353,26
2025,JAX,17,563,489,4365.3,30.98,22.849999999999998,33.11764705882353,28.764705882352942
2025,KC,17,584,430,4032.8100000000004,32.1,15.060000000000002,34.35294117647059,25.294117647058822
2025,LA,17,597,465,4704.820000000001,43.919999999999995,19.569999999999997,35.11764705882353,27.352941176470587
2025,LAC,17,569,466,4025.17,29.11,15.870000000000001,33.470588235294116,27.41176470588235
2025,LV,17,515,369,3335.4400000000005,18.499999999999996,8.190000000000001,30.294117647058822,21.705882352941178
2025,MIA,17,479,432,3439.9599999999996,19.66,11.249999999999998,28.176470588235293,25.41176470588235
2025,MIN,17,484,410,3409.4399999999996,26.740000000000002,11.760000000000002,28.470588235294116,24.11764705882353
2025,NE,17,502,494,3908.2700000000004,30.75,20.32,29.529411764705884,29.058823529411764
2025,NO,17,591,435,4061.240000000001,19.72,11.599999999999998,34.76470588235294,25.58823529411765
2025,NYG,17,526,511,3655.2700000000004,27.78,21.040000000000003,30.941176470588236,30.058823529411764
2025,NYJ,17,494,456,3106.2900000000004,15.029999999999996,9.26,29.058823529411764,26.823529411764707
2025,PHI,17,497,478,3750.7200000000007,21.869999999999997,20.699999999999996,29.235294117647058,28.11764705882353
2025,PIT,17,550,407,3655.69,26.300000000000004,19.47,32.35294117647059,23.941176470588236
2025,SEA,17,481,507,3639.1,26.38,18.730000000000004,28.294117647058822,29.823529411764707
2025,SF,17,574,481,4258.21,32.23,19.61,33.76470588235294,28.294117647058822
2025,TB,17,558,472,4235.01,25.88,14.53,32.8235294117647,27.764705882352942
2025,TEN,17,570,378,3757.7000000000003,16.18,8.790000000000001,33.529411764705884,22.235294117647058
2025,WAS,17,469,484,3401.58,23.300000000000004,21.540000000000003,27.58823529411765,28.470588235294116
